Kenya-Nyanza,Bliss Gvis Pharma Ltd,1
Kenya-Nyanza,Comet Healthcare Ltd,1
Kenya-Nyanza,Comet Healthcare Ltd,1
Kenya-Nyanza,Cosmos,1
Kenya-Nyanza,Farmaceuticos L. Sadecv,1
Kenya-Kakamega,FARMACEUTICUS LAKECITY S.A DF,1
Kenya-Nyanza,FARMACEUTICUS LAKECITY S.A DF,1
Kenya-Nyanza,Gesto Pharmaceuticals Ltd,1
Kenya-Nyanza,Laboratory and Allied,1
Kenya-Nairobi,Mepro Pharmaceuticals PVT Ltd,1
Kenya-Eldoret,Umedica Laboratories Pvt Ltd,1
Kenya-Nyanza,Umedica Laboratories Pvt Ltd,1
Kenya-Western,Urnav B.V.,1
Kenya-Coast,Ajanta,0
Kenya-Coast,Ajanta,0
Kenya-Coast,Ajanta,0
Kenya-Coast,Ajanta,0
Kenya-Coast,Ajanta,0
Kenya-Coast,Ajanta,0
Kenya-Coast,Ajanta,0
Kenya-Coast,Ajanta,0
Kenya-Coast,Ajanta,0
Kenya-Coast,Ajanta,0
Kenya-Coast,Ajanta,0
Kenya-Coast,Ajanta,0
Kenya-Coast,Ajanta,0
Kenya-Eldoret,Ajanta,0
Kenya-Eldoret,Ajanta,0
Kenya-Eldoret,Ajanta,0
Kenya-Kakamega,Ajanta,0
Kenya-Kakamega,Ajanta,0
Kenya-Kakamega,Ajanta,0
Kenya-Kakamega,Ajanta,0
Kenya-Kakamega,Ajanta,0
Kenya-Kakamega,Ajanta,0
Kenya-Kakamega,Ajanta,0
Kenya-Kakamega,Ajanta,0
Kenya-Kakamega,Ajanta,0
Kenya-Kakamega,Ajanta,0
Kenya-Kakamega,Ajanta,0
Kenya-Kakamega,Ajanta,0
Kenya-Kakamega,Ajanta,0
Kenya-Kakamega,Ajanta,0
Kenya-Kakamega,Ajanta,0
Kenya-Kakamega,Ajanta,0
Kenya-Kakamega,Ajanta,0
Kenya-Nairobi,Ajanta,0
Kenya-Nairobi,Ajanta,0
Kenya-Nairobi,Ajanta,0
Kenya-Nairobi,Ajanta,0
Kenya-Nairobi,Ajanta,0
Kenya-Nairobi,Ajanta,0
Kenya-Nairobi,Ajanta,0
Kenya-Nairobi,Ajanta,0
Kenya-Nairobi,Ajanta,0
Kenya-Nairobi,Ajanta,0
Kenya-Nairobi,Ajanta,0
Kenya-Nyanza,Ajanta,0
Kenya-Nyanza,Ajanta,0
Kenya-Nyanza,Ajanta,0
Kenya-Nyanza,Ajanta,0
Kenya-Nyanza,Ajanta,0
Kenya-Nyanza,Ajanta,0
Kenya-Nyanza,Ajanta,0
Kenya-Nyanza,Ajanta,0
Kenya-Nyanza,Ajanta,0
Kenya-Nyanza,Ajanta,0
Kenya-Nyanza,Ajanta,0
Kenya-Coast,Ajanta,0
Kenya-Coast,Ajanta,0
Kenya-Coast,Ajanta,0
Kenya-Coast,Ajanta,0
Kenya-Coast,Ajanta,0
Kenya-Coast,Ajanta,0
Kenya-Coast,Ajanta,0
Kenya-Coast,Ajanta,0
Kenya-Coast,Ajanta,0
Kenya-Coast,Ajanta,0
Kenya-Coast,Ajanta,0
Kenya-Coast,Ajanta,0
Kenya-Eldoret,Ajanta,0
Kenya-Eldoret,Ajanta,0
Kenya-Eldoret,Ajanta,0
Kenya-Nairobi,Ajanta,0
Kenya-Nairobi,Ajanta,0
Kenya-Nairobi,Ajanta,0
Kenya-Nairobi,Ajanta,0
Kenya-Nairobi,Ajanta,0
Kenya-Nairobi,Ajanta,0
Kenya-Nairobi,Ajanta,0
Kenya-Nairobi,Ajanta,0
Kenya-Nairobi,Ajanta,0
Kenya-Nairobi,Ajanta,0
Kenya-Nairobi,Ajanta,0
Kenya-Nairobi,Ajanta,0
Kenya-Nairobi,Ajanta,0
Kenya-Nyanza,Ajanta,0
Kenya-Nyanza,Ajanta,0
Kenya-Nyanza,Ajanta,0
Kenya-Nyanza,Ajanta,0
Kenya-Nyanza,Ajanta,0
Kenya-Nyanza,Ajanta,0
Kenya-Nyanza,Ajanta,0
Kenya-Western,Ajanta,0
Kenya-Western,Ajanta,0
Kenya-Western,Ajanta,0
Kenya-Western,Ajanta,0
Kenya-Western,Ajanta,0
Kenya-Western,Ajanta,0
Kenya-Western,Ajanta,0
Kenya-Western,Ajanta,0
Kenya-Western,Ajanta,0
Kenya-Coast,Beijing Novartis Ltd,0
Kenya-Coast,Beijing Novartis Ltd,0
Kenya-Coast,Beijing Novartis Ltd,0
Kenya-Coast,Beijing Novartis Ltd,0
Kenya-Eldoret,Beijing Novartis Ltd,0
Kenya-Eldoret,Beijing Novartis Ltd,0
Kenya-Eldoret,Beijing Novartis Ltd,0
Kenya-Eldoret,Beijing Novartis Ltd,0
Kenya-Western,Beijing Novartis Ltd,0
Kenya-Western,Beijing Novartis Ltd,0
Kenya-Western,Beijing Novartis Ltd,0
Kenya-Western,Beijing Novartis Ltd,0
Kenya-Western,Beijing Novartis Ltd,0
Kenya-Western,Beijing Novartis Ltd,0
Kenya-Western,Beijing Novartis Ltd,0
Kenya-Kakamega,Biodeal Laboratories Ltd,0
Kenya-Nyanza,Biodeal Laboratories Ltd,0
Kenya-Nyanza,Biodeal Laboratories Ltd,0
Kenya-Western,Biodeal Laboratories Ltd,0
Kenya-Western,Biodeal Laboratories Ltd,0
Kenya-Coast,Bliss Gvis Pharma Ltd,0
Kenya-Eldoret,Bliss Gvis Pharma Ltd,0
Kenya-Eldoret,Bliss Gvis Pharma Ltd,0
Kenya-Nairobi,Bliss Gvis Pharma Ltd,0
Kenya-Nairobi,Bliss Gvis Pharma Ltd,0
Kenya-Nairobi,Bliss Gvis Pharma Ltd,0
Kenya-Nairobi,Bliss Gvis Pharma Ltd,0
Kenya-Nairobi,Bliss Gvis Pharma Ltd,0
Kenya-Nairobi,Bliss Gvis Pharma Ltd,0
Kenya-Nairobi,Bliss Gvis Pharma Ltd,0
Kenya-Nairobi,Bliss Gvis Pharma Ltd,0
Kenya-Nairobi,Bliss Gvis Pharma Ltd,0
Kenya-Nairobi,Bliss Gvis Pharma Ltd,0
Kenya-Nairobi,Bliss Gvis Pharma Ltd,0
Kenya-Nairobi,Bliss Gvis Pharma Ltd,0
Kenya-Nairobi,Bliss Gvis Pharma Ltd,0
Kenya-Nyanza,Bliss Gvis Pharma Ltd,0
Kenya-Nyanza,Bliss Gvis Pharma Ltd,0
Kenya-Western,Bliss Gvis Pharma Ltd,0
Kenya-Western,Bliss Gvis Pharma Ltd,0
Kenya-Western,Bliss Gvis Pharma Ltd,0
Kenya-Western,Bliss Gvis Pharma Ltd,0
Kenya-Western,Bliss Gvis Pharma Ltd,0
Kenya-Western,Bliss Gvis Pharma Ltd,0
Kenya-Coast,Bliss Gvis Pharma Ltd,0
Kenya-Coast,Bliss Gvis Pharma Ltd,0
Kenya-Coast,Bliss Gvis Pharma Ltd,0
Kenya-Coast,Bliss Gvis Pharma Ltd,0
Kenya-Coast,Bliss Gvis Pharma Ltd,0
Kenya-Coast,Bliss Gvis Pharma Ltd,0
Kenya-Coast,Bliss Gvis Pharma Ltd,0
Kenya-Coast,Bliss Gvis Pharma Ltd,0
Kenya-Coast,Bliss Gvis Pharma Ltd,0
Kenya-Coast,Bliss Gvis Pharma Ltd,0
Kenya-Coast,Bliss Gvis Pharma Ltd,0
Kenya-Eldoret,Bliss Gvis Pharma Ltd,0
Kenya-Eldoret,Bliss Gvis Pharma Ltd,0
Kenya-Eldoret,Bliss Gvis Pharma Ltd,0
Kenya-Eldoret,Bliss Gvis Pharma Ltd,0
Kenya-Eldoret,Bliss Gvis Pharma Ltd,0
Kenya-Eldoret,Bliss Gvis Pharma Ltd,0
Kenya-Kakamega,Bliss Gvis Pharma Ltd,0
Kenya-Kakamega,Bliss Gvis Pharma Ltd,0
Kenya-Kakamega,Bliss Gvis Pharma Ltd,0
Kenya-Nairobi,Bliss Gvis Pharma Ltd,0
Kenya-Nairobi,Bliss Gvis Pharma Ltd,0
Kenya-Nairobi,Bliss Gvis Pharma Ltd,0
Kenya-Nairobi,Bliss Gvis Pharma Ltd,0
Kenya-Nairobi,Bliss Gvis Pharma Ltd,0
Kenya-Nairobi,Bliss Gvis Pharma Ltd,0
Kenya-Nairobi,Bliss Gvis Pharma Ltd,0
Kenya-Nairobi,Bliss Gvis Pharma Ltd,0
Kenya-Nairobi,Bliss Gvis Pharma Ltd,0
Kenya-Nairobi,Bliss Gvis Pharma Ltd,0
Kenya-Nairobi,Bliss Gvis Pharma Ltd,0
Kenya-Nairobi,Bliss Gvis Pharma Ltd,0
Kenya-Nairobi,Bliss Gvis Pharma Ltd,0
Kenya-Nairobi,Bliss Gvis Pharma Ltd,0
Kenya-Nairobi,Bliss Gvis Pharma Ltd,0
Kenya-Nairobi,Bliss Gvis Pharma Ltd,0
Kenya-Nairobi,Bliss Gvis Pharma Ltd,0
Kenya-Nairobi,Bliss Gvis Pharma Ltd,0
Kenya-Nairobi,Bliss Gvis Pharma Ltd,0
Kenya-Nyanza,Bliss Gvis Pharma Ltd,0
Kenya-Nyanza,Bliss Gvis Pharma Ltd,0
Kenya-Coast,Cipla Ltd.,0
Kenya-Coast,Cipla Ltd.,0
Kenya-Coast,Cipla Ltd.,0
Kenya-Coast,Cipla Ltd.,0
Kenya-Coast,Cipla Ltd.,0
Kenya-Coast,Cipla Ltd.,0
Kenya-Coast,Cipla Ltd.,0
Kenya-Coast,Cipla Ltd.,0
Kenya-Eldoret,Cipla Ltd.,0
Kenya-Eldoret,Cipla Ltd.,0
Kenya-Eldoret,Cipla Ltd.,0
Kenya-Eldoret,Cipla Ltd.,0
Kenya-Eldoret,Cipla Ltd.,0
Kenya-Kakamega,Cipla Ltd.,0
Kenya-Kakamega,Cipla Ltd.,0
Kenya-Nairobi,Cipla Ltd.,0
Kenya-Nyanza,Cipla Ltd.,0
Kenya-Nyanza,Cipla Ltd.,0
Kenya-Nyanza,Cipla Ltd.,0
Kenya-Eldoret,Cipla Ltd.,0
Kenya-Eldoret,Cipla Ltd.,0
Kenya-Eldoret,Cipla Ltd.,0
Kenya-Nairobi,Cipla Ltd.,0
Kenya-Nairobi,Cipla Ltd.,0
Kenya-Western,Cipla Ltd.,0
Kenya-Western,Cipla Ltd.,0
Kenya-Coast,Cosmos,0
Kenya-Coast,Cosmos,0
Kenya-Coast,Cosmos,0
Kenya-Coast,Cosmos,0
Kenya-Coast,Cosmos,0
Kenya-Coast,Cosmos,0
Kenya-Coast,Cosmos,0
Kenya-Coast,Cosmos,0
Kenya-Eldoret,Cosmos,0
Kenya-Eldoret,Cosmos,0
Kenya-Eldoret,Cosmos,0
Kenya-Kakamega,Cosmos,0
Kenya-Kakamega,Cosmos,0
Kenya-Kakamega,Cosmos,0
Kenya-Kakamega,Cosmos,0
Kenya-Kakamega,Cosmos,0
Kenya-Kakamega,Cosmos,0
Kenya-Kakamega,Cosmos,0
Kenya-Kakamega,Cosmos,0
Kenya-Kakamega,Cosmos,0
Kenya-Kakamega,Cosmos,0
Kenya-Kakamega,Cosmos,0
Kenya-Kakamega,Cosmos,0
Kenya-Kakamega,Cosmos,0
Kenya-Kakamega,Cosmos,0
Kenya-Nairobi,Cosmos,0
Kenya-Nairobi,Cosmos,0
Kenya-Nairobi,Cosmos,0
Kenya-Nairobi,Cosmos,0
Kenya-Nairobi,Cosmos,0
Kenya-Nyanza,Cosmos,0
Kenya-Nyanza,Cosmos,0
Kenya-Nyanza,Cosmos,0
Kenya-Nyanza,Cosmos,0
Kenya-Coast,Cosmos,0
Kenya-Coast,Cosmos,0
Kenya-Coast,Cosmos,0
Kenya-Coast,Cosmos,0
Kenya-Coast,Cosmos,0
Kenya-Coast,Cosmos,0
Kenya-Eldoret,Cosmos,0
Kenya-Eldoret,Cosmos,0
Kenya-Eldoret,Cosmos,0
Kenya-Eldoret,Cosmos,0
Kenya-Eldoret,Cosmos,0
Kenya-Eldoret,Cosmos,0
Kenya-Eldoret,Cosmos,0
Kenya-Eldoret,Cosmos,0
Kenya-Eldoret,Cosmos,0
Kenya-Eldoret,Cosmos,0
Kenya-Eldoret,Cosmos,0
Kenya-Nairobi,Cosmos,0
Kenya-Nairobi,Cosmos,0
Kenya-Nairobi,Cosmos,0
Kenya-Nairobi,Cosmos,0
Kenya-Nairobi,Cosmos,0
Kenya-Nairobi,Cosmos,0
Kenya-Nairobi,Cosmos,0
Kenya-Nairobi,Cosmos,0
Kenya-Nyanza,Cosmos,0
Kenya-Western,Cosmos,0
Kenya-Western,Cosmos,0
Kenya-Western,Cosmos,0
Kenya-Western,Cosmos,0
Kenya-Western,Cosmos,0
Kenya-Western,Cosmos,0
Kenya-Western,Cosmos,0
Kenya-Western,Cosmos,0
Kenya-Coast,Dawa,0
Kenya-Coast,Dawa,0
Kenya-Coast,Dawa,0
Kenya-Coast,Dawa,0
Kenya-Eldoret,Dawa,0
Kenya-Eldoret,Dawa,0
Kenya-Kakamega,Dawa,0
Kenya-Kakamega,Dawa,0
Kenya-Kakamega,Dawa,0
Kenya-Nairobi,Dawa,0
Kenya-Nairobi,Dawa,0
Kenya-Nairobi,Dawa,0
Kenya-Nairobi,Dawa,0
Kenya-Nairobi,Dawa,0
Kenya-Nairobi,Dawa,0
Kenya-Nairobi,Dawa,0
Kenya-Nairobi,Dawa,0
Kenya-Nyanza,Dawa,0
Kenya-Nyanza,Dawa,0
Kenya-Nyanza,Dawa,0
Kenya-Nyanza,Dawa,0
Kenya-Coast,Dawa,0
Kenya-Eldoret,Dawa,0
Kenya-Eldoret,Dawa,0
Kenya-Eldoret,Dawa,0
Kenya-Eldoret,Dawa,0
Kenya-Nairobi,Dawa,0
Kenya-Nyanza,Dawa,0
Kenya-Western,Dawa,0
Kenya-Western,Dawa,0
Kenya-Western,Dawa,0
Kenya-Western,Dawa,0
Kenya-Western,Dawa,0
Kenya-Nyanza,Elder,0
Kenya-Eldoret,Elys Chemical Industries,0
Kenya-Nyanza,Elys Chemical Industries,0
Kenya-Nyanza,Elys Chemical Industries,0
Kenya-Nyanza,Elys Chemical Industries,0
Kenya-Nyanza,Elys Chemical Industries,0
Kenya-Western,Elys Chemical Industries,0
Kenya-Western,Elys Chemical Industries,0
Kenya-Western,Elys Chemical Industries,0
Kenya-Western,Elys Chemical Industries,0
Kenya-Western,Elys Chemical Industries,0
Kenya-Coast,Elys Chemical Industries,0
Kenya-Coast,Elys Chemical Industries,0
Kenya-Kakamega,Elys Chemical Industries,0
Kenya-Kakamega,Elys Chemical Industries,0
Kenya-Kakamega,Elys Chemical Industries,0
Kenya-Kakamega,Elys Chemical Industries,0
Kenya-Kakamega,Elys Chemical Industries,0
Kenya-Kakamega,Elys Chemical Industries,0
Kenya-Nairobi,Elys Chemical Industries,0
Kenya-Nairobi,Elys Chemical Industries,0
Kenya-Nairobi,Elys Chemical Industries,0
Kenya-Nairobi,Elys Chemical Industries,0
Kenya-Nyanza,Elys Chemical Industries,0
Kenya-Nyanza,Elys Chemical Industries,0
Kenya-Nyanza,Elys Chemical Industries,0
Kenya-Nyanza,Elys Chemical Industries,0
Kenya-Nyanza,Elys Chemical Industries,0
Kenya-Nairobi,Erica Niramaya Ethicals PVT Ltd,0
Kenya-Kakamega,F. Hoffman-La Roche,0
Kenya-Nairobi,F. Hoffman-La Roche,0
Kenya-Nairobi,F. Hoffman-La Roche,0
Kenya-Nairobi,F. Hoffman-La Roche,0
Kenya-Nairobi,F. Hoffman-La Roche,0
Kenya-Nairobi,F. Hoffman-La Roche,0
Kenya-Coast,Famar,0
Kenya-Coast,Famar,0
Kenya-Coast,Flamingo Pharmaceuticals Ltd.,0
Kenya-Coast,Flamingo Pharmaceuticals Ltd.,0
Kenya-Coast,Flamingo Pharmaceuticals Ltd.,0
Kenya-Coast,Flamingo Pharmaceuticals Ltd.,0
Kenya-Coast,Flamingo Pharmaceuticals Ltd.,0
Kenya-Coast,Flamingo Pharmaceuticals Ltd.,0
Kenya-Eldoret,Flamingo Pharmaceuticals Ltd.,0
Kenya-Eldoret,Flamingo Pharmaceuticals Ltd.,0
Kenya-Eldoret,Flamingo Pharmaceuticals Ltd.,0
Kenya-Eldoret,Flamingo Pharmaceuticals Ltd.,0
Kenya-Nairobi,Flamingo Pharmaceuticals Ltd.,0
Kenya-Nairobi,Flamingo Pharmaceuticals Ltd.,0
Kenya-Nyanza,Flamingo Pharmaceuticals Ltd.,0
Kenya-Coast,Flamingo Pharmaceuticals Ltd.,0
Kenya-Coast,Flamingo Pharmaceuticals Ltd.,0
Kenya-Nyanza,Flamingo Pharmaceuticals Ltd.,0
Kenya-Nyanza,Flamingo Pharmaceuticals Ltd.,0
Kenya-Western,Flamingo Pharmaceuticals Ltd.,0
Kenya-Western,Flamingo Pharmaceuticals Ltd.,0
Kenya-Coast,Getz Pharma (PVT) Ltd,0
Kenya-Nairobi,Getz Pharma (PVT) Ltd,0
Kenya-Coast,Guilin Pharmaceuticals,0
Kenya-Eldoret,Guilin Pharmaceuticals,0
Kenya-Eldoret,Guilin Pharmaceuticals,0
Kenya-Nyanza,Guilin Pharmaceuticals,0
Kenya-Eldoret,Guilin Pharmaceuticals,0
Kenya-Nairobi,Indus,0
Kenya-Nairobi,Indus,0
Kenya-Eldoret,Indus,0
Kenya-Eldoret,Indus,0
Kenya-Eldoret,Indus,0
Kenya-Eldoret,Indus,0
Kenya-Coast,Intas Pharmaceuticals Ltd,0
Kenya-Eldoret,Intas Pharmaceuticals Ltd,0
Kenya-Eldoret,Intas Pharmaceuticals Ltd,0
Kenya-Eldoret,Intas Pharmaceuticals Ltd,0
Kenya-Eldoret,Intas Pharmaceuticals Ltd,0
Kenya-Coast,IPCA Laboratories Ltd.,0
Kenya-Eldoret,IPCA Laboratories Ltd.,0
Kenya-Eldoret,IPCA Laboratories Ltd.,0
Kenya-Eldoret,IPCA Laboratories Ltd.,0
Kenya-Eldoret,IPCA Laboratories Ltd.,0
Kenya-Eldoret,IPCA Laboratories Ltd.,0
Kenya-Eldoret,IPCA Laboratories Ltd.,0
Kenya-Eldoret,IPCA Laboratories Ltd.,0
Kenya-Eldoret,IPCA Laboratories Ltd.,0
Kenya-Eldoret,IPCA Laboratories Ltd.,0
Kenya-Eldoret,IPCA Laboratories Ltd.,0
Kenya-Eldoret,IPCA Laboratories Ltd.,0
Kenya-Kakamega,IPCA Laboratories Ltd.,0
Kenya-Kakamega,IPCA Laboratories Ltd.,0
Kenya-Kakamega,IPCA Laboratories Ltd.,0
Kenya-Kakamega,IPCA Laboratories Ltd.,0
Kenya-Kakamega,IPCA Laboratories Ltd.,0
Kenya-Kakamega,IPCA Laboratories Ltd.,0
Kenya-Kakamega,IPCA Laboratories Ltd.,0
Kenya-Nairobi,IPCA Laboratories Ltd.,0
Kenya-Nairobi,IPCA Laboratories Ltd.,0
Kenya-Nairobi,IPCA Laboratories Ltd.,0
Kenya-Nairobi,IPCA Laboratories Ltd.,0
Kenya-Nairobi,IPCA Laboratories Ltd.,0
Kenya-Nyanza,IPCA Laboratories Ltd.,0
Kenya-Nyanza,IPCA Laboratories Ltd.,0
Kenya-Nyanza,IPCA Laboratories Ltd.,0
Kenya-Nyanza,IPCA Laboratories Ltd.,0
Kenya-Nyanza,IPCA Laboratories Ltd.,0
Kenya-Nyanza,IPCA Laboratories Ltd.,0
Kenya-Nyanza,IPCA Laboratories Ltd.,0
Kenya-Nyanza,IPCA Laboratories Ltd.,0
Kenya-Nyanza,IPCA Laboratories Ltd.,0
Kenya-Coast,IPCA Laboratories Ltd.,0
Kenya-Coast,IPCA Laboratories Ltd.,0
Kenya-Eldoret,IPCA Laboratories Ltd.,0
Kenya-Eldoret,IPCA Laboratories Ltd.,0
Kenya-Eldoret,IPCA Laboratories Ltd.,0
Kenya-Nairobi,IPCA Laboratories Ltd.,0
Kenya-Nairobi,IPCA Laboratories Ltd.,0
Kenya-Nairobi,IPCA Laboratories Ltd.,0
Kenya-Nyanza,IPCA Laboratories Ltd.,0
Kenya-Western,IPCA Laboratories Ltd.,0
Kenya-Western,IPCA Laboratories Ltd.,0
Kenya-Western,IPCA Laboratories Ltd.,0
Kenya-Western,IPCA Laboratories Ltd.,0
Kenya-Western,IPCA Laboratories Ltd.,0
Kenya-Western,IPCA Laboratories Ltd.,0
Kenya-Eldoret,Laboratory and Allied,0
Kenya-Nairobi,Laboratory and Allied,0
Kenya-Nairobi,Laboratory and Allied,0
Kenya-Nairobi,Laboratory and Allied,0
Kenya-Nairobi,Laboratory and Allied,0
Kenya-Nyanza,Laboratory and Allied,0
Kenya-Nyanza,Laboratory and Allied,0
Kenya-Nyanza,Laboratory and Allied,0
Kenya-Nyanza,Laboratory and Allied,0
Kenya-Nyanza,Laboratory and Allied,0
Kenya-Western,Laboratory and Allied,0
Kenya-Western,Laboratory and Allied,0
Kenya-Western,Laboratory and Allied,0
Kenya-Western,Laboratory and Allied,0
Kenya-Western,Laboratory and Allied,0
Kenya-Western,Laboratory and Allied,0
Kenya-Western,Laboratory and Allied,0
Kenya-Coast,Laboratory and Allied,0
Kenya-Coast,Laboratory and Allied,0
Kenya-Coast,Laboratory and Allied,0
Kenya-Eldoret,Laboratory and Allied,0
Kenya-Eldoret,Laboratory and Allied,0
Kenya-Eldoret,Laboratory and Allied,0
Kenya-Eldoret,Laboratory and Allied,0
Kenya-Kakamega,Laboratory and Allied,0
Kenya-Kakamega,Laboratory and Allied,0
Kenya-Kakamega,Laboratory and Allied,0
Kenya-Nyanza,Laboratory and Allied,0
Kenya-Nyanza,Laboratory and Allied,0
Kenya-Nyanza,Laboratory and Allied,0
Kenya-Nyanza,Laboratory and Allied,0
Kenya-Nyanza,Laboratory and Allied,0
Kenya-Nyanza,Laboratory and Allied,0
Kenya-Nyanza,Laboratory and Allied,0
Kenya-Nyanza,Laboratory and Allied,0
Kenya-Nyanza,Laboratory and Allied,0
Kenya-Nyanza,Laboratory and Allied,0
Kenya-Eldoret,Madras Pharmaceuticals,0
Kenya-Nairobi,Madras Pharmaceuticals,0
Kenya-Nairobi,Madras Pharmaceuticals,0
Kenya-Coast,Maphar,0
Kenya-Coast,Maphar,0
Kenya-Nairobi,Maphar,0
Kenya-Nairobi,Maphar,0
Kenya-Nyanza,Maphar,0
Kenya-Nyanza,Maphar,0
Kenya-Nyanza,Maphar,0
Kenya-Nyanza,Medinomics Healthcare Ltd,0
Kenya-Coast,Unknown,0
Kenya-Western,Unknown,0
Kenya-Coast,Novartis,0
Kenya-Coast,Novartis,0
Kenya-Coast,Novartis,0
Kenya-Coast,Novartis,0
Kenya-Coast,Novartis,0
Kenya-Coast,Novartis,0
Kenya-Coast,Novartis,0
Kenya-Coast,Novartis,0
Kenya-Coast,Novartis,0
Kenya-Coast,Novartis,0
Kenya-Coast,Novartis,0
Kenya-Coast,Novartis,0
Kenya-Coast,Novartis,0
Kenya-Coast,Novartis,0
Kenya-Coast,Novartis,0
Kenya-Coast,Novartis,0
Kenya-Coast,Novartis,0
Kenya-Coast,Novartis,0
Kenya-Coast,Novartis,0
Kenya-Coast,Novartis,0
Kenya-Coast,Novartis,0
Kenya-Coast,Novartis,0
Kenya-Coast,Novartis,0
Kenya-Coast,Novartis,0
Kenya-Coast,Novartis,0
Kenya-Coast,Novartis,0
Kenya-Coast,Novartis,0
Kenya-Coast,Novartis,0
Kenya-Coast,Novartis,0
Kenya-Coast,Novartis,0
Kenya-Coast,Novartis,0
Kenya-Eldoret,Novartis,0
Kenya-Eldoret,Novartis,0
Kenya-Eldoret,Novartis,0
Kenya-Eldoret,Novartis,0
Kenya-Eldoret,Novartis,0
Kenya-Eldoret,Novartis,0
Kenya-Eldoret,Novartis,0
Kenya-Eldoret,Novartis,0
Kenya-Eldoret,Novartis,0
Kenya-Eldoret,Novartis,0
Kenya-Eldoret,Novartis,0
Kenya-Eldoret,Novartis,0
Kenya-Eldoret,Novartis,0
Kenya-Eldoret,Novartis,0
Kenya-Eldoret,Novartis,0
Kenya-Eldoret,Novartis,0
Kenya-Eldoret,Novartis,0
Kenya-Eldoret,Novartis,0
Kenya-Eldoret,Novartis,0
Kenya-Eldoret,Novartis,0
Kenya-Eldoret,Novartis,0
Kenya-Eldoret,Novartis,0
Kenya-Eldoret,Novartis,0
Kenya-Eldoret,Novartis,0
Kenya-Eldoret,Novartis,0
Kenya-Eldoret,Novartis,0
Kenya-Eldoret,Novartis,0
Kenya-Eldoret,Novartis,0
Kenya-Eldoret,Novartis,0
Kenya-Eldoret,Novartis,0
Kenya-Eldoret,Novartis,0
Kenya-Eldoret,Novartis,0
Kenya-Eldoret,Novartis,0
Kenya-Eldoret,Novartis,0
Kenya-Eldoret,Novartis,0
Kenya-Eldoret,Novartis,0
Kenya-Eldoret,Novartis,0
Kenya-Eldoret,Novartis,0
Kenya-Eldoret,Novartis,0
Kenya-Eldoret,Novartis,0
Kenya-Eldoret,Novartis,0
Kenya-Eldoret,Novartis,0
Kenya-Eldoret,Novartis,0
Kenya-Eldoret,Novartis,0
Kenya-Eldoret,Novartis,0
Kenya-Eldoret,Novartis,0
Kenya-Eldoret,Novartis,0
Kenya-Kakamega,Novartis,0
Kenya-Kakamega,Novartis,0
Kenya-Kakamega,Novartis,0
Kenya-Kakamega,Novartis,0
Kenya-Kakamega,Novartis,0
Kenya-Kakamega,Novartis,0
Kenya-Kakamega,Novartis,0
Kenya-Kakamega,Novartis,0
Kenya-Kakamega,Novartis,0
Kenya-Kakamega,Novartis,0
Kenya-Kakamega,Novartis,0
Kenya-Kakamega,Novartis,0
Kenya-Kakamega,Novartis,0
Kenya-Kakamega,Novartis,0
Kenya-Kakamega,Novartis,0
Kenya-Kakamega,Novartis,0
Kenya-Kakamega,Novartis,0
Kenya-Kakamega,Novartis,0
Kenya-Kakamega,Novartis,0
Kenya-Kakamega,Novartis,0
Kenya-Kakamega,Novartis,0
Kenya-Kakamega,Novartis,0
Kenya-Kakamega,Novartis,0
Kenya-Kakamega,Novartis,0
Kenya-Kakamega,Novartis,0
Kenya-Kakamega,Novartis,0
Kenya-Kakamega,Novartis,0
Kenya-Kakamega,Novartis,0
Kenya-Kakamega,Novartis,0
Kenya-Kakamega,Novartis,0
Kenya-Nairobi,Novartis,0
Kenya-Nairobi,Novartis,0
Kenya-Nairobi,Novartis,0
Kenya-Nairobi,Novartis,0
Kenya-Nairobi,Novartis,0
Kenya-Nairobi,Novartis,0
Kenya-Nairobi,Novartis,0
Kenya-Nairobi,Novartis,0
Kenya-Nairobi,Novartis,0
Kenya-Nairobi,Novartis,0
Kenya-Nairobi,Novartis,0
Kenya-Nairobi,Novartis,0
Kenya-Nairobi,Novartis,0
Kenya-Nairobi,Novartis,0
Kenya-Nairobi,Novartis,0
Kenya-Nairobi,Novartis,0
Kenya-Nairobi,Novartis,0
Kenya-Nairobi,Novartis,0
Kenya-Nairobi,Novartis,0
Kenya-Nairobi,Novartis,0
Kenya-Nairobi,Novartis,0
Kenya-Nairobi,Novartis,0
Kenya-Nairobi,Novartis,0
Kenya-Nairobi,Novartis,0
Kenya-Nairobi,Novartis,0
Kenya-Nairobi,Novartis,0
Kenya-Nairobi,Novartis,0
Kenya-Nairobi,Novartis,0
Kenya-Nairobi,Novartis,0
Kenya-Nairobi,Novartis,0
Kenya-Nairobi,Novartis,0
Kenya-Nairobi,Novartis,0
Kenya-Nairobi,Novartis,0
Kenya-Nairobi,Novartis,0
Kenya-Nairobi,Novartis,0
Kenya-Nairobi,Novartis,0
Kenya-Nairobi,Novartis,0
Kenya-Nairobi,Novartis,0
Kenya-Nairobi,Novartis,0
Kenya-Nairobi,Novartis,0
Kenya-Nairobi,Novartis,0
Kenya-Nairobi,Novartis,0
Kenya-Nairobi,Novartis,0
Kenya-Nairobi,Novartis,0
Kenya-Nairobi,Novartis,0
Kenya-Nairobi,Novartis,0
Kenya-Nyanza,Novartis,0
Kenya-Nyanza,Novartis,0
Kenya-Nyanza,Novartis,0
Kenya-Nyanza,Novartis,0
Kenya-Nyanza,Novartis,0
Kenya-Nyanza,Novartis,0
Kenya-Nyanza,Novartis,0
Kenya-Nyanza,Novartis,0
Kenya-Nyanza,Novartis,0
Kenya-Nyanza,Novartis,0
Kenya-Nyanza,Novartis,0
Kenya-Nyanza,Novartis,0
Kenya-Nyanza,Novartis,0
Kenya-Nyanza,Novartis,0
Kenya-Nyanza,Novartis,0
Kenya-Nyanza,Novartis,0
Kenya-Nyanza,Novartis,0
Kenya-Nyanza,Novartis,0
Kenya-Nyanza,Novartis,0
Kenya-Nyanza,Novartis,0
Kenya-Nyanza,Novartis,0
Kenya-Nyanza,Novartis,0
Kenya-Nyanza,Novartis,0
Kenya-Nyanza,Novartis,0
Kenya-Nyanza,Novartis,0
Kenya-Nyanza,Novartis,0
Kenya-Nyanza,Novartis,0
Kenya-Nyanza,Novartis,0
Kenya-Nyanza,Novartis,0
Kenya-Nyanza,Novartis,0
Kenya-Nyanza,Novartis,0
Kenya-Nyanza,Novartis,0
Kenya-Nyanza,Novartis,0
Kenya-Western,Novartis,0
Kenya-Western,Novartis,0
Kenya-Western,Novartis,0
Kenya-Western,Novartis,0
Kenya-Western,Novartis,0
Kenya-Western,Novartis,0
Kenya-Western,Novartis,0
Kenya-Western,Novartis,0
Kenya-Western,Novartis,0
Kenya-Eldoret,Pfizer,0
Kenya-Kakamega,Pharmaceutical Manufacturing Company Kenya,0
Kenya-Eldoret,Pharmacie Helio S.P.S.,0
Kenya-Coast,Remedica Ltd,0
Kenya-Coast,Remedica Ltd,0
Kenya-Coast,Remedica Ltd,0
Kenya-Nyanza,Remedica Ltd,0
Kenya-Coast,Roche Products (PTY) Ltd,0
Kenya-Coast,Roche Products (PTY) Ltd,0
Kenya-Coast,Roche Products (PTY) Ltd,0
Kenya-Eldoret,Roche Products (PTY) Ltd,0
Kenya-Eldoret,Roche Products (PTY) Ltd,0
Kenya-Coast,Roche Products (PTY) Ltd,0
Kenya-Coast,Roche Products (PTY) Ltd,0
Kenya-Coast,Roche Products (PTY) Ltd,0
Kenya-Eldoret,Roche Products (PTY) Ltd,0
Kenya-Eldoret,Roche Products (PTY) Ltd,0
Kenya-Eldoret,Roche Products (PTY) Ltd,0
Kenya-Nairobi,Roche Products (PTY) Ltd,0
Kenya-Nairobi,Roche Products (PTY) Ltd,0
Kenya-Nairobi,Roche Products (PTY) Ltd,0
Kenya-Nairobi,Roche Products (PTY) Ltd,0
Kenya-Nairobi,Roche Products (PTY) Ltd,0
Kenya-Nairobi,Roche Products (PTY) Ltd,0
Kenya-Nairobi,Roche Products (PTY) Ltd,0
Kenya-Nyanza,Roche Products (PTY) Ltd,0
Kenya-Nyanza,Roche Products (PTY) Ltd,0
Kenya-Nyanza,Roche Products (PTY) Ltd,0
Kenya-Western,Roche Products (PTY) Ltd,0
Kenya-Western,Roche Products (PTY) Ltd,0
Kenya-Western,Roche Products (PTY) Ltd,0
Kenya-Western,Roche Products (PTY) Ltd,0
Kenya-Coast,Rotex Medica,0
Kenya-Coast,S. Kant Healthcare Ltd,0
Kenya-Coast,S. Kant Healthcare Ltd,0
Kenya-Coast,S. Kant Healthcare Ltd,0
Kenya-Nairobi,S. Kant Healthcare Ltd,0
Kenya-Western,S. Kant Healthcare Ltd,0
Kenya-Western,S. Kant Healthcare Ltd,0
Kenya-Coast,Sanofi Aventis,0
Kenya-Eldoret,Sanofi Aventis,0
Kenya-Eldoret,Sanofi Aventis,0
Kenya-Eldoret,Sanofi Aventis,0
Kenya-Eldoret,Sanofi Aventis,0
Kenya-Eldoret,Sanofi Aventis,0
Kenya-Eldoret,Sanofi Aventis,0
Kenya-Eldoret,Sanofi Aventis,0
Kenya-Eldoret,Sanofi Aventis,0
Kenya-Eldoret,Sanofi Aventis,0
Kenya-Eldoret,Sanofi Aventis,0
Kenya-Kakamega,Sanofi Aventis,0
Kenya-Kakamega,Sanofi Aventis,0
Kenya-Kakamega,Sanofi Aventis,0
Kenya-Nyanza,Shanghai pharmaceutical industrial corporation,0
Kenya-Nyanza,Shanghai Pharmateq Ltd,0
Kenya-Coast,Sishui Xierkang,0
Kenya-Western,Sishui Xierkang,0
Kenya-Western,Sishui Xierkang,0
Kenya-Eldoret,Square,0
Kenya-Nairobi,Troikaa Pharmaceuticals Ltd,0
Kenya-Nairobi,Troikaa Pharmaceuticals Ltd,0
Kenya-Eldoret,Troikaa Pharmaceuticals Ltd,0
Kenya-Coast,Universal Corporation Ltd,0
Kenya-Coast,Universal Corporation Ltd,0
Kenya-Coast,Universal Corporation Ltd,0
Kenya-Coast,Universal Corporation Ltd,0
Kenya-Coast,Universal Corporation Ltd,0
Kenya-Coast,Universal Corporation Ltd,0
Kenya-Coast,Universal Corporation Ltd,0
Kenya-Coast,Universal Corporation Ltd,0
Kenya-Coast,Universal Corporation Ltd,0
Kenya-Coast,Universal Corporation Ltd,0
Kenya-Coast,Universal Corporation Ltd,0
Kenya-Coast,Universal Corporation Ltd,0
Kenya-Coast,Universal Corporation Ltd,0
Kenya-Coast,Universal Corporation Ltd,0
Kenya-Coast,Universal Corporation Ltd,0
Kenya-Eldoret,Universal Corporation Ltd,0
Kenya-Eldoret,Universal Corporation Ltd,0
Kenya-Eldoret,Universal Corporation Ltd,0
Kenya-Eldoret,Universal Corporation Ltd,0
Kenya-Eldoret,Universal Corporation Ltd,0
Kenya-Eldoret,Universal Corporation Ltd,0
Kenya-Eldoret,Universal Corporation Ltd,0
Kenya-Eldoret,Universal Corporation Ltd,0
Kenya-Eldoret,Universal Corporation Ltd,0
Kenya-Eldoret,Universal Corporation Ltd,0
Kenya-Eldoret,Universal Corporation Ltd,0
Kenya-Eldoret,Universal Corporation Ltd,0
Kenya-Kakamega,Universal Corporation Ltd,0
Kenya-Kakamega,Universal Corporation Ltd,0
Kenya-Kakamega,Universal Corporation Ltd,0
Kenya-Kakamega,Universal Corporation Ltd,0
Kenya-Kakamega,Universal Corporation Ltd,0
Kenya-Kakamega,Universal Corporation Ltd,0
Kenya-Kakamega,Universal Corporation Ltd,0
Kenya-Kakamega,Universal Corporation Ltd,0
Kenya-Kakamega,Universal Corporation Ltd,0
Kenya-Kakamega,Universal Corporation Ltd,0
Kenya-Kakamega,Universal Corporation Ltd,0
Kenya-Kakamega,Universal Corporation Ltd,0
Kenya-Kakamega,Universal Corporation Ltd,0
Kenya-Kakamega,Universal Corporation Ltd,0
Kenya-Kakamega,Universal Corporation Ltd,0
Kenya-Nairobi,Universal Corporation Ltd,0
Kenya-Nairobi,Universal Corporation Ltd,0
Kenya-Nairobi,Universal Corporation Ltd,0
Kenya-Nairobi,Universal Corporation Ltd,0
Kenya-Nairobi,Universal Corporation Ltd,0
Kenya-Nairobi,Universal Corporation Ltd,0
Kenya-Nairobi,Universal Corporation Ltd,0
Kenya-Nyanza,Universal Corporation Ltd,0
Kenya-Nyanza,Universal Corporation Ltd,0
Kenya-Nyanza,Universal Corporation Ltd,0
Kenya-Nyanza,Universal Corporation Ltd,0
Kenya-Nyanza,Universal Corporation Ltd,0
Kenya-Nyanza,Universal Corporation Ltd,0
Kenya-Nyanza,Universal Corporation Ltd,0
Kenya-Nyanza,Universal Corporation Ltd,0
Kenya-Nyanza,Universal Corporation Ltd,0
Kenya-Nyanza,Universal Corporation Ltd,0
Kenya-Nyanza,Universal Corporation Ltd,0
Kenya-Nyanza,Universal Corporation Ltd,0
Kenya-Nyanza,Universal Corporation Ltd,0
Kenya-Nyanza,Universal Corporation Ltd,0
Kenya-Coast,Universal Corporation Ltd,0
Kenya-Coast,Universal Corporation Ltd,0
Kenya-Coast,Universal Corporation Ltd,0
Kenya-Coast,Universal Corporation Ltd,0
Kenya-Coast,Universal Corporation Ltd,0
Kenya-Coast,Universal Corporation Ltd,0
Kenya-Coast,Universal Corporation Ltd,0
Kenya-Coast,Universal Corporation Ltd,0
Kenya-Coast,Universal Corporation Ltd,0
Kenya-Coast,Universal Corporation Ltd,0
Kenya-Coast,Universal Corporation Ltd,0
Kenya-Coast,Universal Corporation Ltd,0
Kenya-Coast,Universal Corporation Ltd,0
Kenya-Coast,Universal Corporation Ltd,0
Kenya-Eldoret,Universal Corporation Ltd,0
Kenya-Eldoret,Universal Corporation Ltd,0
Kenya-Eldoret,Universal Corporation Ltd,0
Kenya-Eldoret,Universal Corporation Ltd,0
Kenya-Eldoret,Universal Corporation Ltd,0
Kenya-Eldoret,Universal Corporation Ltd,0
Kenya-Eldoret,Universal Corporation Ltd,0
Kenya-Eldoret,Universal Corporation Ltd,0
Kenya-Eldoret,Universal Corporation Ltd,0
Kenya-Eldoret,Universal Corporation Ltd,0
Kenya-Eldoret,Universal Corporation Ltd,0
Kenya-Eldoret,Universal Corporation Ltd,0
Kenya-Eldoret,Universal Corporation Ltd,0
Kenya-Eldoret,Universal Corporation Ltd,0
Kenya-Eldoret,Universal Corporation Ltd,0
Kenya-Eldoret,Universal Corporation Ltd,0
Kenya-Eldoret,Universal Corporation Ltd,0
Kenya-Nairobi,Universal Corporation Ltd,0
Kenya-Nairobi,Universal Corporation Ltd,0
Kenya-Nairobi,Universal Corporation Ltd,0
Kenya-Nairobi,Universal Corporation Ltd,0
Kenya-Nairobi,Universal Corporation Ltd,0
Kenya-Nairobi,Universal Corporation Ltd,0
Kenya-Nairobi,Universal Corporation Ltd,0
Kenya-Nairobi,Universal Corporation Ltd,0
Kenya-Nairobi,Universal Corporation Ltd,0
Kenya-Nairobi,Universal Corporation Ltd,0
Kenya-Nairobi,Universal Corporation Ltd,0
Kenya-Nairobi,Universal Corporation Ltd,0
Kenya-Nyanza,Universal Corporation Ltd,0
Kenya-Nyanza,Universal Corporation Ltd,0
Kenya-Nyanza,Universal Corporation Ltd,0
Kenya-Nyanza,Universal Corporation Ltd,0
Kenya-Nyanza,Universal Corporation Ltd,0
Kenya-Nyanza,Universal Corporation Ltd,0
Kenya-Nyanza,Universal Corporation Ltd,0
Kenya-Nyanza,Universal Corporation Ltd,0
Kenya-Nyanza,Universal Corporation Ltd,0
Kenya-Nyanza,Universal Corporation Ltd,0
Kenya-Nyanza,Universal Corporation Ltd,0
Kenya-Nyanza,Universal Corporation Ltd,0
Kenya-Nyanza,Universal Corporation Ltd,0
Kenya-Nyanza,Universal Corporation Ltd,0
Kenya-Nyanza,Universal Corporation Ltd,0
Kenya-Nyanza,Universal Corporation Ltd,0
Kenya-Nyanza,Universal Corporation Ltd,0
Kenya-Western,Universal Corporation Ltd,0
Kenya-Western,Universal Corporation Ltd,0
Kenya-Western,Universal Corporation Ltd,0
Kenya-Western,Universal Corporation Ltd,0
Kenya-Western,Universal Corporation Ltd,0
Kenya-Western,Universal Corporation Ltd,0
Kenya-Western,Universal Corporation Ltd,0
Kenya-Western,Universal Corporation Ltd,0
Kenya-Western,Universal Corporation Ltd,0
Kenya-Western,Universal Corporation Ltd,0
Kenya-Nyanza,Waterland,0
Kenya-Coast,Zhejiang Holley Nanhu,0
Kenya-Coast,Zhejiang Holley Nanhu,0
Kenya-Coast,Zhejiang Holley Nanhu,0
Kenya-Coast,Zhejiang Holley Nanhu,0
Kenya-Coast,Zhejiang Holley Nanhu,0
Kenya-Coast,Zhejiang Holley Nanhu,0
Kenya-Eldoret,Zhejiang Holley Nanhu,0
Kenya-Eldoret,Zhejiang Holley Nanhu,0
Kenya-Eldoret,Zhejiang Holley Nanhu,0
Kenya-Eldoret,Zhejiang Holley Nanhu,0
Kenya-Kakamega,Zhejiang Holley Nanhu,0
Kenya-Nairobi,Zhejiang Holley Nanhu,0
Kenya-Nairobi,Zhejiang Holley Nanhu,0
Kenya-Nairobi,Zhejiang Holley Nanhu,0
Kenya-Nairobi,Zhejiang Holley Nanhu,0
Kenya-Nairobi,Zhejiang Holley Nanhu,0
