Mozambique-Cabo Delgado,Bal Pharma,1
Mozambique-Maputo,Bharat Parenterals Ltd,1
Mozambique-Maputo,Bharat Parenterals Ltd,1
Mozambique-Maputo,Bharat Parenterals Ltd,1
Mozambique-Maputo,Bharat Parenterals Ltd,1
Mozambique-Tete,Bharat Parenterals Ltd,1
Mozambique-Zambezia,Bharat Parenterals Ltd,1
Mozambique-Zambezia,Bharat Parenterals Ltd,1
Mozambique-Zambezia,Bharat Parenterals Ltd,1
Mozambique-Inhambane,Bharat Parenterals Ltd,1
Mozambique-Inhambane,Bharat Parenterals Ltd,1
Mozambique-Inhambane,Bharat Parenterals Ltd,1
Mozambique-Inhambane,Bharat Parenterals Ltd,1
Mozambique-Maputo Province,Bharat Parenterals Ltd,1
Mozambique-Maputo Province,CSPC,1
Mozambique-Nampula,Guilin Pharmaceuticals,1
Mozambique-Nampula,Guilin Pharmaceuticals,1
Mozambique-Nampula,Guilin Pharmaceuticals,1
Mozambique-Nampula,Guilin Pharmaceuticals,1
Mozambique-Sofala,Industria Bhiwadi,1
Mozambique-Maputo,Intermed,1
Mozambique-Nampula,Jiangxi Xier,1
Mozambique-Maputo,Kausikh,1
Mozambique-Sofala,Lupin Ltd,1
Mozambique-Sofala,Lupin Ltd,1
Mozambique-Sofala,Lupin Ltd,1
Mozambique-Zambezia,Macleods,1
Mozambique-Cabo Delgado,Maxheal,1
Mozambique-Nampula,Maxheal,1
Mozambique-Nampula,Medopharm,1
Mozambique-Zambezia,Microlabs,1
Mozambique-Zambezia,Microlabs,1
Mozambique-Sofala,Microlabs,1
Mozambique-Nampula,Unknown,1
Mozambique-Nampula,Unknown,1
Mozambique-Sofala,Unknown,1
Mozambique-Sofala,Unknown,1
Mozambique-Sofala,Unknown,1
Mozambique-Sofala,Unknown,1
Mozambique-Sofala,Unknown,1
Mozambique-Manica,Unknown,1
Mozambique-Nampula,"Yanzhou Xier Kangtai Pharmaceutical Co., Ltd",1
Mozambique-Sofala,"Yanzhou Xier Kangtai Pharmaceutical Co., Ltd",1
Mozambique-Sofala,"Yanzhou Xier Kangtai Pharmaceutical Co., Ltd",1
Mozambique-Sofala,"Yanzhou Xier Kangtai Pharmaceutical Co., Ltd",1
Mozambique-Sofala,Yanzhowxierkangtal,1
Mozambique-Zambezia,Abbott Laboratorios S.A.,0
Mozambique-Cabo Delgado,Ajanta,0
Mozambique-Inhambane,Ajanta,0
Mozambique-Inhambane,Ajanta,0
Mozambique-Inhambane,Ajanta,0
Mozambique-Inhambane,Ajanta,0
Mozambique-Inhambane,Ajanta,0
Mozambique-Maputo,Ajanta,0
Mozambique-Maputo,Ajanta,0
Mozambique-Maputo Province,Ajanta,0
Mozambique-Nampula,Ajanta,0
Mozambique-Sofala,Ajanta,0
Mozambique-Sofala,Ajanta,0
Mozambique-Sofala,Ajanta,0
Mozambique-Sofala,Ajanta,0
Mozambique-Zambezia,Ajanta,0
Mozambique-Tete,Alicom,0
Mozambique-Tete,Alicom,0
Mozambique-Maputo,Alicon,0
Mozambique-Maputo,Alicon,0
Mozambique-Maputo,Alicon,0
Mozambique-Zambezia,Alicon,0
Mozambique-Maputo,Apex,0
Mozambique-Maputo,Apex,0
Mozambique-Maputo,Apex,0
Mozambique-Sofala,Apex Drug House,0
Mozambique-Nampula,Audeo Brndo,0
Mozambique-Nampula,Aurobindo,0
Mozambique-Cabo Delgado,Aurobindo,0
Mozambique-Inhambane,Aurobindo,0
Mozambique-Inhambane,Aurobindo,0
Mozambique-Manica,Aurobindo,0
Mozambique-Manica,Aurobindo,0
Mozambique-Maputo,Aurobindo,0
Mozambique-Maputo,Aurobindo,0
Mozambique-Nampula,Aurobindo,0
Mozambique-Nampula,Aurobindo,0
Mozambique-Nampula,Aurobindo,0
Mozambique-Nampula,Aurobindo,0
Mozambique-Nampula,Aurobindo,0
Mozambique-Nampula,Aurobindo,0
Mozambique-Nampula,Aurobindo,0
Mozambique-Sofala,Aurobindo,0
Mozambique-Sofala,Aurobindo,0
Mozambique-Sofala,Aurobindo,0
Mozambique-Sofala,Aurobindo,0
Mozambique-Tete,Aurobindo,0
Mozambique-Tete,Aurobindo,0
Mozambique-Zambezia,Aurobindo,0
Mozambique-Zambezia,Aurobindo,0
Mozambique-Zambezia,Aurobindo,0
Mozambique-Zambezia,Aurobindo,0
Mozambique-Nampula,Aurobindo,0
Mozambique-Maputo,Azevedos,0
Mozambique-Cabo Delgado,Bal Pharma,0
Mozambique-Cabo Delgado,Bal Pharma,0
Mozambique-Cabo Delgado,Bal Pharma,0
Mozambique-Cabo Delgado,Bal Pharma,0
Mozambique-Inhambane,Bal Pharma,0
Mozambique-Inhambane,Bal Pharma,0
Mozambique-Inhambane,Bal Pharma,0
Mozambique-Inhambane,Bal Pharma,0
Mozambique-Inhambane,Bal Pharma,0
Mozambique-Manica,Bal Pharma,0
Mozambique-Manica,Bal Pharma,0
Mozambique-Manica,Bal Pharma,0
Mozambique-Manica,Bal Pharma,0
Mozambique-Manica,Bal Pharma,0
Mozambique-Manica,Bal Pharma,0
Mozambique-Maputo,Bal Pharma,0
Mozambique-Sofala,Bal Pharma,0
Mozambique-Sofala,Bal Pharma,0
Mozambique-Sofala,Bal Pharma,0
Mozambique-Tete,Bal Pharma,0
Mozambique-Zambezia,Bal Pharma,0
Mozambique-Zambezia,Bal Pharma,0
Mozambique-Zambezia,Bal Pharma,0
Mozambique-Zambezia,Bal Pharma,0
Mozambique-Zambezia,Bal Pharma,0
Mozambique-Zambezia,Bal Pharma,0
Mozambique-Zambezia,Bal Pharma,0
Mozambique-Zambezia,Bal Pharma,0
Mozambique-Maputo,Bal Pharma,0
Mozambique-Maputo,Bal Pharma,0
Mozambique-Maputo,Bal Pharma,0
Mozambique-Maputo,Bal Pharma,0
Mozambique-Maputo,Basi,0
Mozambique-Sofala,BDH Industries,0
Mozambique-Sofala,BDH Industries,0
Mozambique-Zambezia,BDH Industries,0
Mozambique-Zambezia,BDH Industries,0
Mozambique-Zambezia,BDH Industries,0
Mozambique-Maputo,BDH Industries,0
Mozambique-Maputo,BDH Industries,0
Mozambique-Maputo,BDH Industries,0
Mozambique-Maputo,BDH Industries,0
Mozambique-Maputo,BDH Industries,0
Mozambique-Maputo,BDH Industries,0
Mozambique-Maputo,BDH Industries,0
Mozambique-Maputo,BDH Industries,0
Mozambique-Maputo,BDH Industries,0
Mozambique-Maputo,BDH Industries,0
Mozambique-Maputo,BDH Industries,0
Mozambique-Maputo,BDH Industries,0
Mozambique-Maputo,BDH Industries,0
Mozambique-Maputo,BDH Industries,0
Mozambique-Maputo,BDH Industries,0
Mozambique-Maputo,BDH Industries,0
Mozambique-Maputo,BDH Industries,0
Mozambique-Maputo,BDH Industries,0
Mozambique-Maputo,BDH Industries,0
Mozambique-Maputo,BDH Industries,0
Mozambique-Maputo,BDH Industries,0
Mozambique-Maputo,BDH Industries,0
Mozambique-Nampula,BDH Industries,0
Mozambique-Nampula,BDH Industries,0
Mozambique-Zambezia,Bebei Jiheng,0
Mozambique-Sofala,Bebel Jiheng,0
Mozambique-Zambezia,Beijing Novartis Ltd,0
Mozambique-Maputo Province,Beltapharma,0
Mozambique-Sofala,Bharat Parenterals Ltd,0
Mozambique-Sofala,Bharat Parenterals Ltd,0
Mozambique-Sofala,Bharat Parenterals Ltd,0
Mozambique-Sofala,Bharat Parenterals Ltd,0
Mozambique-Sofala,Bharat Parenterals Ltd,0
Mozambique-Cabo Delgado,Bharat Parenterals Ltd,0
Mozambique-Manica,Bharat Parenterals Ltd,0
Mozambique-Maputo,Bharat Parenterals Ltd,0
Mozambique-Maputo,Bharat Parenterals Ltd,0
Mozambique-Maputo,Bharat Parenterals Ltd,0
Mozambique-Maputo,Bharat Parenterals Ltd,0
Mozambique-Maputo,Bharat Parenterals Ltd,0
Mozambique-Maputo,Bharat Parenterals Ltd,0
Mozambique-Maputo,Bharat Parenterals Ltd,0
Mozambique-Maputo,Bharat Parenterals Ltd,0
Mozambique-Maputo,Bharat Parenterals Ltd,0
Mozambique-Maputo,Bharat Parenterals Ltd,0
Mozambique-Maputo,Bharat Parenterals Ltd,0
Mozambique-Maputo,Bharat Parenterals Ltd,0
Mozambique-Maputo,Bharat Parenterals Ltd,0
Mozambique-Maputo,Bharat Parenterals Ltd,0
Mozambique-Maputo,Bharat Parenterals Ltd,0
Mozambique-Maputo,Bharat Parenterals Ltd,0
Mozambique-Maputo,Bharat Parenterals Ltd,0
Mozambique-Maputo,Bharat Parenterals Ltd,0
Mozambique-Maputo,Bharat Parenterals Ltd,0
Mozambique-Maputo,Bharat Parenterals Ltd,0
Mozambique-Maputo,Bharat Parenterals Ltd,0
Mozambique-Nampula,Bharat Parenterals Ltd,0
Mozambique-Nampula,Bharat Parenterals Ltd,0
Mozambique-Nampula,Bharat Parenterals Ltd,0
Mozambique-Zambezia,Bharat Parenterals Ltd,0
Mozambique-Zambezia,Bharat Parenterals Ltd,0
Mozambique-Zambezia,Bharat Parenterals Ltd,0
Mozambique-Nampula,Bharat Parenterals Ltd,0
Mozambique-Sofala,Bharat Parenterals Ltd,0
Mozambique-Sofala,Bharat Parenterals Ltd,0
Mozambique-Sofala,Bharat Parenterals Ltd,0
Mozambique-Sofala,Bharat Parenterals Ltd,0
Mozambique-Sofala,Bharat Parenterals Ltd,0
Mozambique-Sofala,Bharat Parenterals Ltd,0
Mozambique-Cabo Delgado,Bharat Parenterals Ltd,0
Mozambique-Inhambane,Bharat Parenterals Ltd,0
Mozambique-Sofala,Bharat Parenterals Ltd,0
Mozambique-Sofala,Bharat Parenterals Ltd,0
Mozambique-Zambezia,Bharat Parenterals Ltd,0
Mozambique-Zambezia,Bharat Parenterals Ltd,0
Mozambique-Zambezia,Bharat Parenterals Ltd,0
Mozambique-Zambezia,Bharat Parenterals Ltd,0
Mozambique-Zambezia,Bharat Parenterals Ltd,0
Mozambique-Tete,Bharat Parenterals Ltd,0
Mozambique-Tete,Bharat Parenterals Ltd,0
Mozambique-Manica,Bommasandra,0
Mozambique-Manica,Cadila Pharmaceuticals,0
Mozambique-Maputo,Cadila Pharmaceuticals,0
Mozambique-Nampula,Cadila Pharmaceuticals,0
Mozambique-Nampula,Cadila Pharmaceuticals,0
Mozambique-Zambezia,Cadila Pharmaceuticals,0
Mozambique-Zambezia,Cadila Pharmaceuticals,0
Mozambique-Nampula,Cavendish Bio Pharma,0
Mozambique-Nampula,Cavendish Bio Pharma,0
Mozambique-Sofala,Chikathana,0
Mozambique-Sofala,Ciara Pharmaceuticals,0
Mozambique-Cabo Delgado,Cipla Ltd.,0
Mozambique-Cabo Delgado,Cipla Ltd.,0
Mozambique-Inhambane,Cipla Ltd.,0
Mozambique-Inhambane,Cipla Ltd.,0
Mozambique-Manica,Cipla Ltd.,0
Mozambique-Manica,Cipla Ltd.,0
Mozambique-Manica,Cipla Ltd.,0
Mozambique-Maputo,Cipla Ltd.,0
Mozambique-Maputo,Cipla Ltd.,0
Mozambique-Maputo,Cipla Ltd.,0
Mozambique-Maputo,Cipla Ltd.,0
Mozambique-Maputo Province,Cipla Ltd.,0
Mozambique-Nampula,Cipla Ltd.,0
Mozambique-Nampula,Cipla Ltd.,0
Mozambique-Nampula,Cipla Ltd.,0
Mozambique-Nampula,Cipla Ltd.,0
Mozambique-Sofala,Cipla Ltd.,0
Mozambique-Sofala,Cipla Ltd.,0
Mozambique-Sofala,Cipla Ltd.,0
Mozambique-Sofala,Cipla Ltd.,0
Mozambique-Sofala,Cipla Ltd.,0
Mozambique-Sofala,Cipla Ltd.,0
Mozambique-Sofala,Cipla Ltd.,0
Mozambique-Sofala,Cipla Ltd.,0
Mozambique-Sofala,Cipla Ltd.,0
Mozambique-Tete,Cipla Ltd.,0
Mozambique-Tete,Cipla Ltd.,0
Mozambique-Zambezia,Cipla Ltd.,0
Mozambique-Zambezia,Cipla Ltd.,0
Mozambique-Zambezia,Cipla Ltd.,0
Mozambique-Zambezia,Cipla Ltd.,0
Mozambique-Zambezia,Cipla Ltd.,0
Mozambique-Zambezia,Cipla Ltd.,0
Mozambique-Zambezia,Cipla Ltd.,0
Mozambique-Zambezia,Cipla Ltd.,0
Mozambique-Zambezia,Cipla Ltd.,0
Mozambique-Zambezia,Cipla Ltd.,0
Mozambique-Zambezia,Cipla Ltd.,0
Mozambique-Zambezia,Cipla Ltd.,0
Mozambique-Zambezia,Cipla Ltd.,0
Mozambique-Zambezia,Cipla Ltd.,0
Mozambique-Zambezia,Cipla Ltd.,0
Mozambique-Cabo Delgado,CSPC,0
Mozambique-Cabo Delgado,CSPC,0
Mozambique-Cabo Delgado,CSPC,0
Mozambique-Cabo Delgado,CSPC,0
Mozambique-Cabo Delgado,CSPC,0
Mozambique-Cabo Delgado,CSPC,0
Mozambique-Cabo Delgado,CSPC,0
Mozambique-Cabo Delgado,CSPC,0
Mozambique-Cabo Delgado,CSPC,0
Mozambique-Cabo Delgado,CSPC,0
Mozambique-Cabo Delgado,CSPC,0
Mozambique-Cabo Delgado,CSPC,0
Mozambique-Cabo Delgado,CSPC,0
Mozambique-Cabo Delgado,CSPC,0
Mozambique-Cabo Delgado,CSPC,0
Mozambique-Cabo Delgado,CSPC,0
Mozambique-Cabo Delgado,CSPC,0
Mozambique-Cabo Delgado,CSPC,0
Mozambique-Cabo Delgado,CSPC,0
Mozambique-Cabo Delgado,CSPC,0
Mozambique-Manica,CSPC,0
Mozambique-Maputo,CSPC,0
Mozambique-Maputo,CSPC,0
Mozambique-Maputo,CSPC,0
Mozambique-Maputo,CSPC,0
Mozambique-Maputo,CSPC,0
Mozambique-Maputo,CSPC,0
Mozambique-Maputo,CSPC,0
Mozambique-Maputo,CSPC,0
Mozambique-Maputo,CSPC,0
Mozambique-Maputo,CSPC,0
Mozambique-Maputo,CSPC,0
Mozambique-Maputo,CSPC,0
Mozambique-Maputo Province,CSPC,0
Mozambique-Maputo Province,CSPC,0
Mozambique-Maputo Province,CSPC,0
Mozambique-Nampula,CSPC,0
Mozambique-Nampula,CSPC,0
Mozambique-Sofala,CSPC,0
Mozambique-Sofala,CSPC,0
Mozambique-Sofala,CSPC,0
Mozambique-Sofala,CSPC,0
Mozambique-Sofala,CSPC,0
Mozambique-Sofala,CSPC,0
Mozambique-Sofala,CSPC,0
Mozambique-Tete,CSPC,0
Mozambique-Tete,CSPC,0
Mozambique-Zambezia,CSPC,0
Mozambique-Zambezia,CSPC,0
Mozambique-Zambezia,CSPC,0
Mozambique-Zambezia,CSPC,0
Mozambique-Zambezia,CSPC,0
Mozambique-Zambezia,CSPC,0
Mozambique-Zambezia,CSPC,0
Mozambique-Zambezia,CSPC,0
Mozambique-Inhambane,CSPC,0
Mozambique-Sofala,CSPC,0
Mozambique-Sofala,CSPC,0
Mozambique-Sofala,CSPC,0
Mozambique-Zambezia,CSPC,0
Mozambique-Inhambane,CSPC,0
Mozambique-Nampula,CSPC,0
Mozambique-Nampula,CSPC,0
Mozambique-Nampula,CSPC,0
Mozambique-Nampula,CSPC,0
Mozambique-Nampula,CSPC,0
Mozambique-Nampula,CSPC,0
Mozambique-Maputo,CSPC,0
Mozambique-Sofala,Cujonat,0
Mozambique-Zambezia,Dafra Pharma,0
Mozambique-Zambezia,Estrides Arcolab,0
Mozambique-Maputo,Famar,0
Mozambique-Maputo,Famar,0
Mozambique-Inhambane,Flamingo Pharmaceuticals Ltd.,0
Mozambique-Inhambane,Flamingo Pharmaceuticals Ltd.,0
Mozambique-Tete,Flamingo Pharmaceuticals Ltd.,0
Mozambique-Nampula,Fosun Pharm,0
Mozambique-Nampula,Fosun Pharm,0
Mozambique-Maputo,Fourrts,0
Mozambique-Maputo,Fourrts,0
Mozambique-Zambezia,Fourrts,0
Mozambique-Zambezia,Fourrts,0
Mozambique-Zambezia,Fourrts,0
Mozambique-Maputo,Fourrts,0
Mozambique-Maputo,Fourrts,0
Mozambique-Sofala,Fourrts,0
Mozambique-Nampula,Fredun,0
Mozambique-Nampula,Fredun,0
Mozambique-Nampula,Fredun,0
Mozambique-Sofala,Fredun,0
Mozambique-Manica,Fuson Pharma,0
Mozambique-Sofala,GlaxoSmithKline,0
Mozambique-Sofala,GlaxoSmithKline,0
Mozambique-Tete,Global Pharma,0
Mozambique-Zambezia,Global Pharma,0
Mozambique-Inhambane,Gracure,0
Mozambique-Maputo,Gracure,0
Mozambique-Cabo Delgado,Guilin Pharmaceuticals,0
Mozambique-Manica,Guilin Pharmaceuticals,0
Mozambique-Manica,Guilin Pharmaceuticals,0
Mozambique-Maputo,Guilin Pharmaceuticals,0
Mozambique-Zambezia,Guilin Pharmaceuticals,0
Mozambique-Maputo,Guilin Pharmaceuticals,0
Mozambique-Cabo Delgado,Gujarate,0
Mozambique-Maputo,Hebei Jihang,0
Mozambique-Zambezia,Hebei Jihang,0
Mozambique-Manica,Hebei Jihang,0
Mozambique-Manica,Hebei Jihang,0
Mozambique-Manica,Hebei Jihang,0
Mozambique-Manica,Hebei Jihang,0
Mozambique-Manica,Hebei Jihang,0
Mozambique-Manica,Hebei Jihang,0
Mozambique-Manica,Hebei Jihang,0
Mozambique-Cabo Delgado,Hebei Jihang,0
Mozambique-Cabo Delgado,Hebei Jihang,0
Mozambique-Cabo Delgado,Hebei Jihang,0
Mozambique-Cabo Delgado,Hebei Jihang,0
Mozambique-Cabo Delgado,Hebei Jihang,0
Mozambique-Cabo Delgado,Hebei Jihang,0
Mozambique-Inhambane,Hebei Jihang,0
Mozambique-Inhambane,Hebei Jihang,0
Mozambique-Inhambane,Hebei Jihang,0
Mozambique-Inhambane,Hebei Jihang,0
Mozambique-Maputo Province,Hebei Jihang,0
Mozambique-Maputo Province,Hebei Jihang,0
Mozambique-Maputo Province,Hebei Jihang,0
Mozambique-Maputo Province,Hebei Jihang,0
Mozambique-Maputo Province,Hebei Jihang,0
Mozambique-Sofala,Hebei Jihang,0
Mozambique-Sofala,Hebei Jihang,0
Mozambique-Sofala,Hebei Jihang,0
Mozambique-Sofala,Hebei Jihang,0
Mozambique-Sofala,Hebei Jihang,0
Mozambique-Sofala,Hebei Jihang,0
Mozambique-Tete,Hebei Jihang,0
Mozambique-Tete,Hebei Jihang,0
Mozambique-Tete,Hebei Jihang,0
Mozambique-Tete,Hebei Jihang,0
Mozambique-Tete,Hebei Jihang,0
Mozambique-Tete,Hebei Jihang,0
Mozambique-Tete,Hebei Jihang,0
Mozambique-Tete,Hebei Jihang,0
Mozambique-Tete,Hebei Jihang,0
Mozambique-Tete,Hebei Jihang,0
Mozambique-Zambezia,Hebei Jihang,0
Mozambique-Sofala,Hebeijinh,0
Mozambique-Maputo,Hebei Jihang,0
Mozambique-Maputo,Hebei Jihang,0
Mozambique-Maputo,Hebei Jihang,0
Mozambique-Maputo,Hebei Jihang,0
Mozambique-Maputo,Hebei Jihang,0
Mozambique-Maputo,Hebei Jihang,0
Mozambique-Maputo,Hebei Jihang,0
Mozambique-Maputo,Hebei Jihang,0
Mozambique-Maputo,Hebei Jihang,0
Mozambique-Maputo,Hebei Jihang,0
Mozambique-Sofala,Hebei Jihang,0
Mozambique-Sofala,Hebei Jihang,0
Mozambique-Zambezia,Hebei Jihang,0
Mozambique-Zambezia,Hebei Jihang,0
Mozambique-Zambezia,Hebei Jihang,0
Mozambique-Sofala,Hebei Jihang,0
Mozambique-Nampula,Hebei Jihang,0
Mozambique-Sofala,Hetero Labs,0
Mozambique-Sofala,Hetero Labs,0
Mozambique-Sofala,Hetero Labs,0
Mozambique-Cabo Delgado,Hetero Labs,0
Mozambique-Cabo Delgado,Hetero Labs,0
Mozambique-Cabo Delgado,Hetero Labs,0
Mozambique-Cabo Delgado,Hetero Labs,0
Mozambique-Cabo Delgado,Hetero Labs,0
Mozambique-Cabo Delgado,Hetero Labs,0
Mozambique-Cabo Delgado,Hetero Labs,0
Mozambique-Cabo Delgado,Hetero Labs,0
Mozambique-Cabo Delgado,Hetero Labs,0
Mozambique-Cabo Delgado,Hetero Labs,0
Mozambique-Cabo Delgado,Hetero Labs,0
Mozambique-Cabo Delgado,Hetero Labs,0
Mozambique-Cabo Delgado,Hetero Labs,0
Mozambique-Inhambane,Hetero Labs,0
Mozambique-Inhambane,Hetero Labs,0
Mozambique-Manica,Hetero Labs,0
Mozambique-Manica,Hetero Labs,0
Mozambique-Manica,Hetero Labs,0
Mozambique-Maputo,Hetero Labs,0
Mozambique-Maputo,Hetero Labs,0
Mozambique-Nampula,Hetero Labs,0
Mozambique-Nampula,Hetero Labs,0
Mozambique-Nampula,Hetero Labs,0
Mozambique-Nampula,Hetero Labs,0
Mozambique-Sofala,Hetero Labs,0
Mozambique-Sofala,Hetero Labs,0
Mozambique-Sofala,Hetero Labs,0
Mozambique-Zambezia,Hetero Labs,0
Mozambique-Zambezia,Hetero Labs,0
Mozambique-Zambezia,Hetero Labs,0
Mozambique-Zambezia,Hetero Labs,0
Mozambique-Zambezia,Hetero Labs,0
Mozambique-Zambezia,Hetero Labs,0
Mozambique-Zambezia,Hetero Labs,0
Mozambique-Zambezia,Hetero Labs,0
Mozambique-Tete,Hetero Labs.,0
Mozambique-Tete,Hetero Labs.,0
Mozambique-Nampula,Holden Medical,0
Mozambique-Maputo,Hovid BHD,0
Mozambique-Cabo Delgado,Intermed,0
Mozambique-Cabo Delgado,Intermed,0
Mozambique-Cabo Delgado,Intermed,0
Mozambique-Inhambane,Intermed,0
Mozambique-Inhambane,Intermed,0
Mozambique-Inhambane,Intermed,0
Mozambique-Inhambane,Intermed,0
Mozambique-Inhambane,Intermed,0
Mozambique-Inhambane,Intermed,0
Mozambique-Manica,Intermed,0
Mozambique-Maputo,Intermed,0
Mozambique-Maputo,Intermed,0
Mozambique-Maputo,Intermed,0
Mozambique-Maputo,Intermed,0
Mozambique-Maputo,Intermed,0
Mozambique-Maputo,Intermed,0
Mozambique-Maputo,Intermed,0
Mozambique-Maputo,Intermed,0
Mozambique-Maputo,Intermed,0
Mozambique-Maputo,Intermed,0
Mozambique-Maputo,Intermed,0
Mozambique-Maputo,Intermed,0
Mozambique-Maputo,Intermed,0
Mozambique-Maputo,Intermed,0
Mozambique-Maputo,Intermed,0
Mozambique-Maputo,Intermed,0
Mozambique-Maputo,Intermed,0
Mozambique-Maputo,Intermed,0
Mozambique-Maputo,Intermed,0
Mozambique-Maputo,Intermed,0
Mozambique-Maputo,Intermed,0
Mozambique-Maputo,Intermed,0
Mozambique-Maputo,Intermed,0
Mozambique-Maputo,Intermed,0
Mozambique-Maputo,Intermed,0
Mozambique-Maputo,Intermed,0
Mozambique-Maputo,Intermed,0
Mozambique-Maputo,Intermed,0
Mozambique-Maputo,Intermed,0
Mozambique-Maputo,Intermed,0
Mozambique-Maputo,Intermed,0
Mozambique-Maputo,Intermed,0
Mozambique-Nampula,Intermed,0
Mozambique-Nampula,Intermed,0
Mozambique-Nampula,Intermed,0
Mozambique-Nampula,Intermed,0
Mozambique-Sofala,Intermed,0
Mozambique-Sofala,Intermed,0
Mozambique-Sofala,Intermed,0
Mozambique-Sofala,Intermed,0
Mozambique-Sofala,Intermed,0
Mozambique-Sofala,Intermed,0
Mozambique-Tete,Intermed,0
Mozambique-Tete,Intermed,0
Mozambique-Tete,Intermed,0
Mozambique-Tete,Intermed,0
Mozambique-Tete,Intermed,0
Mozambique-Zambezia,Intermed,0
Mozambique-Zambezia,Intermed,0
Mozambique-Zambezia,Intermed,0
Mozambique-Zambezia,Intermed,0
Mozambique-Zambezia,Intermed,0
Mozambique-Zambezia,Intermed,0
Mozambique-Zambezia,Intermed,0
Mozambique-Zambezia,Intermed,0
Mozambique-Zambezia,Intermed,0
Mozambique-Zambezia,Intermed,0
Mozambique-Zambezia,Intermed,0
Mozambique-Maputo,IPCA Laboratories Ltd.,0
Mozambique-Maputo,IPCA Laboratories Ltd.,0
Mozambique-Maputo,IPCA Laboratories Ltd.,0
Mozambique-Maputo,IPCA Laboratories Ltd.,0
Mozambique-Maputo,IPCA Laboratories Ltd.,0
Mozambique-Maputo,IPCA Laboratories Ltd.,0
Mozambique-Maputo,IPCA Laboratories Ltd.,0
Mozambique-Maputo,IPCA Laboratories Ltd.,0
Mozambique-Maputo,IPCA Laboratories Ltd.,0
Mozambique-Nampula,IPCA Laboratories Ltd.,0
Mozambique-Nampula,IPCA Laboratories Ltd.,0
Mozambique-Nampula,IPCA Laboratories Ltd.,0
Mozambique-Nampula,IPCA Laboratories Ltd.,0
Mozambique-Nampula,IPCA Laboratories Ltd.,0
Mozambique-Sofala,IPCA Laboratories Ltd.,0
Mozambique-Sofala,IPCA Laboratories Ltd.,0
Mozambique-Sofala,IPCA Laboratories Ltd.,0
Mozambique-Tete,IPCA Laboratories Ltd.,0
Mozambique-Tete,IPCA Laboratories Ltd.,0
Mozambique-Tete,IPCA Laboratories Ltd.,0
Mozambique-Zambezia,IPCA Laboratories Ltd.,0
Mozambique-Zambezia,IPCA Laboratories Ltd.,0
Mozambique-Zambezia,IPCA Laboratories Ltd.,0
Mozambique-Zambezia,IPCA Laboratories Ltd.,0
Mozambique-Zambezia,IPCA Laboratories Ltd.,0
Mozambique-Zambezia,IPCA Laboratories Ltd.,0
Mozambique-Zambezia,IPCA Laboratories Ltd.,0
Mozambique-Zambezia,IPCA Laboratories Ltd.,0
Mozambique-Zambezia,IPCA Laboratories Ltd.,0
Mozambique-Zambezia,IPCA Laboratories Ltd.,0
Mozambique-Zambezia,IPCA Laboratories Ltd.,0
Mozambique-Zambezia,IPCA Laboratories Ltd.,0
Mozambique-Zambezia,IPCA Laboratories Ltd.,0
Mozambique-Cabo Delgado,IPCA Laboratories Ltd.,0
Mozambique-Cabo Delgado,IPCA Laboratories Ltd.,0
Mozambique-Cabo Delgado,IPCA Laboratories Ltd.,0
Mozambique-Cabo Delgado,IPCA Laboratories Ltd.,0
Mozambique-Cabo Delgado,IPCA Laboratories Ltd.,0
Mozambique-Cabo Delgado,IPCA Laboratories Ltd.,0
Mozambique-Cabo Delgado,IPCA Laboratories Ltd.,0
Mozambique-Cabo Delgado,IPCA Laboratories Ltd.,0
Mozambique-Cabo Delgado,IPCA Laboratories Ltd.,0
Mozambique-Manica,IPCA Laboratories Ltd.,0
Mozambique-Manica,IPCA Laboratories Ltd.,0
Mozambique-Maputo,IPCA Laboratories Ltd.,0
Mozambique-Maputo,IPCA Laboratories Ltd.,0
Mozambique-Maputo,IPCA Laboratories Ltd.,0
Mozambique-Maputo,IPCA Laboratories Ltd.,0
Mozambique-Maputo Province,IPCA Laboratories Ltd.,0
Mozambique-Zambezia,IPCA Laboratories Ltd.,0
Mozambique-Zambezia,IPCA Laboratories Ltd.,0
Mozambique-Nampula,Jangxi,0
Mozambique-Maputo,Jiangxi Xier,0
Mozambique-Nampula,Jiangxi Xier,0
Mozambique-Zambezia,Jiangsu,0
Mozambique-Cabo Delgado,Jiangsu Pengyao,0
Mozambique-Cabo Delgado,Jiangsu Pengyao,0
Mozambique-Maputo,Jiangxi Xier,0
Mozambique-Maputo,Jiangxi Xier,0
Mozambique-Maputo,Jiangxi Xier,0
Mozambique-Maputo,Jiangxi Xier,0
Mozambique-Maputo,Jiangxi Xier,0
Mozambique-Maputo,Jiangxi Xier,0
Mozambique-Nampula,Jiangxi Xier,0
Mozambique-Nampula,Jiangxi Xier,0
Mozambique-Nampula,Jiangxi Xier,0
Mozambique-Sofala,Jiangxi Xier,0
Mozambique-Sofala,Jiangxi Xier,0
Mozambique-Sofala,Jiangxi Xier,0
Mozambique-Zambezia,Jiangxi Xier,0
Mozambique-Zambezia,Jiangxi Xier,0
Mozambique-Zambezia,Jiangxi Xier,0
Mozambique-Nampula,Jiangxi Xier,0
Mozambique-Nampula,Jiangxi Xier,0
Mozambique-Sofala,Jiangxi Xier,0
Mozambique-Sofala,Jiangxi Xier,0
Mozambique-Zambezia,Jiansu Pengyao,0
Mozambique-Zambezia,Jiansu Pengyao,0
Mozambique-Maputo,Jiaxing Xien,0
Mozambique-Maputo,Jiaxing Xien,0
Mozambique-Maputo,Jiungxl,0
Mozambique-Sofala,Kangtain,0
Mozambique-Sofala,Kantal,0
Mozambique-Zambezia,Kaprin,0
Mozambique-Cabo Delgado,Kausikh,0
Mozambique-Maputo,Kausikh,0
Mozambique-Tete,Kausikh,0
Mozambique-Zambezia,Kausikh,0
Mozambique-Zambezia,Kern,0
Mozambique-Tete,Kern Pharma,0
Mozambique-Zambezia,khausikh,0
Mozambique-Zambezia,khausikh,0
Mozambique-Cabo Delgado,Kopran,0
Mozambique-Cabo Delgado,Kopran,0
Mozambique-Inhambane,Kopran,0
Mozambique-Maputo,Kopran,0
Mozambique-Maputo,Kopran,0
Mozambique-Maputo,Kopran,0
Mozambique-Nampula,Kopran,0
Mozambique-Sofala,Kopran,0
Mozambique-Sofala,Kopran,0
Mozambique-Sofala,Kopran,0
Mozambique-Tete,Kopran,0
Mozambique-Tete,Kopran,0
Mozambique-Zambezia,Kopran,0
Mozambique-Zambezia,Kopran,0
Mozambique-Sofala,Kupin,0
Mozambique-Cabo Delgado,Laborate,0
Mozambique-Cabo Delgado,Laborate,0
Mozambique-Cabo Delgado,Laborate,0
Mozambique-Cabo Delgado,Laborate,0
Mozambique-Inhambane,Laborate,0
Mozambique-Inhambane,Laborate,0
Mozambique-Inhambane,Laborate,0
Mozambique-Maputo Province,Laborate,0
Mozambique-Maputo Province,Laborate,0
Mozambique-Maputo Province,Laborate,0
Mozambique-Nampula,Laborate,0
Mozambique-Nampula,Laborate,0
Mozambique-Nampula,Laborate,0
Mozambique-Nampula,Laborate,0
Mozambique-Sofala,Laborate,0
Mozambique-Sofala,Laborate,0
Mozambique-Sofala,Laborate,0
Mozambique-Tete,Laborate,0
Mozambique-Inhambane,Laboratorios Azevedo,0
Mozambique-Zambezia,Laboratorios Azevedo,0
Mozambique-Cabo Delgado,Lupin Ltd,0
Mozambique-Cabo Delgado,Lupin Ltd,0
Mozambique-Cabo Delgado,Lupin Ltd,0
Mozambique-Cabo Delgado,Lupin Ltd,0
Mozambique-Inhambane,Lupin Ltd,0
Mozambique-Inhambane,Lupin Ltd,0
Mozambique-Inhambane,Lupin Ltd,0
Mozambique-Inhambane,Lupin Ltd,0
Mozambique-Manica,Lupin Ltd,0
Mozambique-Maputo,Lupin Ltd,0
Mozambique-Maputo,Lupin Ltd,0
Mozambique-Maputo,Lupin Ltd,0
Mozambique-Maputo,Lupin Ltd,0
Mozambique-Maputo,Lupin Ltd,0
Mozambique-Maputo,Lupin Ltd,0
Mozambique-Maputo,Lupin Ltd,0
Mozambique-Maputo,Lupin Ltd,0
Mozambique-Maputo,Lupin Ltd,0
Mozambique-Maputo,Lupin Ltd,0
Mozambique-Maputo,Lupin Ltd,0
Mozambique-Maputo,Lupin Ltd,0
Mozambique-Nampula,Lupin Ltd,0
Mozambique-Nampula,Lupin Ltd,0
Mozambique-Nampula,Lupin Ltd,0
Mozambique-Nampula,Lupin Ltd,0
Mozambique-Nampula,Lupin Ltd,0
Mozambique-Nampula,Lupin Ltd,0
Mozambique-Nampula,Lupin Ltd,0
Mozambique-Nampula,Lupin Ltd,0
Mozambique-Nampula,Lupin Ltd,0
Mozambique-Sofala,Lupin Ltd,0
Mozambique-Sofala,Lupin Ltd,0
Mozambique-Sofala,Lupin Ltd,0
Mozambique-Sofala,Lupin Ltd,0
Mozambique-Sofala,Lupin Ltd,0
Mozambique-Sofala,Lupin Ltd,0
Mozambique-Sofala,Lupin Ltd,0
Mozambique-Sofala,Lupin Ltd,0
Mozambique-Sofala,Lupin Ltd,0
Mozambique-Sofala,Lupin Ltd,0
Mozambique-Sofala,Lupin Ltd,0
Mozambique-Tete,Lupin Ltd,0
Mozambique-Zambezia,Lupin Ltd,0
Mozambique-Zambezia,Lupin Ltd,0
Mozambique-Zambezia,Lupin Ltd,0
Mozambique-Zambezia,Lupin Ltd,0
Mozambique-Zambezia,Lupin Ltd,0
Mozambique-Zambezia,Lupin Ltd,0
Mozambique-Zambezia,Lupin Ltd,0
Mozambique-Zambezia,Lupin Ltd,0
Mozambique-Zambezia,Lupin Ltd,0
Mozambique-Nampula,Luporn,0
Mozambique-Maputo,Macleods,0
Mozambique-Sofala,Macleods,0
Mozambique-Inhambane,Macleods,0
Mozambique-Inhambane,Macleods,0
Mozambique-Inhambane,Macleods,0
Mozambique-Inhambane,Macleods,0
Mozambique-Inhambane,Macleods,0
Mozambique-Manica,Macleods,0
Mozambique-Manica,Macleods,0
Mozambique-Manica,Macleods,0
Mozambique-Maputo,Macleods,0
Mozambique-Maputo Province,Macleods,0
Mozambique-Maputo Province,Macleods,0
Mozambique-Nampula,Macleods,0
Mozambique-Nampula,Macleods,0
Mozambique-Nampula,Macleods,0
Mozambique-Nampula,Macleods,0
Mozambique-Nampula,Macleods,0
Mozambique-Nampula,Macleods,0
Mozambique-Nampula,Macleods,0
Mozambique-Nampula,Macleods,0
Mozambique-Nampula,Macleods,0
Mozambique-Nampula,Macleods,0
Mozambique-Nampula,Macleods,0
Mozambique-Nampula,Macleods,0
Mozambique-Nampula,Macleods,0
Mozambique-Nampula,Macleods,0
Mozambique-Sofala,Macleods,0
Mozambique-Sofala,Macleods,0
Mozambique-Sofala,Macleods,0
Mozambique-Sofala,Macleods,0
Mozambique-Tete,Macleods,0
Mozambique-Tete,Macleods,0
Mozambique-Tete,Macleods,0
Mozambique-Tete,Macleods,0
Mozambique-Zambezia,Macleods,0
Mozambique-Zambezia,Macleods,0
Mozambique-Zambezia,Macleods,0
Mozambique-Zambezia,Macleods,0
Mozambique-Cabo Delgado,Macleods,0
Mozambique-Cabo Delgado,Macleods,0
Mozambique-Cabo Delgado,Macleods,0
Mozambique-Cabo Delgado,Macleods,0
Mozambique-Cabo Delgado,Macleods,0
Mozambique-Cabo Delgado,Macleods,0
Mozambique-Zambezia,"Made by Generics, Ltd",0
Mozambique-Zambezia,"Made for Generics, Ltd",0
Mozambique-Zambezia,"Made for Generics, Ltd",0
Mozambique-Nampula,Manjing,0
Mozambique-Manica,Maphar,0
Mozambique-Zambezia,Maphar,0
Mozambique-Maputo,Maxhael,0
Mozambique-Maputo,Maxheal,0
Mozambique-Nampula,Maxheal,0
Mozambique-Nampula,Maxheal,0
Mozambique-Nampula,Maxheal,0
Mozambique-Nampula,Maxheal,0
Mozambique-Nampula,Maxheal,0
Mozambique-Sofala,Maxheal,0
Mozambique-Sofala,Maxheal,0
Mozambique-Sofala,Maxheal,0
Mozambique-Sofala,Maxheal,0
Mozambique-Zambezia,Maxwel,0
Mozambique-Maputo,MEClINFAR,0
Mozambique-Maputo,Medicamen Biotech,0
Mozambique-Maputo,Medicamen Biotech,0
Mozambique-Maputo,Medicamen Biotech,0
Mozambique-Maputo,Medicamen Biotech,0
Mozambique-Maputo,Medicamen Biotech,0
Mozambique-Maputo,Medicamen Biotech,0
Mozambique-Nampula,Medicamen Biotech,0
Mozambique-Sofala,Medicamen Biotech,0
Mozambique-Nampula,Medicamen Biotech,0
Mozambique-Sofala,Medicamen Biotech,0
Mozambique-Sofala,Medicamen Biotech,0
Mozambique-Sofala,Medicamen Biotech,0
Mozambique-Sofala,Medicamen Biotech,0
Mozambique-Sofala,Medicamen Biotech,0
Mozambique-Sofala,Medicamen Biotech,0
Mozambique-Sofala,Medicamen Biotech,0
Mozambique-Sofala,Medicamen Biotech,0
Mozambique-Sofala,Medicamen Biotech,0
Mozambique-Sofala,Medochemie Ltd,0
Mozambique-Cabo Delgado,Medopharm,0
Mozambique-Cabo Delgado,Medopharm,0
Mozambique-Cabo Delgado,Medopharm,0
Mozambique-Cabo Delgado,Medopharm,0
Mozambique-Cabo Delgado,Medopharm,0
Mozambique-Cabo Delgado,Medopharm,0
Mozambique-Cabo Delgado,Medopharm,0
Mozambique-Cabo Delgado,Medopharm,0
Mozambique-Cabo Delgado,Medopharm,0
Mozambique-Cabo Delgado,Medopharm,0
Mozambique-Inhambane,Medopharm,0
Mozambique-Inhambane,Medopharm,0
Mozambique-Manica,Medopharm,0
Mozambique-Manica,Medopharm,0
Mozambique-Maputo,Medopharm,0
Mozambique-Maputo,Medopharm,0
Mozambique-Maputo,Medopharm,0
Mozambique-Maputo,Medopharm,0
Mozambique-Maputo,Medopharm,0
Mozambique-Maputo,Medopharm,0
Mozambique-Maputo,Medopharm,0
Mozambique-Maputo,Medopharm,0
Mozambique-Maputo,Medopharm,0
Mozambique-Maputo,Medopharm,0
Mozambique-Maputo,Medopharm,0
Mozambique-Maputo,Medopharm,0
Mozambique-Maputo,Medopharm,0
Mozambique-Maputo,Medopharm,0
Mozambique-Maputo,Medopharm,0
Mozambique-Maputo,Medopharm,0
Mozambique-Maputo,Medopharm,0
Mozambique-Maputo,Medopharm,0
Mozambique-Maputo,Medopharm,0
Mozambique-Maputo,Medopharm,0
Mozambique-Maputo,Medopharm,0
Mozambique-Maputo,Medopharm,0
Mozambique-Maputo,Medopharm,0
Mozambique-Maputo,Medopharm,0
Mozambique-Maputo,Medopharm,0
Mozambique-Maputo,Medopharm,0
Mozambique-Maputo,Medopharm,0
Mozambique-Maputo,Medopharm,0
Mozambique-Maputo,Medopharm,0
Mozambique-Maputo,Medopharm,0
Mozambique-Maputo,Medopharm,0
Mozambique-Maputo,Medopharm,0
Mozambique-Maputo,Medopharm,0
Mozambique-Maputo,Medopharm,0
Mozambique-Maputo,Medopharm,0
Mozambique-Maputo,Medopharm,0
Mozambique-Maputo,Medopharm,0
Mozambique-Maputo,Medopharm,0
Mozambique-Maputo,Medopharm,0
Mozambique-Maputo,Medopharm,0
Mozambique-Maputo,Medopharm,0
Mozambique-Maputo,Medopharm,0
Mozambique-Maputo,Medopharm,0
Mozambique-Maputo,Medopharm,0
Mozambique-Maputo,Medopharm,0
Mozambique-Nampula,Medopharm,0
Mozambique-Nampula,Medopharm,0
Mozambique-Nampula,Medopharm,0
Mozambique-Nampula,Medopharm,0
Mozambique-Nampula,Medopharm,0
Mozambique-Nampula,Medopharm,0
Mozambique-Nampula,Medopharm,0
Mozambique-Nampula,Medopharm,0
Mozambique-Nampula,Medopharm,0
Mozambique-Nampula,Medopharm,0
Mozambique-Nampula,Medopharm,0
Mozambique-Nampula,Medopharm,0
Mozambique-Nampula,Medopharm,0
Mozambique-Nampula,Medopharm,0
Mozambique-Nampula,Medopharm,0
Mozambique-Nampula,Medopharm,0
Mozambique-Nampula,Medopharm,0
Mozambique-Nampula,Medopharm,0
Mozambique-Sofala,Medopharm,0
Mozambique-Sofala,Medopharm,0
Mozambique-Sofala,Medopharm,0
Mozambique-Sofala,Medopharm,0
Mozambique-Sofala,Medopharm,0
Mozambique-Sofala,Medopharm,0
Mozambique-Sofala,Medopharm,0
Mozambique-Sofala,Medopharm,0
Mozambique-Sofala,Medopharm,0
Mozambique-Sofala,Medopharm,0
Mozambique-Sofala,Medopharm,0
Mozambique-Sofala,Medopharm,0
Mozambique-Tete,Medopharm,0
Mozambique-Tete,Medopharm,0
Mozambique-Tete,Medopharm,0
Mozambique-Tete,Medopharm,0
Mozambique-Tete,Medopharm,0
Mozambique-Tete,Medopharm,0
Mozambique-Tete,Medopharm,0
Mozambique-Tete,Medopharm,0
Mozambique-Tete,Medopharm,0
Mozambique-Tete,Medopharm,0
Mozambique-Zambezia,Medopharm,0
Mozambique-Zambezia,Medopharm,0
Mozambique-Zambezia,Medopharm,0
Mozambique-Zambezia,Medopharm,0
Mozambique-Zambezia,Medopharm,0
Mozambique-Zambezia,Medopharm,0
Mozambique-Zambezia,Medopharm,0
Mozambique-Zambezia,Medopharm,0
Mozambique-Zambezia,Medopharm,0
Mozambique-Zambezia,Medopharm,0
Mozambique-Zambezia,Medopharm,0
Mozambique-Zambezia,Medopharm,0
Mozambique-Zambezia,Medopharm,0
Mozambique-Zambezia,Medopharm,0
Mozambique-Zambezia,Medopharm,0
Mozambique-Zambezia,Medopharm,0
Mozambique-Zambezia,Medopharm,0
Mozambique-Zambezia,Medopharm,0
Mozambique-Zambezia,Medopharm,0
Mozambique-Zambezia,Medopharm,0
Mozambique-Zambezia,Medopharm,0
Mozambique-Maputo,Medopharm,0
Mozambique-Maputo,Medopharm,0
Mozambique-Maputo,Medopharm,0
Mozambique-Maputo,Medopharm,0
Mozambique-Maputo,Medopharm,0
Mozambique-Nampula,Medopharm,0
Mozambique-Cabo Delgado,Mercury,0
Mozambique-Cabo Delgado,Mercury,0
Mozambique-Inhambane,Mercury,0
Mozambique-Maputo,Mercury,0
Mozambique-Maputo,Mercury,0
Mozambique-Nampula,Mercury,0
Mozambique-Sofala,Mercury,0
Mozambique-Maputo,Meyer-BPC,0
Mozambique-Maputo,Meyer-BPC,0
Mozambique-Cabo Delgado,Microlabs,0
Mozambique-Cabo Delgado,Microlabs,0
Mozambique-Cabo Delgado,Microlabs,0
Mozambique-Cabo Delgado,Microlabs,0
Mozambique-Cabo Delgado,Microlabs,0
Mozambique-Cabo Delgado,Microlabs,0
Mozambique-Cabo Delgado,Microlabs,0
Mozambique-Cabo Delgado,Microlabs,0
Mozambique-Cabo Delgado,Microlabs,0
Mozambique-Inhambane,Microlabs,0
Mozambique-Inhambane,Microlabs,0
Mozambique-Inhambane,Microlabs,0
Mozambique-Inhambane,Microlabs,0
Mozambique-Inhambane,Microlabs,0
Mozambique-Maputo,Microlabs,0
Mozambique-Maputo,Microlabs,0
Mozambique-Maputo,Microlabs,0
Mozambique-Maputo,Microlabs,0
Mozambique-Maputo,Microlabs,0
Mozambique-Maputo,Microlabs,0
Mozambique-Maputo,Microlabs,0
Mozambique-Maputo,Microlabs,0
Mozambique-Maputo,Microlabs,0
Mozambique-Maputo,Microlabs,0
Mozambique-Maputo,Microlabs,0
Mozambique-Maputo,Microlabs,0
Mozambique-Maputo,Microlabs,0
Mozambique-Maputo Province,Microlabs,0
Mozambique-Maputo Province,Microlabs,0
Mozambique-Maputo Province,Microlabs,0
Mozambique-Maputo Province,Microlabs,0
Mozambique-Maputo Province,Microlabs,0
Mozambique-Nampula,Microlabs,0
Mozambique-Nampula,Microlabs,0
Mozambique-Nampula,Microlabs,0
Mozambique-Nampula,Microlabs,0
Mozambique-Nampula,Microlabs,0
Mozambique-Nampula,Microlabs,0
Mozambique-Nampula,Microlabs,0
Mozambique-Nampula,Microlabs,0
Mozambique-Nampula,Microlabs,0
Mozambique-Nampula,Microlabs,0
Mozambique-Nampula,Microlabs,0
Mozambique-Nampula,Microlabs,0
Mozambique-Sofala,Microlabs,0
Mozambique-Sofala,Microlabs,0
Mozambique-Sofala,Microlabs,0
Mozambique-Sofala,Microlabs,0
Mozambique-Tete,Microlabs,0
Mozambique-Tete,Microlabs,0
Mozambique-Tete,Microlabs,0
Mozambique-Tete,Microlabs,0
Mozambique-Tete,Microlabs,0
Mozambique-Tete,Microlabs,0
Mozambique-Tete,Microlabs,0
Mozambique-Tete,Microlabs,0
Mozambique-Tete,Microlabs,0
Mozambique-Tete,Microlabs,0
Mozambique-Tete,Microlabs,0
Mozambique-Zambezia,Microlabs,0
Mozambique-Zambezia,Microlabs,0
Mozambique-Zambezia,Microlabs,0
Mozambique-Zambezia,Microlabs,0
Mozambique-Zambezia,Microlabs,0
Mozambique-Zambezia,Microlabs,0
Mozambique-Zambezia,Microlabs,0
Mozambique-Zambezia,Microlabs,0
Mozambique-Zambezia,Microlabs,0
Mozambique-Zambezia,Microlabs,0
Mozambique-Nampula,Microlabs,0
Mozambique-Nampula,Microlabs,0
Mozambique-Nampula,Microlabs,0
Mozambique-Nampula,Microlabs,0
Mozambique-Cabo Delgado,Microlabs,0
Mozambique-Manica,Microlabs,0
Mozambique-Manica,Microlabs,0
Mozambique-Manica,Microlabs,0
Mozambique-Manica,Microlabs,0
Mozambique-Nampula,Microlabs,0
Mozambique-Nampula,Microlabs,0
Mozambique-Nampula,Microlabs,0
Mozambique-Nampula,Microlabs,0
Mozambique-Nampula,Microlabs,0
Mozambique-Nampula,Microlabs,0
Mozambique-Nampula,Microlabs,0
Mozambique-Nampula,Microlabs,0
Mozambique-Nampula,Microlabs,0
Mozambique-Sofala,Microlabs,0
Mozambique-Sofala,Microlabs,0
Mozambique-Sofala,Microlabs,0
Mozambique-Sofala,Microlabs,0
Mozambique-Sofala,Microlabs,0
Mozambique-Sofala,Microlabs,0
Mozambique-Sofala,Microlabs,0
Mozambique-Sofala,Microlabs,0
Mozambique-Sofala,Microlabs,0
Mozambique-Sofala,Microlabs,0
Mozambique-Sofala,Microlabs,0
Mozambique-Sofala,Microlabs,0
Mozambique-Sofala,Microlabs,0
Mozambique-Zambezia,Microlabs,0
Mozambique-Zambezia,Microlabs,0
Mozambique-Nampula,Microlabs,0
Mozambique-Nampula,Microlabs,0
Mozambique-Zambezia,Microlabs,0
Mozambique-Manica,MIDC,0
Mozambique-Maputo,Milan,0
Mozambique-Maputo,Milan,0
Mozambique-Maputo,Milan,0
Mozambique-Nampula,Milan,0
Mozambique-Nampula,Milan,0
Mozambique-Tete,Milan,0
Mozambique-Zambezia,Milan,0
Mozambique-Zambezia,Milan,0
Mozambique-Zambezia,Milan,0
Mozambique-Zambezia,Milan,0
Mozambique-Zambezia,Milan,0
Mozambique-Zambezia,Milan,0
Mozambique-Zambezia,Milan,0
Mozambique-Zambezia,Milan,0
Mozambique-Sofala,Milan,0
Mozambique-Sofala,Milan,0
Mozambique-Zambezia,Milan,0
Mozambique-Zambezia,Milan,0
Mozambique-Cabo Delgado,Unknown,0
Mozambique-Cabo Delgado,Unknown,0
Mozambique-Maputo,Unknown,0
Mozambique-Maputo,Unknown,0
Mozambique-Maputo,Unknown,0
Mozambique-Maputo,Unknown,0
Mozambique-Maputo,Unknown,0
Mozambique-Maputo,Unknown,0
Mozambique-Maputo,Unknown,0
Mozambique-Maputo,Unknown,0
Mozambique-Maputo,Unknown,0
Mozambique-Maputo,Unknown,0
Mozambique-Maputo,Unknown,0
Mozambique-Maputo,Unknown,0
Mozambique-Maputo,Unknown,0
Mozambique-Nampula,Unknown,0
Mozambique-Nampula,Unknown,0
Mozambique-Nampula,Unknown,0
Mozambique-Nampula,Unknown,0
Mozambique-Nampula,Unknown,0
Mozambique-Nampula,Unknown,0
Mozambique-Nampula,Unknown,0
Mozambique-Nampula,Unknown,0
Mozambique-Nampula,Unknown,0
Mozambique-Nampula,Unknown,0
Mozambique-Nampula,Unknown,0
Mozambique-Nampula,Unknown,0
Mozambique-Nampula,Unknown,0
Mozambique-Nampula,Unknown,0
Mozambique-Sofala,Unknown,0
Mozambique-Sofala,Unknown,0
Mozambique-Sofala,Unknown,0
Mozambique-Sofala,Unknown,0
Mozambique-Sofala,Unknown,0
Mozambique-Sofala,Unknown,0
Mozambique-Sofala,Unknown,0
Mozambique-Sofala,Unknown,0
Mozambique-Sofala,Unknown,0
Mozambique-Sofala,Unknown,0
Mozambique-Sofala,Unknown,0
Mozambique-Sofala,Unknown,0
Mozambique-Sofala,Unknown,0
Mozambique-Sofala,Unknown,0
Mozambique-Sofala,Unknown,0
Mozambique-Sofala,Unknown,0
Mozambique-Sofala,Unknown,0
Mozambique-Sofala,Unknown,0
Mozambique-Sofala,Unknown,0
Mozambique-Sofala,Unknown,0
Mozambique-Sofala,Unknown,0
Mozambique-Sofala,Unknown,0
Mozambique-Sofala,Unknown,0
Mozambique-Sofala,Unknown,0
Mozambique-Sofala,Unknown,0
Mozambique-Sofala,Unknown,0
Mozambique-Sofala,Unknown,0
Mozambique-Sofala,Unknown,0
Mozambique-Sofala,Unknown,0
Mozambique-Sofala,Unknown,0
Mozambique-Sofala,Unknown,0
Mozambique-Sofala,Unknown,0
Mozambique-Sofala,Unknown,0
Mozambique-Sofala,Unknown,0
Mozambique-Sofala,Unknown,0
Mozambique-Sofala,Unknown,0
Mozambique-Sofala,Unknown,0
Mozambique-Sofala,Unknown,0
Mozambique-Sofala,Unknown,0
Mozambique-Sofala,Unknown,0
Mozambique-Tete,Unknown,0
Mozambique-Tete,Unknown,0
Mozambique-Tete,Unknown,0
Mozambique-Zambezia,Unknown,0
Mozambique-Zambezia,Unknown,0
Mozambique-Zambezia,Unknown,0
Mozambique-Zambezia,Unknown,0
Mozambique-Zambezia,Unknown,0
Mozambique-Zambezia,Unknown,0
Mozambique-Zambezia,Unknown,0
Mozambique-Cabo Delgado,Mission Pharma,0
Mozambique-Maputo,Mission Pharma,0
Mozambique-Maputo,Mission Pharma,0
Mozambique-Sofala,Mission Pharma,0
Mozambique-Zambezia,Mopharm,0
Mozambique-Inhambane,Mylan,0
Mozambique-Manica,Mylan,0
Mozambique-Manica,Mylan,0
Mozambique-Sofala,Mylan,0
Mozambique-Sofala,Mylan,0
Mozambique-Sofala,Mylan,0
Mozambique-Sofala,Mylan,0
Mozambique-Tete,Mylan,0
Mozambique-Tete,Mylan,0
Mozambique-Nampula,Mylan,0
Mozambique-Manica,Unknown,0
Mozambique-Manica,Unknown,0
Mozambique-Manica,Unknown,0
Mozambique-Manica,Unknown,0
Mozambique-Maputo,Unknown,0
Mozambique-Maputo,Unknown,0
Mozambique-Sofala,Unknown,0
Mozambique-Tete,Unknown,0
Mozambique-Tete,Unknown,0
Mozambique-Tete,Unknown,0
Mozambique-Tete,Unknown,0
Mozambique-Tete,Unknown,0
Mozambique-Tete,Unknown,0
Mozambique-Tete,Unknown,0
Mozambique-Tete,Unknown,0
Mozambique-Zambezia,Unknown,0
Mozambique-Zambezia,Unknown,0
Mozambique-Zambezia,Unknown,0
Mozambique-Zambezia,Unknown,0
Mozambique-Zambezia,Unknown,0
Mozambique-Zambezia,Unknown,0
Mozambique-Zambezia,Unknown,0
Mozambique-Zambezia,Unknown,0
Mozambique-Zambezia,Unknown,0
Mozambique-Zambezia,Unknown,0
Mozambique-Zambezia,Unknown,0
Mozambique-Zambezia,Unknown,0
Mozambique-Zambezia,Unknown,0
Mozambique-Maputo,Najing,0
Mozambique-Sofala,Najing,0
Mozambique-Maputo,Najing,0
Mozambique-Maputo,Najing,0
Mozambique-Maputo,Najing,0
Mozambique-Sofala,Najing,0
Mozambique-Nampula,Nanjing,0
Mozambique-Manica,Nanjing,0
Mozambique-Maputo,Nanjing,0
Mozambique-Maputo,Nanjing,0
Mozambique-Maputo,Nanjing,0
Mozambique-Nampula,Nanjing,0
Mozambique-Sofala,Nanjing,0
Mozambique-Tete,Nanjing,0
Mozambique-Tete,Nanjing,0
Mozambique-Inhambane,Nanjing,0
Mozambique-Inhambane,Nanjing,0
Mozambique-Maputo Province,Nanjing,0
Mozambique-Maputo Province,Nanjing,0
Mozambique-Maputo Province,Nanjing,0
Mozambique-Sofala,Nanjing,0
Mozambique-Zambezia,Nanjing,0
Mozambique-Zambezia,Nanjing,0
Mozambique-Zambezia,Nanjing,0
Mozambique-Zambezia,Nanjing,0
Mozambique-Sofala,Nanjing,0
Mozambique-Sofala,Nanying,0
Mozambique-Maputo,Nenjing,0
Mozambique-Tete,Neomedic,0
Mozambique-Tete,Neomedic,0
Mozambique-Inhambane,Neomedic,0
Mozambique-Maputo,Neomedic,0
Mozambique-Maputo,Neomedic,0
Mozambique-Maputo,Neomedic,0
Mozambique-Maputo,Neomedic,0
Mozambique-Maputo,Neomedic,0
Mozambique-Maputo,Neomedic,0
Mozambique-Nampula,Neomedic,0
Mozambique-Nampula,Neomedic,0
Mozambique-Nampula,Neomedic,0
Mozambique-Nampula,Neomedic,0
Mozambique-Nampula,Neomedic,0
Mozambique-Nampula,Neomedic,0
Mozambique-Nampula,Neomedic,0
Mozambique-Nampula,Neomedic,0
Mozambique-Sofala,Neomedic,0
Mozambique-Sofala,Neomedic,0
Mozambique-Sofala,Neomedic,0
Mozambique-Sofala,Neomedic,0
Mozambique-Tete,Neomedic,0
Mozambique-Tete,Neomedic,0
Mozambique-Tete,Neomedic,0
Mozambique-Tete,Neomedic,0
Mozambique-Zambezia,Neomedic,0
Mozambique-Sofala,Ningbo Shuangwei,0
Mozambique-Sofala,Ningbo Shuangwei,0
Mozambique-Sofala,Ningbo Shuangwei,0
Mozambique-Sofala,Ningbo Shuangwei,0
Mozambique-Inhambane,Unknown,0
Mozambique-Inhambane,Unknown,0
Mozambique-Inhambane,Unknown,0
Mozambique-Sofala,Unknown,0
Mozambique-Cabo Delgado,Novartis,0
Mozambique-Cabo Delgado,Novartis,0
Mozambique-Cabo Delgado,Novartis,0
Mozambique-Cabo Delgado,Novartis,0
Mozambique-Cabo Delgado,Novartis,0
Mozambique-Cabo Delgado,Novartis,0
Mozambique-Cabo Delgado,Novartis,0
Mozambique-Cabo Delgado,Novartis,0
Mozambique-Cabo Delgado,Novartis,0
Mozambique-Cabo Delgado,Novartis,0
Mozambique-Inhambane,Novartis,0
Mozambique-Inhambane,Novartis,0
Mozambique-Inhambane,Novartis,0
Mozambique-Inhambane,Novartis,0
Mozambique-Inhambane,Novartis,0
Mozambique-Inhambane,Novartis,0
Mozambique-Inhambane,Novartis,0
Mozambique-Inhambane,Novartis,0
Mozambique-Inhambane,Novartis,0
Mozambique-Inhambane,Novartis,0
Mozambique-Inhambane,Novartis,0
Mozambique-Manica,Novartis,0
Mozambique-Manica,Novartis,0
Mozambique-Manica,Novartis,0
Mozambique-Manica,Novartis,0
Mozambique-Manica,Novartis,0
Mozambique-Manica,Novartis,0
Mozambique-Maputo,Novartis,0
Mozambique-Maputo,Novartis,0
Mozambique-Maputo,Novartis,0
Mozambique-Maputo,Novartis,0
Mozambique-Maputo,Novartis,0
Mozambique-Maputo,Novartis,0
Mozambique-Maputo,Novartis,0
Mozambique-Maputo,Novartis,0
Mozambique-Maputo,Novartis,0
Mozambique-Maputo,Novartis,0
Mozambique-Maputo,Novartis,0
Mozambique-Maputo,Novartis,0
Mozambique-Maputo,Novartis,0
Mozambique-Maputo,Novartis,0
Mozambique-Maputo,Novartis,0
Mozambique-Maputo,Novartis,0
Mozambique-Maputo,Novartis,0
Mozambique-Maputo,Novartis,0
Mozambique-Maputo,Novartis,0
Mozambique-Maputo,Novartis,0
Mozambique-Maputo,Novartis,0
Mozambique-Maputo,Novartis,0
Mozambique-Maputo,Novartis,0
Mozambique-Maputo Province,Novartis,0
Mozambique-Maputo Province,Novartis,0
Mozambique-Maputo Province,Novartis,0
Mozambique-Nampula,Novartis,0
Mozambique-Nampula,Novartis,0
Mozambique-Nampula,Novartis,0
Mozambique-Nampula,Novartis,0
Mozambique-Nampula,Novartis,0
Mozambique-Nampula,Novartis,0
Mozambique-Nampula,Novartis,0
Mozambique-Nampula,Novartis,0
Mozambique-Nampula,Novartis,0
Mozambique-Nampula,Novartis,0
Mozambique-Nampula,Novartis,0
Mozambique-Nampula,Novartis,0
Mozambique-Nampula,Novartis,0
Mozambique-Nampula,Novartis,0
Mozambique-Nampula,Novartis,0
Mozambique-Nampula,Novartis,0
Mozambique-Nampula,Novartis,0
Mozambique-Nampula,Novartis,0
Mozambique-Sofala,Novartis,0
Mozambique-Sofala,Novartis,0
Mozambique-Sofala,Novartis,0
Mozambique-Sofala,Novartis,0
Mozambique-Sofala,Novartis,0
Mozambique-Sofala,Novartis,0
Mozambique-Sofala,Novartis,0
Mozambique-Sofala,Novartis,0
Mozambique-Sofala,Novartis,0
Mozambique-Sofala,Novartis,0
Mozambique-Sofala,Novartis,0
Mozambique-Sofala,Novartis,0
Mozambique-Tete,Novartis,0
Mozambique-Tete,Novartis,0
Mozambique-Tete,Novartis,0
Mozambique-Tete,Novartis,0
Mozambique-Tete,Novartis,0
Mozambique-Tete,Novartis,0
Mozambique-Tete,Novartis,0
Mozambique-Tete,Novartis,0
Mozambique-Zambezia,Novartis,0
Mozambique-Zambezia,Novartis,0
Mozambique-Zambezia,Novartis,0
Mozambique-Zambezia,Novartis,0
Mozambique-Zambezia,Novartis,0
Mozambique-Zambezia,Novartis,0
Mozambique-Zambezia,Novartis,0
Mozambique-Zambezia,Novartis,0
Mozambique-Zambezia,Novartis,0
Mozambique-Zambezia,Novartis,0
Mozambique-Zambezia,Novartis,0
Mozambique-Zambezia,Novartis,0
Mozambique-Zambezia,Novartis,0
Mozambique-Zambezia,Novartis,0
Mozambique-Zambezia,Novartis,0
Mozambique-Zambezia,Novartis,0
Mozambique-Zambezia,Novartis,0
Mozambique-Zambezia,Novartis,0
Mozambique-Zambezia,Novartis,0
Mozambique-Zambezia,Novartis,0
Mozambique-Maputo,Pharmacure,0
Mozambique-Nampula,Phusui,0
Mozambique-Sofala,PQM,0
Mozambique-Maputo,Ranbaxy,0
Mozambique-Manica,Ranbaxy,0
Mozambique-Maputo,Ranbaxy,0
Mozambique-Maputo,Ranbaxy,0
Mozambique-Maputo,Ranbaxy,0
Mozambique-Maputo,Ranbaxy,0
Mozambique-Maputo,Ranbaxy,0
Mozambique-Tete,Ranbaxy,0
Mozambique-Sofala,Ranbaxy,0
Mozambique-Sofala,Ranbaxy,0
Mozambique-Sofala,Ranbaxy,0
Mozambique-Sofala,Ranbaxy,0
Mozambique-Sofala,Ranbaxy,0
Mozambique-Sofala,Ranbaxy,0
Mozambique-Sofala,Ranbaxy,0
Mozambique-Maputo Province,Ranbaxy,0
Mozambique-Zambezia,Reyoung Pharmeceutical,0
Mozambique-Zambezia,Reyoung Pharmeceutical,0
Mozambique-Zambezia,Reyoung Pharmeceutical,0
Mozambique-Manica,Reyoung Pharmeceutical,0
Mozambique-Manica,Reyoung Pharmeceutical,0
Mozambique-Manica,Reyoung Pharmeceutical,0
Mozambique-Maputo,Reyoung Pharmeceutical,0
Mozambique-Maputo Province,Reyoung Pharmeceutical,0
Mozambique-Tete,Reyoung Pharmeceutical,0
Mozambique-Zambezia,Reyoung Pharmeceutical,0
Mozambique-Sofala,Reyoung Pharmeceutical,0
Mozambique-Sofala,Reyoung Pharmeceutical,0
Mozambique-Sofala,Reyoung Pharmeceutical,0
Mozambique-Sofala,Riemser,0
Mozambique-Sofala,Riemser Arzneimittel,0
Mozambique-Sofala,Riemser Arzneimittel,0
Mozambique-Nampula,Riemser Pharma,0
Mozambique-Zambezia,S. Kant Healthcare Ltd,0
Mozambique-Cabo Delgado,S. Kant Healthcare Ltd,0
Mozambique-Cabo Delgado,S. Kant Healthcare Ltd,0
Mozambique-Maputo Province,S. Kant Healthcare Ltd,0
Mozambique-Zambezia,S. Kant Healthcare Ltd,0
Mozambique-Sofala,S. Kant Healthcare Ltd,0
Mozambique-Tete,S. Kant Healthcare Ltd,0
Mozambique-Tete,S. Kant Healthcare Ltd,0
Mozambique-Maputo,Saga,0
Mozambique-Sofala,Sahib,0
Mozambique-Sofala,Shelys Pharmaceuticals,0
Mozambique-Zambezia,Sinochem,0
Mozambique-Sofala,Sinochem Ningbo,0
Mozambique-Sofala,Sinochem Ningbo,0
Mozambique-Sofala,Sinochem Ningbo,0
Mozambique-Zambezia,Svizera Labs,0
Mozambique-Maputo,Skant,0
Mozambique-Maputo,Skant,0
Mozambique-Maputo,Skant,0
Mozambique-Maputo,Skant,0
Mozambique-Maputo,Skant,0
Mozambique-Maputo,Skant,0
Mozambique-Maputo,Skant,0
Mozambique-Maputo,Skant,0
Mozambique-Nampula,Skant,0
Mozambique-Tete,Skant,0
Mozambique-Sofala,Skant,0
Mozambique-Nampula,Skant,0
Mozambique-Inhambane,Skant,0
Mozambique-Nampula,Stalion,0
Mozambique-Nampula,Stalion,0
Mozambique-Nampula,Stalion,0
Mozambique-Nampula,Stalion,0
Mozambique-Maputo Province,Stallion,0
Mozambique-Sofala,Stallion,0
Mozambique-Sofala,Stallion,0
Mozambique-Sofala,Stallion,0
Mozambique-Sofala,Stallion,0
Mozambique-Zambezia,Stallion,0
Mozambique-Zambezia,Stallion,0
Mozambique-Zambezia,Stallion,0
Mozambique-Cabo Delgado,Strides Arcolab Ltd,0
Mozambique-Cabo Delgado,Strides Arcolab Ltd,0
Mozambique-Inhambane,Strides Arcolab Ltd,0
Mozambique-Inhambane,Strides Arcolab Ltd,0
Mozambique-Inhambane,Strides Arcolab Ltd,0
Mozambique-Inhambane,Strides Arcolab Ltd,0
Mozambique-Manica,Strides Arcolab Ltd,0
Mozambique-Manica,Strides Arcolab Ltd,0
Mozambique-Manica,Strides Arcolab Ltd,0
Mozambique-Maputo,Strides Arcolab Ltd,0
Mozambique-Maputo,Strides Arcolab Ltd,0
Mozambique-Maputo,Strides Arcolab Ltd,0
Mozambique-Maputo,Strides Arcolab Ltd,0
Mozambique-Nampula,Strides Arcolab Ltd,0
Mozambique-Nampula,Strides Arcolab Ltd,0
Mozambique-Nampula,Strides Arcolab Ltd,0
Mozambique-Nampula,Strides Arcolab Ltd,0
Mozambique-Nampula,Strides Arcolab Ltd,0
Mozambique-Nampula,Strides Arcolab Ltd,0
Mozambique-Sofala,Strides Arcolab Ltd,0
Mozambique-Sofala,Strides Arcolab Ltd,0
Mozambique-Zambezia,Strides Arcolab Ltd,0
Mozambique-Zambezia,Strides Arcolab Ltd,0
Mozambique-Zambezia,Strides Arcolab Ltd,0
Mozambique-Zambezia,Strides Arcolab Ltd,0
Mozambique-Zambezia,Strides Arcolab Ltd,0
Mozambique-Zambezia,Strides Arcolab Ltd,0
Mozambique-Zambezia,Strides Arcolab Ltd,0
Mozambique-Zambezia,Strides Arcolab Ltd,0
Mozambique-Zambezia,Strides Arcolab Ltd,0
Mozambique-Zambezia,Strides Arcolab Ltd,0
Mozambique-Zambezia,Strides Arcolab Ltd,0
Mozambique-Inhambane,Svizera Labs,0
Mozambique-Inhambane,Svizera Labs,0
Mozambique-Inhambane,Svizera Labs,0
Mozambique-Inhambane,Svizera Labs,0
Mozambique-Nampula,Svizera Labs,0
Mozambique-Nampula,Svizera Labs,0
Mozambique-Nampula,Svizera Labs,0
Mozambique-Nampula,Svizera Labs,0
Mozambique-Nampula,Svizera Labs,0
Mozambique-Nampula,Svizera Labs,0
Mozambique-Nampula,Svizera Labs,0
Mozambique-Sofala,Svizera Labs,0
Mozambique-Sofala,Svizera Labs,0
Mozambique-Manica,Svizera Labs,0
Mozambique-Nampula,T e T Pharma Care,0
Mozambique-Cabo Delgado,Tamil Nadu,0
Mozambique-Nampula,Teuto,0
Mozambique-Nampula,Teuto,0
Mozambique-Manica,Torrent Pharmaceuticals,0
Mozambique-Maputo,Torrent Pharmaceuticals,0
Mozambique-Zambezia,Torrent Pharmaceuticals,0
Mozambique-Zambezia,Torrent Pharmaceuticals,0
Mozambique-Nampula,Torrent Pharmaceuticals,0
Mozambique-Sofala,Uiemo Labs,0
Mozambique-Cabo Delgado,Umedica Laboratories Pvt Ltd,0
Mozambique-Inhambane,Umedica Laboratories Pvt Ltd,0
Mozambique-Maputo,Umedica Laboratories Pvt Ltd,0
Mozambique-Maputo,Umedica Laboratories Pvt Ltd,0
Mozambique-Nampula,Umedica Laboratories Pvt Ltd,0
Mozambique-Nampula,Umedica Laboratories Pvt Ltd,0
Mozambique-Sofala,Umedica Laboratories Pvt Ltd,0
Mozambique-Tete,Umedica Laboratories Pvt Ltd,0
Mozambique-Zambezia,Umedica Laboratories Pvt Ltd,0
Mozambique-Zambezia,Umedica Laboratories Pvt Ltd,0
Mozambique-Inhambane,Unique Pharmaceuticals,0
Mozambique-Cabo Delgado,Unique Pharmaceuticals,0
Mozambique-Tete,Universal Corporation Ltd,0
Mozambique-Zambezia,Waterland,0
Mozambique-Sofala,Xinngxixierkangtai,0
Mozambique-Zambezia,"Yanzhou Xier Kangtai Pharmaceutical Co., Ltd",0
Mozambique-Nampula,"Yanzhou Xier Kangtai Pharmaceutical Co., Ltd",0
Mozambique-Nampula,"Yanzhou Xier Kangtai Pharmaceutical Co., Ltd",0
Mozambique-Nampula,"Yanzhou Xier Kangtai Pharmaceutical Co., Ltd",0
Mozambique-Nampula,"Yanzhou Xier Kangtai Pharmaceutical Co., Ltd",0
Mozambique-Maputo,"Yanzhou Xier Kangtai Pharmaceutical Co., Ltd",0
Mozambique-Zambezia,"Yanzhou Xier Kangtai Pharmaceutical Co., Ltd",0
Mozambique-Zambezia,"Yanzhou Xier Kangtai Pharmaceutical Co., Ltd",0
Mozambique-Zambezia,"Yanzhou Xier Kangtai Pharmaceutical Co., Ltd",0
Mozambique-Zambezia,"Yanzhou Xier Kangtai Pharmaceutical Co., Ltd",0
Mozambique-Zambezia,"Yanzhou Xier Kangtai Pharmaceutical Co., Ltd",0
Mozambique-Zambezia,"Yanzhou Xier Kangtai Pharmaceutical Co., Ltd",0
Mozambique-Zambezia,"Yanzhou Xier Kangtai Pharmaceutical Co., Ltd",0
Mozambique-Nampula,"Yanzhou Xier Kangtai Pharmaceutical Co., Ltd",0
Mozambique-Nampula,"Yanzhou Xier Kangtai Pharmaceutical Co., Ltd",0
Mozambique-Nampula,"Yanzhou Xier Kangtai Pharmaceutical Co., Ltd",0
Mozambique-Nampula,"Yanzhou Xier Kangtai Pharmaceutical Co., Ltd",0
Mozambique-Nampula,"Yanzhou Xier Kangtai Pharmaceutical Co., Ltd",0
Mozambique-Sofala,Yanzhow,0
Mozambique-Sofala,Yanzhow,0
Mozambique-Sofala,Yanzhow,0
Mozambique-Sofala,Yanzhow,0
Mozambique-Sofala,Yanzhow,0
Mozambique-Sofala,Yanzhowxierkangtal,0
Mozambique-Nampula,Zhejiang Holley Nanhu,0
Mozambique-Nampula,Zhejiang Holley Nanhu,0
Mozambique-Nampula,Zhejiang Holley Nanhu,0
Mozambique-Nampula,Zhejiang Holley Nanhu,0
