Philippines-Malolos City,"Amherst Laboratories, Inc.",1
Philippines-Malolos City,"Amherst Laboratories, Inc.",1
Philippines-Cebu City,"Interphil Laboratories, Inc.",1
Philippines-Zamboanga City,"Interphil Laboratories, Inc.",1
Philippines-Zamboanga City,"Interphil Laboratories, Inc.",1
Philippines-Iloilo,"Lloyd Laboratories, Inc.",1
Philippines-Oriental Mindoro,"Lloyd Laboratories, Inc.",1
Philippines-Davao,"Lloyd Laboratories, Inc.",1
Philippines-Malolos City,"Lloyd Laboratories, Inc.",1
Philippines-Bicol,San Marino Laboratories Corp,1
Philippines-Malolos City,Sandoz,1
Philippines-Davao,Sandoz,1
Philippines-Malolos City,Sandoz,1
Philippines-Malolos City,"Scheele Laboratories Phil., Inc.",1
Philippines-Davao,"United Laboratories, Inc.",1
Philippines-Davao,"United Laboratories, Inc.",1
Philippines-Davao,"United Laboratories, Inc.",1
Philippines-Malolos City,Wyeth Pakistan Ltd.,1
Philippines-Malolos City,Wyeth Pakistan Ltd.,1
Philippines-Malolos City,Zvizera Lab,1
Philippines-Cebu,Actimed,0
Philippines-Cebu,Actimed,0
Philippines-Cebu,Actimed,0
Philippines-Davao,AM-Europharma,0
Philippines-Iloilo City,AM-Europharma,0
Philippines-Bicol,AM-Europharma,0
Philippines-Bicol,AM-Europharma,0
Philippines-Bicol,AM-Europharma,0
Philippines-Bicol,AM-Europharma,0
Philippines-Cebu,AM-Europharma,0
Philippines-Cebu,AM-Europharma,0
Philippines-Davao,AM-Europharma,0
Philippines-Davao,AM-Europharma,0
Philippines-Davao,AM-Europharma,0
Philippines-Davao,AM-Europharma,0
Philippines-Davao,AM-Europharma,0
Philippines-Davao,AM-Europharma,0
Philippines-Davao,AM-Europharma,0
Philippines-Iloilo,AM-Europharma,0
Philippines-Malolos,AM-Europharma,0
Philippines-Malolos,AM-Europharma,0
Philippines-Bicol,Amherst Laboratories Inc,0
Philippines-Bicol,Amherst Laboratories Inc,0
Philippines-Bicol,Amherst Laboratories Inc,0
Philippines-Iloilo,Amherst Laboratories Inc,0
Philippines-Iloilo,Amherst Laboratories Inc,0
Philippines-Iloilo,Amherst Laboratories Inc,0
Philippines-Zamboanga,Amherst Laboratories Inc,0
Philippines-Zamboanga,Amherst Laboratories Inc,0
Philippines-Calabarzon,Amherst Laboratories Inc.,0
Philippines-Cebu,Amherst Laboratories Inc.,0
Philippines-Cebu,Amherst Laboratories Inc.,0
Philippines-Cebu,Amherst Laboratories Inc.,0
Philippines-Davao,Amherst Laboratories Inc.,0
Philippines-La Union,Amherst Laboratories Inc.,0
Philippines-La Union,Amherst Laboratories Inc.,0
Philippines-La Union,Amherst Laboratories Inc.,0
Philippines-Occidental Mindoro,Amherst Laboratories Inc.,0
Philippines-Occidental Mindoro,Amherst Laboratories Inc.,0
Philippines-Pampanga,Amherst Laboratories Inc.,0
Philippines-Pampanga,Amherst Laboratories Inc.,0
Philippines-Pampanga,Amherst Laboratories Inc.,0
Philippines-Pampanga,Amherst Laboratories Inc.,0
Philippines-Pampanga,Amherst Laboratories Inc.,0
Philippines-Quezon,Amherst Laboratories Inc.,0
Philippines-Zamboanga,Amherst Laboratories Inc.,0
Philippines-Zamboanga,Amherst Laboratories Inc.,0
Philippines-Bicol,"Amherst Laboratories, Inc.",0
Philippines-Bicol,"Amherst Laboratories, Inc.",0
Philippines-Bicol,"Amherst Laboratories, Inc.",0
Philippines-Cebu,"Amherst Laboratories, Inc.",0
Philippines-Cebu,"Amherst Laboratories, Inc.",0
Philippines-Cebu,"Amherst Laboratories, Inc.",0
Philippines-Cebu,"Amherst Laboratories, Inc.",0
Philippines-Cebu,"Amherst Laboratories, Inc.",0
Philippines-Cebu,"Amherst Laboratories, Inc.",0
Philippines-Cebu City,"Amherst Laboratories, Inc.",0
Philippines-Cebu City,"Amherst Laboratories, Inc.",0
Philippines-Cebu City,"Amherst Laboratories, Inc.",0
Philippines-Cebu City,"Amherst Laboratories, Inc.",0
Philippines-Cebu City,"Amherst Laboratories, Inc.",0
Philippines-Cebu City,"Amherst Laboratories, Inc.",0
Philippines-Davao,"Amherst Laboratories, Inc.",0
Philippines-Davao,"Amherst Laboratories, Inc.",0
Philippines-Davao,"Amherst Laboratories, Inc.",0
Philippines-Davao,"Amherst Laboratories, Inc.",0
Philippines-Davao,"Amherst Laboratories, Inc.",0
Philippines-Davao,"Amherst Laboratories, Inc.",0
Philippines-Davao,"Amherst Laboratories, Inc.",0
Philippines-Davao,"Amherst Laboratories, Inc.",0
Philippines-Davao,"Amherst Laboratories, Inc.",0
Philippines-Davao,"Amherst Laboratories, Inc.",0
Philippines-Davao,"Amherst Laboratories, Inc.",0
Philippines-Davao,"Amherst Laboratories, Inc.",0
Philippines-Davao,"Amherst Laboratories, Inc.",0
Philippines-Davao,"Amherst Laboratories, Inc.",0
Philippines-Davao,"Amherst Laboratories, Inc.",0
Philippines-Davao,"Amherst Laboratories, Inc.",0
Philippines-Davao,"Amherst Laboratories, Inc.",0
Philippines-Davao,"Amherst Laboratories, Inc.",0
Philippines-Davao,"Amherst Laboratories, Inc.",0
Philippines-Davao,"Amherst Laboratories, Inc.",0
Philippines-Davao,"Amherst Laboratories, Inc.",0
Philippines-Davao,"Amherst Laboratories, Inc.",0
Philippines-Davao,"Amherst Laboratories, Inc.",0
Philippines-Davao,"Amherst Laboratories, Inc.",0
Philippines-Davao,"Amherst Laboratories, Inc.",0
Philippines-Ilocos City,"Amherst Laboratories, Inc.",0
Philippines-Iloilo,"Amherst Laboratories, Inc.",0
Philippines-Iloilo,"Amherst Laboratories, Inc.",0
Philippines-Iloilo,"Amherst Laboratories, Inc.",0
Philippines-Iloilo City,"Amherst Laboratories, Inc.",0
Philippines-Iloilo City,"Amherst Laboratories, Inc.",0
Philippines-Iloilo City,"Amherst Laboratories, Inc.",0
Philippines-Iloilo City,"Amherst Laboratories, Inc.",0
Philippines-Iloilo City,"Amherst Laboratories, Inc.",0
Philippines-Iloilo City,"Amherst Laboratories, Inc.",0
Philippines-Iloilo City,"Amherst Laboratories, Inc.",0
Philippines-Iloilo City,"Amherst Laboratories, Inc.",0
Philippines-Iloilo City,"Amherst Laboratories, Inc.",0
Philippines-Iloilo City,"Amherst Laboratories, Inc.",0
Philippines-Iloilo City,"Amherst Laboratories, Inc.",0
Philippines-Malolos,"Amherst Laboratories, Inc.",0
Philippines-Malolos City,"Amherst Laboratories, Inc.",0
Philippines-Malolos City,"Amherst Laboratories, Inc.",0
Philippines-Malolos City,"Amherst Laboratories, Inc.",0
Philippines-region 1 ,"Amherst Laboratories, Inc.",0
Philippines-region 1 ,"Amherst Laboratories, Inc.",0
Philippines-Region 11,"Amherst Laboratories, Inc.",0
Philippines-Region 3,"Amherst Laboratories, Inc.",0
Philippines-Region 4A,"Amherst Laboratories, Inc.",0
Philippines-Region 4A,"Amherst Laboratories, Inc.",0
Philippines-Region 4A,"Amherst Laboratories, Inc.",0
Philippines-Region 4A,"Amherst Laboratories, Inc.",0
Philippines-Region 4A,"Amherst Laboratories, Inc.",0
Philippines-Region 4A,"Amherst Laboratories, Inc.",0
Philippines-Region 4A,"Amherst Laboratories, Inc.",0
Philippines-Region 4A,"Amherst Laboratories, Inc.",0
Philippines-Region 4A,"Amherst Laboratories, Inc.",0
Philippines-Region 6,"Amherst Laboratories, Inc.",0
Philippines-Region 6,"Amherst Laboratories, Inc.",0
Philippines-Region 6,"Amherst Laboratories, Inc.",0
Philippines-Region 6,"Amherst Laboratories, Inc.",0
Philippines-Region 6,"Amherst Laboratories, Inc.",0
Philippines-Region 6,"Amherst Laboratories, Inc.",0
Philippines-Region 6,"Amherst Laboratories, Inc.",0
Philippines-Region 6,"Amherst Laboratories, Inc.",0
Philippines-Region 6,"Amherst Laboratories, Inc.",0
Philippines-region9,"Amherst Laboratories, Inc.",0
Philippines-region9,"Amherst Laboratories, Inc.",0
Philippines-region9,"Amherst Laboratories, Inc.",0
Philippines-region9,"Amherst Laboratories, Inc.",0
Philippines-region9,"Amherst Laboratories, Inc.",0
Philippines-region9,"Amherst Laboratories, Inc.",0
Philippines-region9,"Amherst Laboratories, Inc.",0
Philippines-region9,"Amherst Laboratories, Inc.",0
Philippines-region9,"Amherst Laboratories, Inc.",0
Philippines-Zamboanga,"Amherst Laboratories, Inc.",0
Philippines-Zamboanga,"Amherst Laboratories, Inc.",0
Philippines-Zamboanga,"Amherst Laboratories, Inc.",0
Philippines-Zamboanga City,"Amherst Laboratories, Inc.",0
Philippines-Zamboanga City,"Amherst Laboratories, Inc.",0
Philippines-Zamboanga City,"Amherst Laboratories, Inc.",0
Philippines-Zamboanga City,"Amherst Laboratories, Inc.",0
Philippines-Zamboanga City,"Amherst Laboratories, Inc.",0
Philippines-Zamboanga City,"Amherst Laboratories, Inc.",0
Philippines-Zamboanga City,"Amherst Laboratories, Inc.",0
Philippines-Zamboanga City,"Amherst Laboratories, Inc.",0
Philippines-Zamboanga City,"Amherst Laboratories, Inc.",0
Philippines-Zamboanga City,"Amherst Laboratories, Inc.",0
Philippines-Zamboanga City,"Amherst Laboratories, Inc.",0
Philippines-Zamboanga City,"Amherst Laboratories, Inc.",0
Philippines-Zamboanga City,"Amherst Laboratories, Inc.",0
Philippines-Zamboanga City,"Amherst Laboratories, Inc.",0
Philippines-Zamboanga City,"Amherst Laboratories, Inc.",0
Philippines-Davao,Biotech Research Lab Inc.,0
Philippines-Calabarzon,BRLI,0
Philippines-Cebu,BRLI,0
Philippines-Davao,BRLI,0
Philippines-Davao,BRLI,0
Philippines-Davao,BRLI,0
Philippines-Davao,BRLI,0
Philippines-Davao,BRLI,0
Philippines-Davao,BRLI,0
Philippines-Bicol,Compact Pharmaceutical Corporation,0
Philippines-Bicol,Compact Pharmaceutical Corporation,0
Philippines-Bicol,Compact Pharmaceutical Corporation,0
Philippines-Cebu City,Compact Pharmaceutical Corporation,0
Philippines-Davao,Compact Pharmaceutical Corporation,0
Philippines-Davao,Compact Pharmaceutical Corporation,0
Philippines-Davao,Compact Pharmaceutical Corporation,0
Philippines-Davao,Compact Pharmaceutical Corporation,0
Philippines-Davao,Compact Pharmaceutical Corporation,0
Philippines-Davao,Compact Pharmaceutical Corporation,0
Philippines-Davao,Compact Pharmaceutical Corporation,0
Philippines-Davao,Compact Pharmaceutical Corporation,0
Philippines-Davao,Compact Pharmaceutical Corporation,0
Philippines-Iloilo City,Compact Pharmaceutical Corporation,0
Philippines-Davao,Compact Pharmaceutical Corporation,0
Philippines-Davao,Compact Pharmaceutical Corporation,0
Philippines-Davao,Compact Pharmaceutical Corporation,0
Philippines-Davao,Compact Pharmaceutical Corporation,0
Philippines-Davao,Compact Pharmaceutical Corporation,0
Philippines-Davao,Compact Pharmaceutical Corporation,0
Philippines-Davao,Compact Pharmaceutical Corporation,0
Philippines-Davao,Compact Pharmaceutical Corporation,0
Philippines-Davao,Compact Pharmaceutical Corporation,0
Philippines-Davao,Compact Pharmaceutical Corporation,0
Philippines-Malolos,Compact Pharmaceutical Corporation,0
Philippines-Malolos,Compact Pharmaceutical Corporation,0
Philippines-Ilocos City,"Diamond Laboratorie, Inc. ",0
Philippines-Davao,"Diamond Laboratories, Inc.",0
Philippines-Cebu City,"Drugmakers Biotech Research Laboratories, Inc.",0
Philippines-Cebu City,"Drugmakers Biotech Research Laboratories, Inc.",0
Philippines-Iloilo City,"Drugmakers Biotech Research Laboratories, Inc.",0
Philippines-Zamboanga City,"Drugmakers Biotech Research Laboratories, Inc.",0
Philippines-Bicol,"Drugmakers Laboratories, Inc.",0
Philippines-Bicol,"Drugmakers Laboratories, Inc.",0
Philippines-Bicol,"Drugmakers Laboratories, Inc.",0
Philippines-Bicol,"Drugmakers Laboratories, Inc.",0
Philippines-Bicol,"Drugmakers Laboratories, Inc.",0
Philippines-Bicol,"Drugmakers Laboratories, Inc.",0
Philippines-Bicol,"Drugmakers Laboratories, Inc.",0
Philippines-Bicol,"Drugmakers Laboratories, Inc.",0
Philippines-Bicol,"Drugmakers Laboratories, Inc.",0
Philippines-Bicol,"Drugmakers Laboratories, Inc.",0
Philippines-Bicol,"Drugmakers Laboratories, Inc.",0
Philippines-Bicol,"Drugmakers Laboratories, Inc.",0
Philippines-Bicol,"Drugmakers Laboratories, Inc.",0
Philippines-Bicol,"Drugmakers Laboratories, Inc.",0
Philippines-Bicol,"Drugmakers Laboratories, Inc.",0
Philippines-Bicol,"Drugmakers Laboratories, Inc.",0
Philippines-Bicol,"Drugmakers Laboratories, Inc.",0
Philippines-Bicol,"Drugmakers Laboratories, Inc.",0
Philippines-Bicol,"Drugmakers Laboratories, Inc.",0
Philippines-Iloilo,"Drugmakers Laboratories, Inc.",0
Philippines-Iloilo,"Drugmakers Laboratories, Inc.",0
Philippines-Iloilo,"Drugmakers Laboratories, Inc.",0
Philippines-Iloilo,"Drugmakers Laboratories, Inc.",0
Philippines-Iloilo,"Drugmakers Laboratories, Inc.",0
Philippines-Zamboanga,"Drugmakers Laboratories, Inc.",0
Philippines-Bicol,"Drugmakers Laboratories, Inc.",0
Philippines-Bicol,"Drugmakers Laboratories, Inc.",0
Philippines-Bicol,"Drugmakers Laboratories, Inc.",0
Philippines-Bicol,"Drugmakers Laboratories, Inc.",0
Philippines-Bicol,"Drugmakers Laboratories, Inc.",0
Philippines-Bicol,"Drugmakers Laboratories, Inc.",0
Philippines-Bicol,"Drugmakers Laboratories, Inc.",0
Philippines-Bicol,"Drugmakers Laboratories, Inc.",0
Philippines-Bicol,"Drugmakers Laboratories, Inc.",0
Philippines-Bicol,"Drugmakers Laboratories, Inc.",0
Philippines-Bicol,"Drugmakers Laboratories, Inc.",0
Philippines-Bicol,"Drugmakers Laboratories, Inc.",0
Philippines-Bicol,"Drugmakers Laboratories, Inc.",0
Philippines-Bicol,"Drugmakers Laboratories, Inc.",0
Philippines-Bicol,"Drugmakers Laboratories, Inc.",0
Philippines-Bicol,"Drugmakers Laboratories, Inc.",0
Philippines-Bicol,"Drugmakers Laboratories, Inc.",0
Philippines-Bicol,"Drugmakers Laboratories, Inc.",0
Philippines-Bicol,"Drugmakers Laboratories, Inc.",0
Philippines-Bicol,"Drugmakers Laboratories, Inc.",0
Philippines-Bicol,"Drugmakers Laboratories, Inc.",0
Philippines-Bicol,"Drugmakers Laboratories, Inc.",0
Philippines-Bicol,"Drugmakers Laboratories, Inc.",0
Philippines-Bicol,"Drugmakers Laboratories, Inc.",0
Philippines-Bicol,"Drugmakers Laboratories, Inc.",0
Philippines-Bicol,"Drugmakers Laboratories, Inc.",0
Philippines-Bicol,"Drugmakers Laboratories, Inc.",0
Philippines-Bicol,"Drugmakers Laboratories, Inc.",0
Philippines-Bicol,"Drugmakers Laboratories, Inc.",0
Philippines-Bicol,"Drugmakers Laboratories, Inc.",0
Philippines-Bicol,"Drugmakers Laboratories, Inc.",0
Philippines-Bicol,"Drugmakers Laboratories, Inc.",0
Philippines-Bicol,"Drugmakers Laboratories, Inc.",0
Philippines-Bicol,"Drugmakers Laboratories, Inc.",0
Philippines-Bicol,"Drugmakers Laboratories, Inc.",0
Philippines-Cavite,"Drugmakers Laboratories, Inc.",0
Philippines-Cavite,"Drugmakers Laboratories, Inc.",0
Philippines-Cavite,"Drugmakers Laboratories, Inc.",0
Philippines-Cavite,"Drugmakers Laboratories, Inc.",0
Philippines-Cavite,"Drugmakers Laboratories, Inc.",0
Philippines-Cavite,"Drugmakers Laboratories, Inc.",0
Philippines-Cebu,"Drugmakers Laboratories, Inc.",0
Philippines-Cebu,"Drugmakers Laboratories, Inc.",0
Philippines-Cebu,"Drugmakers Laboratories, Inc.",0
Philippines-Cebu,"Drugmakers Laboratories, Inc.",0
Philippines-Cebu,"Drugmakers Laboratories, Inc.",0
Philippines-Cebu,"Drugmakers Laboratories, Inc.",0
Philippines-Cebu,"Drugmakers Laboratories, Inc.",0
Philippines-Davao,"Drugmakers Laboratories, Inc.",0
Philippines-Iloilo,"Drugmakers Laboratories, Inc.",0
Philippines-Iloilo,"Drugmakers Laboratories, Inc.",0
Philippines-Iloilo,"Drugmakers Laboratories, Inc.",0
Philippines-Iloilo,"Drugmakers Laboratories, Inc.",0
Philippines-Iloilo,"Drugmakers Laboratories, Inc.",0
Philippines-La Union,"Drugmakers Laboratories, Inc.",0
Philippines-La Union,"Drugmakers Laboratories, Inc.",0
Philippines-La Union,"Drugmakers Laboratories, Inc.",0
Philippines-La Union,"Drugmakers Laboratories, Inc.",0
Philippines-Laguna,"Drugmakers Laboratories, Inc.",0
Philippines-Laguna,"Drugmakers Laboratories, Inc.",0
Philippines-Oriental Mindoro,"Drugmakers Laboratories, Inc.",0
Philippines-Oriental Mindoro,"Drugmakers Laboratories, Inc.",0
Philippines-Oriental Mindoro,"Drugmakers Laboratories, Inc.",0
Philippines-Oriental Mindoro,"Drugmakers Laboratories, Inc.",0
Philippines-Pampanga,"Drugmakers Laboratories, Inc.",0
Philippines-Pampanga,"Drugmakers Laboratories, Inc.",0
Philippines-Pampanga,"Drugmakers Laboratories, Inc.",0
Philippines-Pampanga,"Drugmakers Laboratories, Inc.",0
Philippines-Pampanga,"Drugmakers Laboratories, Inc.",0
Philippines-Pampanga,"Drugmakers Laboratories, Inc.",0
Philippines-Pampanga,"Drugmakers Laboratories, Inc.",0
Philippines-Pampanga,"Drugmakers Laboratories, Inc.",0
Philippines-Zamboanga,"Drugmakers Laboratories, Inc.",0
Philippines-Zamboanga,"Drugmakers Laboratories, Inc.",0
Philippines-Bicol,"Drugmakers Laboratories, Inc.",0
Philippines-Bicol,"Drugmakers Laboratories, Inc.",0
Philippines-Bicol,"Drugmakers Laboratories, Inc.",0
Philippines-Bicol,"Drugmakers Laboratories, Inc.",0
Philippines-Bicol,"Drugmakers Laboratories, Inc.",0
Philippines-Bicol,"Drugmakers Laboratories, Inc.",0
Philippines-Bicol,"Drugmakers Laboratories, Inc.",0
Philippines-Bicol,"Drugmakers Laboratories, Inc.",0
Philippines-Bicol,"Drugmakers Laboratories, Inc.",0
Philippines-Bicol,"Drugmakers Laboratories, Inc.",0
Philippines-Bicol,"Drugmakers Laboratories, Inc.",0
Philippines-Bicol,"Drugmakers Laboratories, Inc.",0
Philippines-Bicol,"Drugmakers Laboratories, Inc.",0
Philippines-Bicol,"Drugmakers Laboratories, Inc.",0
Philippines-Bicol,"Drugmakers Laboratories, Inc.",0
Philippines-Bicol,"Drugmakers Laboratories, Inc.",0
Philippines-Bicol,"Drugmakers Laboratories, Inc.",0
Philippines-Bicol,"Drugmakers Laboratories, Inc.",0
Philippines-Bicol,"Drugmakers Laboratories, Inc.",0
Philippines-Bicol,"Drugmakers Laboratories, Inc.",0
Philippines-Bicol,"Drugmakers Laboratories, Inc.",0
Philippines-Bicol,"Drugmakers Laboratories, Inc.",0
Philippines-Bicol,"Drugmakers Laboratories, Inc.",0
Philippines-Calabarzon,"Drugmakers Laboratories, Inc.",0
Philippines-Cebu City,"Drugmakers Laboratories, Inc.",0
Philippines-Cebu City,"Drugmakers Laboratories, Inc.",0
Philippines-Cebu City,"Drugmakers Laboratories, Inc.",0
Philippines-Cebu City,"Drugmakers Laboratories, Inc.",0
Philippines-Cebu City,"Drugmakers Laboratories, Inc.",0
Philippines-Cebu City,"Drugmakers Laboratories, Inc.",0
Philippines-Davao,"Drugmakers Laboratories, Inc.",0
Philippines-Davao,"Drugmakers Laboratories, Inc.",0
Philippines-Davao,"Drugmakers Laboratories, Inc.",0
Philippines-Davao,"Drugmakers Laboratories, Inc.",0
Philippines-Davao,"Drugmakers Laboratories, Inc.",0
Philippines-Davao,"Drugmakers Laboratories, Inc.",0
Philippines-Davao,"Drugmakers Laboratories, Inc.",0
Philippines-Ilocos City,"Drugmakers Laboratories, Inc.",0
Philippines-Ilocos City,"Drugmakers Laboratories, Inc.",0
Philippines-Ilocos City,"Drugmakers Laboratories, Inc.",0
Philippines-Ilocos City,"Drugmakers Laboratories, Inc.",0
Philippines-Ilocos City,"Drugmakers Laboratories, Inc.",0
Philippines-Iloilo City,"Drugmakers Laboratories, Inc.",0
Philippines-Iloilo City,"Drugmakers Laboratories, Inc.",0
Philippines-Iloilo City,"Drugmakers Laboratories, Inc.",0
Philippines-Iloilo City,"Drugmakers Laboratories, Inc.",0
Philippines-Iloilo City,"Drugmakers Laboratories, Inc.",0
Philippines-Iloilo City,"Drugmakers Laboratories, Inc.",0
Philippines-Iloilo City,"Drugmakers Laboratories, Inc.",0
Philippines-Iloilo City,"Drugmakers Laboratories, Inc.",0
Philippines-Iloilo City,"Drugmakers Laboratories, Inc.",0
Philippines-Region 5,"Drugmakers Laboratories, Inc.",0
Philippines-Region 5,"Drugmakers Laboratories, Inc.",0
Philippines-Region 5,"Drugmakers Laboratories, Inc.",0
Philippines-Region 6,"Drugmakers Laboratories, Inc.",0
Philippines-Region 6,"Drugmakers Laboratories, Inc.",0
Philippines-Region 6,"Drugmakers Laboratories, Inc.",0
Philippines-Region 6,"Drugmakers Laboratories, Inc.",0
Philippines-Region 6,"Drugmakers Laboratories, Inc.",0
Philippines-Region 6,"Drugmakers Laboratories, Inc.",0
Philippines-Region 6,"Drugmakers Laboratories, Inc.",0
Philippines-Region 6,"Drugmakers Laboratories, Inc.",0
Philippines-Region 6,"Drugmakers Laboratories, Inc.",0
Philippines-Zamboanga City,"Drugmakers Laboratories, Inc.",0
Philippines-Zamboanga City,"Drugmakers Laboratories, Inc.",0
Philippines-Bicol,Flamingo Pharmaceuticals Ltd.,0
Philippines-Bicol,Flamingo Pharmaceuticals Ltd.,0
Philippines-Bicol,Flamingo Pharmaceuticals Ltd.,0
Philippines-Bicol,Flamingo Pharmaceuticals Ltd.,0
Philippines-Bicol,Flamingo Pharmaceuticals Ltd.,0
Philippines-Bicol,Flamingo Pharmaceuticals Ltd.,0
Philippines-Cebu City,Flamingo Pharmaceuticals Ltd.,0
Philippines-Davao,Flamingo Pharmaceuticals Ltd.,0
Philippines-Davao,Flamingo Pharmaceuticals Ltd.,0
Philippines-Davao,Flamingo Pharmaceuticals Ltd.,0
Philippines-Ilocos City,Flamingo Pharmaceuticals Ltd.,0
Philippines-Ilocos City,Flamingo Pharmaceuticals Ltd.,0
Philippines-Ilocos City,Flamingo Pharmaceuticals Ltd.,0
Philippines-Ilocos City,Flamingo Pharmaceuticals Ltd.,0
Philippines-Iloilo,Flamingo Pharmaceuticals Ltd.,0
Philippines-Iloilo,Flamingo Pharmaceuticals Ltd.,0
Philippines-Iloilo,Flamingo Pharmaceuticals Ltd.,0
Philippines-Iloilo City,Flamingo Pharmaceuticals Ltd.,0
Philippines-Iloilo City,Flamingo Pharmaceuticals Ltd.,0
Philippines-Bicol,Flamingo Pharmaceuticals Ltd.,0
Philippines-Bicol,Flamingo Pharmaceuticals Ltd.,0
Philippines-Bicol,Flamingo Pharmaceuticals Ltd.,0
Philippines-Bicol,Flamingo Pharmaceuticals Ltd.,0
Philippines-Bicol,Flamingo Pharmaceuticals Ltd.,0
Philippines-Cavite,Flamingo Pharmaceuticals Ltd.,0
Philippines-Cebu,Flamingo Pharmaceuticals Ltd.,0
Philippines-Davao,Flamingo Pharmaceuticals Ltd.,0
Philippines-Davao,Flamingo Pharmaceuticals Ltd.,0
Philippines-Iloilo,Flamingo Pharmaceuticals Ltd.,0
Philippines-La Union,Flamingo Pharmaceuticals Ltd.,0
Philippines-Malolos,Flamingo Pharmaceuticals Ltd.,0
Philippines-Malolos,Flamingo Pharmaceuticals Ltd.,0
Philippines-Pampanga,Flamingo Pharmaceuticals Ltd.,0
Philippines-Pampanga,Flamingo Pharmaceuticals Ltd.,0
Philippines-Pampanga,Flamingo Pharmaceuticals Ltd.,0
Philippines-Quezon,Flamingo Pharmaceuticals Ltd.,0
Philippines-Quezon,Flamingo Pharmaceuticals Ltd.,0
Philippines-region 1 ,Flamingo Pharmaceuticals Ltd.,0
Philippines-region 1 ,Flamingo Pharmaceuticals Ltd.,0
Philippines-region 1 ,Flamingo Pharmaceuticals Ltd.,0
Philippines-Region 3,Flamingo Pharmaceuticals Ltd.,0
Philippines-Region 3,Flamingo Pharmaceuticals Ltd.,0
Philippines-Region 3,Flamingo Pharmaceuticals Ltd.,0
Philippines-Region 3,Flamingo Pharmaceuticals Ltd.,0
Philippines-Region 4A,Flamingo Pharmaceuticals Ltd.,0
Philippines-Region 4A,Flamingo Pharmaceuticals Ltd.,0
Philippines-Region 4A,Flamingo Pharmaceuticals Ltd.,0
Philippines-Region 5,Flamingo Pharmaceuticals Ltd.,0
Philippines-Region 5,Flamingo Pharmaceuticals Ltd.,0
Philippines-Region 5,Flamingo Pharmaceuticals Ltd.,0
Philippines-Region 5,Flamingo Pharmaceuticals Ltd.,0
Philippines-Region 5,Flamingo Pharmaceuticals Ltd.,0
Philippines-Region 5,Flamingo Pharmaceuticals Ltd.,0
Philippines-Region 5,Flamingo Pharmaceuticals Ltd.,0
Philippines-Region 5,Flamingo Pharmaceuticals Ltd.,0
Philippines-Region 5,Flamingo Pharmaceuticals Ltd.,0
Philippines-Region 5,Flamingo Pharmaceuticals Ltd.,0
Philippines-Region 6,Flamingo Pharmaceuticals Ltd.,0
Philippines-Region 6,Flamingo Pharmaceuticals Ltd.,0
Philippines-Region 6,Flamingo Pharmaceuticals Ltd.,0
Philippines-region9,Flamingo Pharmaceuticals Ltd.,0
Philippines-Zamboanga,Flamingo Pharmaceuticals Ltd.,0
Philippines-Bicol,"Flamingo Pharmaceuticals, Ltd.",0
Philippines-Bicol,"Flamingo Pharmaceuticals, Ltd.",0
Philippines-Bicol,"Flamingo Pharmaceuticals, Ltd.",0
Philippines-Bicol,"Flamingo Pharmaceuticals, Ltd.",0
Philippines-Davao,"Flamingo Pharmaceuticals, Ltd.",0
Philippines-Davao,"Flamingo Pharmaceuticals, Ltd.",0
Philippines-Davao,"Flamingo Pharmaceuticals, Ltd.",0
Philippines-Davao,"Flamingo Pharmaceuticals, Ltd.",0
Philippines-Davao,"Flamingo Pharmaceuticals, Ltd.",0
Philippines-Davao,"Flamingo Pharmaceuticals, Ltd.",0
Philippines-Iloilo City,"Flamingo Pharmaceuticals, Ltd.",0
Philippines-Davao,Gamot,0
Philippines-Bicol,GPHF,0
Philippines-Cebu City,"Hizon Laboratory, Inc.",0
Philippines-Cebu City,"Hizon Laboratory, Inc.",0
Philippines-Davao,"Hizon Laboratory, Inc.",0
Philippines-Ilocos City,Interpharm Marketing,0
Philippines-Cebu City,"Interphil Laboratories, Inc.",0
Philippines-Cebu City,"Interphil Laboratories, Inc.",0
Philippines-Davao,"Interphil Laboratories, Inc.",0
Philippines-Ilocos City,"Interphil Laboratories, Inc.",0
Philippines-Ilocos City,"Interphil Laboratories, Inc.",0
Philippines-Iloilo City,"Interphil Laboratories, Inc.",0
Philippines-Iloilo City,"Interphil Laboratories, Inc.",0
Philippines-Iloilo City,"Interphil Laboratories, Inc.",0
Philippines-Zamboanga City,"Interphil Laboratories, Inc.",0
Philippines-Zamboanga City,"Interphil Laboratories, Inc.",0
Philippines-Zamboanga City,"Interphil Laboratories, Inc.",0
Philippines-Bicol,"Interphil Laboratories, Inc.",0
Philippines-Bicol,"Interphil Laboratories, Inc.",0
Philippines-Bicol,"Interphil Laboratories, Inc.",0
Philippines-Cebu,"Interphil Laboratories, Inc.",0
Philippines-Cebu,"Interphil Laboratories, Inc.",0
Philippines-Cebu,"Interphil Laboratories, Inc.",0
Philippines-Cebu,"Interphil Laboratories, Inc.",0
Philippines-Iloilo,"Interphil Laboratories, Inc.",0
Philippines-Iloilo,"Interphil Laboratories, Inc.",0
Philippines-Iloilo,"Interphil Laboratories, Inc.",0
Philippines-Iloilo,"Interphil Laboratories, Inc.",0
Philippines-Iloilo City,"Interphil Laboratories, Inc.",0
Philippines-La Union,"Interphil Laboratories, Inc.",0
Philippines-Occidental Mindoro,"Interphil Laboratories, Inc.",0
Philippines-Oriental Mindoro,"Interphil Laboratories, Inc.",0
Philippines-Oriental Mindoro,"Interphil Laboratories, Inc.",0
Philippines-Oriental Mindoro,"Interphil Laboratories, Inc.",0
Philippines-Pampanga,"Interphil Laboratories, Inc.",0
Philippines-Region 6,"Interphil Laboratories, Inc.",0
Philippines-Region 6,"Interphil Laboratories, Inc.",0
Philippines-Zamboanga,"Interphil Laboratories, Inc.",0
Philippines-Zamboanga,"Interphil Laboratories, Inc.",0
Philippines-Zamboanga,"Interphil Laboratories, Inc.",0
Philippines-Zamboanga,"Interphil Laboratories, Inc.",0
Philippines-Zamboanga,"Interphil Laboratories, Inc.",0
Philippines-Iloilo,"Interphil Laboratories, Inc.",0
Philippines-Davao,"J.M. Tolmann Laboratories, Inc.",0
Philippines-Davao,"J.M. Tolmann Laboratories, Inc.",0
Philippines-Davao,"J.M. Tolmann Laboratories, Inc.",0
Philippines-Zamboanga City,"J.M. Tolmann Laboratories, Inc.",0
Philippines-Davao,"J.M. Tolmann Laboratories, Inc.",0
Philippines-Malolos,"J.M. Tolmann Laboratories, Inc.",0
Philippines-Malolos,"J.M. Tolmann Laboratories, Inc.",0
Philippines-Bicol,"J.M. Tolmann Laboratories, Inc.",0
Philippines-Bicol,"J.M. Tolmann Laboratories, Inc.",0
Philippines-Bicol,"J.M. Tolmann Laboratories, Inc.",0
Philippines-Calabarzon,"J.M. Tolmann Laboratories, Inc.",0
Philippines-Davao,"J.M. Tolmann Laboratories, Inc.",0
Philippines-Davao,"J.M. Tolmann Laboratories, Inc.",0
Philippines-Davao,"J.M. Tolmann Laboratories, Inc.",0
Philippines-Davao,"J.M. Tolmann Laboratories, Inc.",0
Philippines-Iloilo City,"J.M. Tolmann Laboratories, Inc.",0
Philippines-Iloilo City,"J.M. Tolmann Laboratories, Inc.",0
Philippines-region 1 ,"J.M. Tolmann Laboratories, Inc.",0
Philippines-region 1 ,"J.M. Tolmann Laboratories, Inc.",0
Philippines-Region 3,"J.M. Tolmann Laboratories, Inc.",0
Philippines-Region 4A,"J.M. Tolmann Laboratories, Inc.",0
Philippines-Region 4A,"J.M. Tolmann Laboratories, Inc.",0
Philippines-Region 4A,"J.M. Tolmann Laboratories, Inc.",0
Philippines-Region 4A,"J.M. Tolmann Laboratories, Inc.",0
Philippines-Region 4A,"J.M. Tolmann Laboratories, Inc.",0
Philippines-Region 4A,"J.M. Tolmann Laboratories, Inc.",0
Philippines-Region 4A,"J.M. Tolmann Laboratories, Inc.",0
Philippines-Region 5,"J.M. Tolmann Laboratories, Inc.",0
Philippines-Region 5,"J.M. Tolmann Laboratories, Inc.",0
Philippines-Region 5,"J.M. Tolmann Laboratories, Inc.",0
Philippines-Region 6,"J.M. Tolmann Laboratories, Inc.",0
Philippines-Bicol,"J.M. Tolmann Laboratories, Inc.",0
Philippines-Bicol,"J.M. Tolmann Laboratories, Inc.",0
Philippines-Bicol,"J.M. Tolmann Laboratories, Inc.",0
Philippines-Bicol,"J.M. Tolmann Laboratories, Inc.",0
Philippines-Bicol,"J.M. Tolmann Laboratories, Inc.",0
Philippines-Bicol,"J.M. Tolmann Laboratories, Inc.",0
Philippines-Bicol,"J.M. Tolmann Laboratories, Inc.",0
Philippines-Bicol,"J.M. Tolmann Laboratories, Inc.",0
Philippines-Bicol,"J.M. Tolmann Laboratories, Inc.",0
Philippines-Bicol,"J.M. Tolmann Laboratories, Inc.",0
Philippines-Bicol,"J.M. Tolmann Laboratories, Inc.",0
Philippines-Bicol,"J.M. Tolmann Laboratories, Inc.",0
Philippines-Bicol,"J.M. Tolmann Laboratories, Inc.",0
Philippines-Bicol,"J.M. Tolmann Laboratories, Inc.",0
Philippines-Bicol,"J.M. Tolmann Laboratories, Inc.",0
Philippines-Bicol,"J.M. Tolmann Laboratories, Inc.",0
Philippines-Bicol,"J.M. Tolmann Laboratories, Inc.",0
Philippines-Bicol,"J.M. Tolmann Laboratories, Inc.",0
Philippines-Cebu,"J.M. Tolmann Laboratories, Inc.",0
Philippines-Oriental Mindoro,"J.M. Tolmann Laboratories, Inc.",0
Philippines-Oriental Mindoro,"J.M. Tolmann Laboratories, Inc.",0
Philippines-Pampanga,"J.M. Tolmann Laboratories, Inc.",0
Philippines-Zamboanga,"J.M. Tolmann Laboratories, Inc.",0
Philippines-Zamboanga,"J.M. Tolmann Laboratories, Inc.",0
Philippines-Zamboanga,"J.M. Tolmann Laboratories, Inc.",0
Philippines-Davao,"Lafayette Pharmaceutical Lab., Inc.",0
Philippines-Ilocos City,"Lafayette Pharmaceutical Lab., Inc.",0
Philippines-Iloilo City,"Lafayette Pharmaceutical Lab., Inc.",0
Philippines-Bicol,"Lloyd Laboratories, Inc.",0
Philippines-Bicol,"Lloyd Laboratories, Inc.",0
Philippines-Bicol,"Lloyd Laboratories, Inc.",0
Philippines-Bicol,"Lloyd Laboratories, Inc.",0
Philippines-Bicol,"Lloyd Laboratories, Inc.",0
Philippines-Iloilo,"Lloyd Laboratories, Inc.",0
Philippines-Iloilo,"Lloyd Laboratories, Inc.",0
Philippines-Bicol,"Lloyd Laboratories, Inc.",0
Philippines-Bicol,"Lloyd Laboratories, Inc.",0
Philippines-Bicol,"Lloyd Laboratories, Inc.",0
Philippines-Calabarzon,"Lloyd Laboratories, Inc.",0
Philippines-Cebu,"Lloyd Laboratories, Inc.",0
Philippines-Cebu,"Lloyd Laboratories, Inc.",0
Philippines-Cebu,"Lloyd Laboratories, Inc.",0
Philippines-Cebu,"Lloyd Laboratories, Inc.",0
Philippines-Cebu,"Lloyd Laboratories, Inc.",0
Philippines-Cebu,"Lloyd Laboratories, Inc.",0
Philippines-Davao,"Lloyd Laboratories, Inc.",0
Philippines-Iloilo,"Lloyd Laboratories, Inc.",0
Philippines-Iloilo,"Lloyd Laboratories, Inc.",0
Philippines-La Union,"Lloyd Laboratories, Inc.",0
Philippines-La Union,"Lloyd Laboratories, Inc.",0
Philippines-La Union,"Lloyd Laboratories, Inc.",0
Philippines-Occidental Mindoro,"Lloyd Laboratories, Inc.",0
Philippines-Occidental Mindoro,"Lloyd Laboratories, Inc.",0
Philippines-Occidental Mindoro,"Lloyd Laboratories, Inc.",0
Philippines-Oriental Mindoro,"Lloyd Laboratories, Inc.",0
Philippines-Oriental Mindoro,"Lloyd Laboratories, Inc.",0
Philippines-Oriental Mindoro,"Lloyd Laboratories, Inc.",0
Philippines-Oriental Mindoro,"Lloyd Laboratories, Inc.",0
Philippines-Oriental Mindoro,"Lloyd Laboratories, Inc.",0
Philippines-Oriental Mindoro,"Lloyd Laboratories, Inc.",0
Philippines-Pampanga,"Lloyd Laboratories, Inc.",0
Philippines-Pampanga,"Lloyd Laboratories, Inc.",0
Philippines-Pampanga,"Lloyd Laboratories, Inc.",0
Philippines-Pampanga,"Lloyd Laboratories, Inc.",0
Philippines-Pampanga,"Lloyd Laboratories, Inc.",0
Philippines-Zamboanga,"Lloyd Laboratories, Inc.",0
Philippines-Zamboanga,"Lloyd Laboratories, Inc.",0
Philippines-Zamboanga,"Lloyd Laboratories, Inc.",0
Philippines-Zamboanga,"Lloyd Laboratories, Inc.",0
Philippines-Zamboanga,"Lloyd Laboratories, Inc.",0
Philippines-Zamboanga,"Lloyd Laboratories, Inc.",0
Philippines-Zamboanga,"Lloyd Laboratories, Inc.",0
Philippines-Zamboanga,"Lloyd Laboratories, Inc.",0
Philippines-Bicol,"Lloyd Laboratories, Inc.",0
Philippines-Bicol,"Lloyd Laboratories, Inc.",0
Philippines-Bicol,"Lloyd Laboratories, Inc.",0
Philippines-Bicol,"Lloyd Laboratories, Inc.",0
Philippines-Bicol,"Lloyd Laboratories, Inc.",0
Philippines-Cebu,"Lloyd Laboratories, Inc.",0
Philippines-Cebu,"Lloyd Laboratories, Inc.",0
Philippines-Cebu,"Lloyd Laboratories, Inc.",0
Philippines-Cebu,"Lloyd Laboratories, Inc.",0
Philippines-Cebu,"Lloyd Laboratories, Inc.",0
Philippines-Cebu,"Lloyd Laboratories, Inc.",0
Philippines-Cebu,"Lloyd Laboratories, Inc.",0
Philippines-Cebu City,"Lloyd Laboratories, Inc.",0
Philippines-Cebu City,"Lloyd Laboratories, Inc.",0
Philippines-Cebu City,"Lloyd Laboratories, Inc.",0
Philippines-Cebu City,"Lloyd Laboratories, Inc.",0
Philippines-Cebu City,"Lloyd Laboratories, Inc.",0
Philippines-Cebu City,"Lloyd Laboratories, Inc.",0
Philippines-Cebu City,"Lloyd Laboratories, Inc.",0
Philippines-Davao,"Lloyd Laboratories, Inc.",0
Philippines-Davao,"Lloyd Laboratories, Inc.",0
Philippines-Davao,"Lloyd Laboratories, Inc.",0
Philippines-Davao,"Lloyd Laboratories, Inc.",0
Philippines-Davao,"Lloyd Laboratories, Inc.",0
Philippines-Davao,"Lloyd Laboratories, Inc.",0
Philippines-Davao,"Lloyd Laboratories, Inc.",0
Philippines-Davao,"Lloyd Laboratories, Inc.",0
Philippines-Davao,"Lloyd Laboratories, Inc.",0
Philippines-Davao,"Lloyd Laboratories, Inc.",0
Philippines-Davao,"Lloyd Laboratories, Inc.",0
Philippines-Davao,"Lloyd Laboratories, Inc.",0
Philippines-Davao,"Lloyd Laboratories, Inc.",0
Philippines-Davao,"Lloyd Laboratories, Inc.",0
Philippines-Davao,"Lloyd Laboratories, Inc.",0
Philippines-Davao,"Lloyd Laboratories, Inc.",0
Philippines-Davao,"Lloyd Laboratories, Inc.",0
Philippines-Davao,"Lloyd Laboratories, Inc.",0
Philippines-Davao,"Lloyd Laboratories, Inc.",0
Philippines-Davao,"Lloyd Laboratories, Inc.",0
Philippines-Davao,"Lloyd Laboratories, Inc.",0
Philippines-Davao,"Lloyd Laboratories, Inc.",0
Philippines-Davao,"Lloyd Laboratories, Inc.",0
Philippines-Davao,"Lloyd Laboratories, Inc.",0
Philippines-Davao,"Lloyd Laboratories, Inc.",0
Philippines-Davao,"Lloyd Laboratories, Inc.",0
Philippines-Davao,"Lloyd Laboratories, Inc.",0
Philippines-Davao,"Lloyd Laboratories, Inc.",0
Philippines-Davao,"Lloyd Laboratories, Inc.",0
Philippines-Ilocos City,"Lloyd Laboratories, Inc.",0
Philippines-Iloilo,"Lloyd Laboratories, Inc.",0
Philippines-Iloilo,"Lloyd Laboratories, Inc.",0
Philippines-Iloilo,"Lloyd Laboratories, Inc.",0
Philippines-Iloilo,"Lloyd Laboratories, Inc.",0
Philippines-Iloilo,"Lloyd Laboratories, Inc.",0
Philippines-Iloilo,"Lloyd Laboratories, Inc.",0
Philippines-Iloilo City,"Lloyd Laboratories, Inc.",0
Philippines-Iloilo City,"Lloyd Laboratories, Inc.",0
Philippines-Iloilo City,"Lloyd Laboratories, Inc.",0
Philippines-Iloilo City,"Lloyd Laboratories, Inc.",0
Philippines-Iloilo City,"Lloyd Laboratories, Inc.",0
Philippines-Iloilo City,"Lloyd Laboratories, Inc.",0
Philippines-Iloilo City,"Lloyd Laboratories, Inc.",0
Philippines-Iloilo City,"Lloyd Laboratories, Inc.",0
Philippines-Iloilo City,"Lloyd Laboratories, Inc.",0
Philippines-Malolos,"Lloyd Laboratories, Inc.",0
Philippines-Malolos,"Lloyd Laboratories, Inc.",0
Philippines-Malolos City,"Lloyd Laboratories, Inc.",0
Philippines-Malolos City,"Lloyd Laboratories, Inc.",0
Philippines-region 1 ,"Lloyd Laboratories, Inc.",0
Philippines-region 1 ,"Lloyd Laboratories, Inc.",0
Philippines-region 1 ,"Lloyd Laboratories, Inc.",0
Philippines-region 1 ,"Lloyd Laboratories, Inc.",0
Philippines-region 1 ,"Lloyd Laboratories, Inc.",0
Philippines-region 1 ,"Lloyd Laboratories, Inc.",0
Philippines-region 1 ,"Lloyd Laboratories, Inc.",0
Philippines-region 1 ,"Lloyd Laboratories, Inc.",0
Philippines-region 1 ,"Lloyd Laboratories, Inc.",0
Philippines-region 1 ,"Lloyd Laboratories, Inc.",0
Philippines-region 1 ,"Lloyd Laboratories, Inc.",0
Philippines-Region 3,"Lloyd Laboratories, Inc.",0
Philippines-Region 3,"Lloyd Laboratories, Inc.",0
Philippines-Region 3,"Lloyd Laboratories, Inc.",0
Philippines-Region 3,"Lloyd Laboratories, Inc.",0
Philippines-Region 3,"Lloyd Laboratories, Inc.",0
Philippines-Region 3,"Lloyd Laboratories, Inc.",0
Philippines-Region 3,"Lloyd Laboratories, Inc.",0
Philippines-Region 3,"Lloyd Laboratories, Inc.",0
Philippines-Region 3,"Lloyd Laboratories, Inc.",0
Philippines-Region 3,"Lloyd Laboratories, Inc.",0
Philippines-Region 3,"Lloyd Laboratories, Inc.",0
Philippines-Region 4A,"Lloyd Laboratories, Inc.",0
Philippines-Region 4A,"Lloyd Laboratories, Inc.",0
Philippines-Region 4A,"Lloyd Laboratories, Inc.",0
Philippines-Region 4A,"Lloyd Laboratories, Inc.",0
Philippines-Region 4A,"Lloyd Laboratories, Inc.",0
Philippines-Region 4A,"Lloyd Laboratories, Inc.",0
Philippines-Region 4A,"Lloyd Laboratories, Inc.",0
Philippines-Region 4A,"Lloyd Laboratories, Inc.",0
Philippines-Region 4A,"Lloyd Laboratories, Inc.",0
Philippines-Region 4A,"Lloyd Laboratories, Inc.",0
Philippines-Region 4A,"Lloyd Laboratories, Inc.",0
Philippines-Region 4A,"Lloyd Laboratories, Inc.",0
Philippines-Region 4A,"Lloyd Laboratories, Inc.",0
Philippines-Region 4A,"Lloyd Laboratories, Inc.",0
Philippines-Region 4A,"Lloyd Laboratories, Inc.",0
Philippines-Region 4A,"Lloyd Laboratories, Inc.",0
Philippines-Region 4A,"Lloyd Laboratories, Inc.",0
Philippines-Region 4A,"Lloyd Laboratories, Inc.",0
Philippines-Region 4A,"Lloyd Laboratories, Inc.",0
Philippines-Region 4A,"Lloyd Laboratories, Inc.",0
Philippines-Region 4A,"Lloyd Laboratories, Inc.",0
Philippines-Region 4A,"Lloyd Laboratories, Inc.",0
Philippines-Region 4A,"Lloyd Laboratories, Inc.",0
Philippines-Region 4A,"Lloyd Laboratories, Inc.",0
Philippines-Region 6,"Lloyd Laboratories, Inc.",0
Philippines-Region 6,"Lloyd Laboratories, Inc.",0
Philippines-Region 6,"Lloyd Laboratories, Inc.",0
Philippines-Region 6,"Lloyd Laboratories, Inc.",0
Philippines-Region 6,"Lloyd Laboratories, Inc.",0
Philippines-Region 6,"Lloyd Laboratories, Inc.",0
Philippines-Region 6,"Lloyd Laboratories, Inc.",0
Philippines-Region 6,"Lloyd Laboratories, Inc.",0
Philippines-Region 6,"Lloyd Laboratories, Inc.",0
Philippines-region9,"Lloyd Laboratories, Inc.",0
Philippines-region9,"Lloyd Laboratories, Inc.",0
Philippines-region9,"Lloyd Laboratories, Inc.",0
Philippines-region9,"Lloyd Laboratories, Inc.",0
Philippines-region9,"Lloyd Laboratories, Inc.",0
Philippines-region9,"Lloyd Laboratories, Inc.",0
Philippines-region9,"Lloyd Laboratories, Inc.",0
Philippines-region9,"Lloyd Laboratories, Inc.",0
Philippines-region9,"Lloyd Laboratories, Inc.",0
Philippines-region9,"Lloyd Laboratories, Inc.",0
Philippines-region9,"Lloyd Laboratories, Inc.",0
Philippines-region9,"Lloyd Laboratories, Inc.",0
Philippines-region9,"Lloyd Laboratories, Inc.",0
Philippines-region9,"Lloyd Laboratories, Inc.",0
Philippines-region9,"Lloyd Laboratories, Inc.",0
Philippines-Zamboanga,"Lloyd Laboratories, Inc.",0
Philippines-Zamboanga,"Lloyd Laboratories, Inc.",0
Philippines-Zamboanga,"Lloyd Laboratories, Inc.",0
Philippines-Zamboanga,"Lloyd Laboratories, Inc.",0
Philippines-Zamboanga City,"Lloyd Laboratories, Inc.",0
Philippines-Zamboanga City,"Lloyd Laboratories, Inc.",0
Philippines-Ilocos City,Lumar Pharmaceutical Laboratory,0
Philippines-Ilocos City,Lumar Pharmaceutical Laboratory,0
Philippines-Ilocos City,Lumar Pharmaceutical Laboratory,0
Philippines-Ilocos City,Lumar Pharmaceutical Laboratory,0
Philippines-Iloilo City,Lumar Pharmaceutical Laboratory,0
Philippines-Iloilo City,Lumar Pharmaceutical Laboratory,0
Philippines-Malolos City,Lumar Pharmaceutical Laboratory,0
Philippines-Cebu City,Lumar Pharmaceutical Laboratory,0
Philippines-Cebu City,Lumar Pharmaceutical Laboratory,0
Philippines-Cebu City,Lumar Pharmaceutical Laboratory,0
Philippines-Davao,Lumar Pharmaceutical Laboratory,0
Philippines-Davao,Lumar Pharmaceutical Laboratory,0
Philippines-region 1 ,Lumar Pharmaceutical Laboratory,0
Philippines-region 1 ,Lumar Pharmaceutical Laboratory,0
Philippines-region 1 ,Lumar Pharmaceutical Laboratory,0
Philippines-region 1 ,Lumar Pharmaceutical Laboratory,0
Philippines-region 1 ,Lumar Pharmaceutical Laboratory,0
Philippines-region 1 ,Lumar Pharmaceutical Laboratory,0
Philippines-region 1 ,Lumar Pharmaceutical Laboratory,0
Philippines-region 1 ,Lumar Pharmaceutical Laboratory,0
Philippines-region 1 ,Lumar Pharmaceutical Laboratory,0
Philippines-Region 11,Lumar Pharmaceutical Laboratory,0
Philippines-Region 11,Lumar Pharmaceutical Laboratory,0
Philippines-Region 11,Lumar Pharmaceutical Laboratory,0
Philippines-Region 3,Lumar Pharmaceutical Laboratory,0
Philippines-Region 4A,Lumar Pharmaceutical Laboratory,0
Philippines-Region 4A,Lumar Pharmaceutical Laboratory,0
Philippines-Region 4A,Lumar Pharmaceutical Laboratory,0
Philippines-Region 4A,Lumar Pharmaceutical Laboratory,0
Philippines-Region 5,Lumar Pharmaceutical Laboratory,0
Philippines-Region 6,Lumar Pharmaceutical Laboratory,0
Philippines-Region 6,Lumar Pharmaceutical Laboratory,0
Philippines-region7,Lumar Pharmaceutical Laboratory,0
Philippines-region9,Lumar Pharmaceutical Laboratory,0
Philippines-region9,Lumar Pharmaceutical Laboratory,0
Philippines-region9,Lumar Pharmaceutical Laboratory,0
Philippines-region9,Lumar Pharmaceutical Laboratory,0
Philippines-Bicol,Lumar Pharmaceutical Laboratory,0
Philippines-Bicol,Lumar Pharmaceutical Laboratory,0
Philippines-Bicol,Lumar Pharmaceutical Laboratory,0
Philippines-Bicol,Lumar Pharmaceutical Laboratory,0
Philippines-Bicol,Lumar Pharmaceutical Laboratory,0
Philippines-Bicol,Lumar Pharmaceutical Laboratory,0
Philippines-Bicol,Lumar Pharmaceutical Laboratory,0
Philippines-Bicol,Lumar Pharmaceutical Laboratory,0
Philippines-Bicol,Lumar Pharmaceutical Laboratory,0
Philippines-Bicol,Lumar Pharmaceutical Laboratory,0
Philippines-Bicol,Lumar Pharmaceutical Laboratory,0
Philippines-Bicol,Lumar Pharmaceutical Laboratory,0
Philippines-Bicol,Lumar Pharmaceutical Laboratory,0
Philippines-Calabarzon,Lumar Pharmaceutical Laboratory,0
Philippines-Cebu,Lumar Pharmaceutical Laboratory,0
Philippines-Cebu,Lumar Pharmaceutical Laboratory,0
Philippines-Davao,Lumar Pharmaceutical Laboratory,0
Philippines-Davao,Lumar Pharmaceutical Laboratory,0
Philippines-Davao,Lumar Pharmaceutical Laboratory,0
Philippines-Davao,Lumar Pharmaceutical Laboratory,0
Philippines-Davao,Lumar Pharmaceutical Laboratory,0
Philippines-Davao,Lumar Pharmaceutical Laboratory,0
Philippines-Davao,Lumar Pharmaceutical Laboratory,0
Philippines-Davao,Lumar Pharmaceutical Laboratory,0
Philippines-Davao,Lumar Pharmaceutical Laboratory,0
Philippines-Davao,Lumar Pharmaceutical Laboratory,0
Philippines-Davao,Lumar Pharmaceutical Laboratory,0
Philippines-Davao,Lumar Pharmaceutical Laboratory,0
Philippines-Davao,Lumar Pharmaceutical Laboratory,0
Philippines-Davao,Lumar Pharmaceutical Laboratory,0
Philippines-Davao,Lumar Pharmaceutical Laboratory,0
Philippines-Davao,Lumar Pharmaceutical Laboratory,0
Philippines-Iloilo,Lumar Pharmaceutical Laboratory,0
Philippines-Iloilo,Lumar Pharmaceutical Laboratory,0
Philippines-Malolos,Lumar Pharmaceutical Laboratory,0
Philippines-Malolos,Lumar Pharmaceutical Laboratory,0
Philippines-Malolos,Lumar Pharmaceutical Laboratory,0
Philippines-Oriental Mindoro,Lumar Pharmaceutical Laboratory,0
Philippines-Oriental Mindoro,Lumar Pharmaceutical Laboratory,0
Philippines-Pampanga,Lumar Pharmaceutical Laboratory,0
Philippines-Zamboanga,Lumar Pharmaceutical Laboratory,0
Philippines-Zamboanga,Lumar Pharmaceutical Laboratory,0
Philippines-Batangas,Lupin Ltd,0
Philippines-Batangas,Lupin Ltd,0
Philippines-Batangas,Lupin Ltd,0
Philippines-Batangas,Lupin Ltd,0
Philippines-Batangas,Lupin Ltd,0
Philippines-Batangas,Lupin Ltd,0
Philippines-Batangas,Lupin Ltd,0
Philippines-Batangas,Lupin Ltd,0
Philippines-Batangas,Lupin Ltd,0
Philippines-Batangas,Lupin Ltd,0
Philippines-Batangas,Lupin Ltd,0
Philippines-Batangas,Lupin Ltd,0
Philippines-Batangas,Lupin Ltd,0
Philippines-Batangas,Lupin Ltd,0
Philippines-Batangas,Lupin Ltd,0
Philippines-Batangas,Lupin Ltd,0
Philippines-Batangas,Lupin Ltd,0
Philippines-Batangas,Lupin Ltd,0
Philippines-Batangas,Lupin Ltd,0
Philippines-Batangas,Lupin Ltd,0
Philippines-Batangas,Lupin Ltd,0
Philippines-Batangas,Lupin Ltd,0
Philippines-Batangas,Lupin Ltd,0
Philippines-Batangas,Lupin Ltd,0
Philippines-Batangas,Lupin Ltd,0
Philippines-Batangas,Lupin Ltd,0
Philippines-Batangas,Lupin Ltd,0
Philippines-Batangas,Lupin Ltd,0
Philippines-Batangas,Lupin Ltd,0
Philippines-Batangas,Lupin Ltd,0
Philippines-Batangas,Lupin Ltd,0
Philippines-Batangas,Lupin Ltd,0
Philippines-Batangas,Lupin Ltd,0
Philippines-Batangas,Lupin Ltd,0
Philippines-Batangas,Lupin Ltd,0
Philippines-Cavite,Lupin Ltd,0
Philippines-Cavite,Lupin Ltd,0
Philippines-Cavite,Lupin Ltd,0
Philippines-Cavite,Lupin Ltd,0
Philippines-Cavite,Lupin Ltd,0
Philippines-Cavite,Lupin Ltd,0
Philippines-Cavite,Lupin Ltd,0
Philippines-Cavite,Lupin Ltd,0
Philippines-Cavite,Lupin Ltd,0
Philippines-Cavite,Lupin Ltd,0
Philippines-Cavite,Lupin Ltd,0
Philippines-Cavite,Lupin Ltd,0
Philippines-Cavite,Lupin Ltd,0
Philippines-Cavite,Lupin Ltd,0
Philippines-Cavite,Lupin Ltd,0
Philippines-Cavite,Lupin Ltd,0
Philippines-Cavite,Lupin Ltd,0
Philippines-Cavite,Lupin Ltd,0
Philippines-Cavite,Lupin Ltd,0
Philippines-Cavite,Lupin Ltd,0
Philippines-Cavite,Lupin Ltd,0
Philippines-Cavite,Lupin Ltd,0
Philippines-Cavite,Lupin Ltd,0
Philippines-Cavite,Lupin Ltd,0
Philippines-Cavite,Lupin Ltd,0
Philippines-Cavite,Lupin Ltd,0
Philippines-Cavite,Lupin Ltd,0
Philippines-Cavite,Lupin Ltd,0
Philippines-Cavite,Lupin Ltd,0
Philippines-Cavite,Lupin Ltd,0
Philippines-Cavite,Lupin Ltd,0
Philippines-Cavite,Lupin Ltd,0
Philippines-Cavite,Lupin Ltd,0
Philippines-Cavite,Lupin Ltd,0
Philippines-Cavite,Lupin Ltd,0
Philippines-Cavite,Lupin Ltd,0
Philippines-Cavite,Lupin Ltd,0
Philippines-Cavite,Lupin Ltd,0
Philippines-Cavite,Lupin Ltd,0
Philippines-Cavite,Lupin Ltd,0
Philippines-Cebu City,Lupin Ltd,0
Philippines-Cebu City,Lupin Ltd,0
Philippines-Davao,Lupin Ltd,0
Philippines-Davao,Lupin Ltd,0
Philippines-Davao,Lupin Ltd,0
Philippines-Davao,Lupin Ltd,0
Philippines-Davao,Lupin Ltd,0
Philippines-Davao,Lupin Ltd,0
Philippines-Davao,Lupin Ltd,0
Philippines-Davao,Lupin Ltd,0
Philippines-Davao,Lupin Ltd,0
Philippines-Iloilo City,Lupin Ltd,0
Philippines-Iloilo City,Lupin Ltd,0
Philippines-Laguna,Lupin Ltd,0
Philippines-Laguna,Lupin Ltd,0
Philippines-Laguna,Lupin Ltd,0
Philippines-Laguna,Lupin Ltd,0
Philippines-Laguna,Lupin Ltd,0
Philippines-Laguna,Lupin Ltd,0
Philippines-Laguna,Lupin Ltd,0
Philippines-Laguna,Lupin Ltd,0
Philippines-Laguna,Lupin Ltd,0
Philippines-Laguna,Lupin Ltd,0
Philippines-Laguna,Lupin Ltd,0
Philippines-Laguna,Lupin Ltd,0
Philippines-Laguna,Lupin Ltd,0
Philippines-Laguna,Lupin Ltd,0
Philippines-Laguna,Lupin Ltd,0
Philippines-Laguna,Lupin Ltd,0
Philippines-Laguna,Lupin Ltd,0
Philippines-Laguna,Lupin Ltd,0
Philippines-Laguna,Lupin Ltd,0
Philippines-Laguna,Lupin Ltd,0
Philippines-Laguna,Lupin Ltd,0
Philippines-Laguna,Lupin Ltd,0
Philippines-Laguna,Lupin Ltd,0
Philippines-Laguna,Lupin Ltd,0
Philippines-Laguna,Lupin Ltd,0
Philippines-Laguna,Lupin Ltd,0
Philippines-Laguna,Lupin Ltd,0
Philippines-Laguna,Lupin Ltd,0
Philippines-Laguna,Lupin Ltd,0
Philippines-Laguna,Lupin Ltd,0
Philippines-Laguna,Lupin Ltd,0
Philippines-Laguna,Lupin Ltd,0
Philippines-Laguna,Lupin Ltd,0
Philippines-Laguna,Lupin Ltd,0
Philippines-Laguna,Lupin Ltd,0
Philippines-Laguna,Lupin Ltd,0
Philippines-Laguna,Lupin Ltd,0
Philippines-Laguna,Lupin Ltd,0
Philippines-Laguna,Lupin Ltd,0
Philippines-Laguna,Lupin Ltd,0
Philippines-Laguna,Lupin Ltd,0
Philippines-Laguna,Lupin Ltd,0
Philippines-Quezon,Lupin Ltd,0
Philippines-Quezon,Lupin Ltd,0
Philippines-Quezon,Lupin Ltd,0
Philippines-Quezon,Lupin Ltd,0
Philippines-Quezon,Lupin Ltd,0
Philippines-Quezon,Lupin Ltd,0
Philippines-Quezon,Lupin Ltd,0
Philippines-Quezon,Lupin Ltd,0
Philippines-Quezon,Lupin Ltd,0
Philippines-Quezon,Lupin Ltd,0
Philippines-Quezon,Lupin Ltd,0
Philippines-Quezon,Lupin Ltd,0
Philippines-Quezon,Lupin Ltd,0
Philippines-Quezon,Lupin Ltd,0
Philippines-Quezon,Lupin Ltd,0
Philippines-Quezon,Lupin Ltd,0
Philippines-Quezon,Lupin Ltd,0
Philippines-Quezon,Lupin Ltd,0
Philippines-Quezon,Lupin Ltd,0
Philippines-Quezon,Lupin Ltd,0
Philippines-Quezon,Lupin Ltd,0
Philippines-Quezon,Lupin Ltd,0
Philippines-Quezon,Lupin Ltd,0
Philippines-Quezon,Lupin Ltd,0
Philippines-Quezon,Lupin Ltd,0
Philippines-Quezon,Lupin Ltd,0
Philippines-Quezon,Lupin Ltd,0
Philippines-Quezon,Lupin Ltd,0
Philippines-Quezon,Lupin Ltd,0
Philippines-Quezon,Lupin Ltd,0
Philippines-Quezon,Lupin Ltd,0
Philippines-Quezon,Lupin Ltd,0
Philippines-Quezon,Lupin Ltd,0
Philippines-Quezon,Lupin Ltd,0
Philippines-Quezon,Lupin Ltd,0
Philippines-Quezon,Lupin Ltd,0
Philippines-Quezon,Lupin Ltd,0
Philippines-Quezon,Lupin Ltd,0
Philippines-Quezon,Lupin Ltd,0
Philippines-Quezon,Lupin Ltd,0
Philippines-Quezon,Lupin Ltd,0
Philippines-Quezon,Lupin Ltd,0
Philippines-Quezon,Lupin Ltd,0
Philippines-Quezon,Lupin Ltd,0
Philippines-Quezon,Lupin Ltd,0
Philippines-Quezon,Lupin Ltd,0
Philippines-Quezon,Lupin Ltd,0
Philippines-Quezon,Lupin Ltd,0
Philippines-Quezon,Lupin Ltd,0
Philippines-Quezon,Lupin Ltd,0
Philippines-Quezon,Lupin Ltd,0
Philippines-Quezon,Lupin Ltd,0
Philippines-Quezon,Lupin Ltd,0
Philippines-Quezon,Lupin Ltd,0
Philippines-Quezon,Lupin Ltd,0
Philippines-Rizal,Lupin Ltd,0
Philippines-Rizal,Lupin Ltd,0
Philippines-Rizal,Lupin Ltd,0
Philippines-Rizal,Lupin Ltd,0
Philippines-Rizal,Lupin Ltd,0
Philippines-Rizal,Lupin Ltd,0
Philippines-Rizal,Lupin Ltd,0
Philippines-Rizal,Lupin Ltd,0
Philippines-Rizal,Lupin Ltd,0
Philippines-Rizal,Lupin Ltd,0
Philippines-Rizal,Lupin Ltd,0
Philippines-Rizal,Lupin Ltd,0
Philippines-Rizal,Lupin Ltd,0
Philippines-Rizal,Lupin Ltd,0
Philippines-Rizal,Lupin Ltd,0
Philippines-Rizal,Lupin Ltd,0
Philippines-Rizal,Lupin Ltd,0
Philippines-Rizal,Lupin Ltd,0
Philippines-Rizal,Lupin Ltd,0
Philippines-Rizal,Lupin Ltd,0
Philippines-Rizal,Lupin Ltd,0
Philippines-Rizal,Lupin Ltd,0
Philippines-Rizal,Lupin Ltd,0
Philippines-Rizal,Lupin Ltd,0
Philippines-Rizal,Lupin Ltd,0
Philippines-Rizal,Lupin Ltd,0
Philippines-Zamboanga City,Lupin Ltd,0
Philippines-Bicol,Lupin Ltd,0
Philippines-Bicol,Lupin Ltd,0
Philippines-Bicol,Lupin Ltd,0
Philippines-Bicol,Lupin Ltd,0
Philippines-Bicol,Lupin Ltd,0
Philippines-Bicol,Lupin Ltd,0
Philippines-Bicol,Lupin Ltd,0
Philippines-Bicol,Lupin Ltd,0
Philippines-Bicol,Lupin Ltd,0
Philippines-Bicol,Lupin Ltd,0
Philippines-Cebu,Lupin Ltd,0
Philippines-Cebu,Lupin Ltd,0
Philippines-Cebu,Lupin Ltd,0
Philippines-Davao,Lupin Ltd,0
Philippines-Davao,Lupin Ltd,0
Philippines-Davao,Lupin Ltd,0
Philippines-Davao,Lupin Ltd,0
Philippines-Davao,Lupin Ltd,0
Philippines-Bicol,Lupin Ltd,0
Philippines-Calabarzon,Lupin Ltd,0
Philippines-Calabarzon,Lupin Ltd,0
Philippines-Calabarzon,Lupin Ltd,0
Philippines-Cebu,Lupin Ltd,0
Philippines-Cebu,Lupin Ltd,0
Philippines-Cebu,Lupin Ltd,0
Philippines-Cebu,Lupin Ltd,0
Philippines-Cebu,Lupin Ltd,0
Philippines-Cebu,Lupin Ltd,0
Philippines-Cebu,Lupin Ltd,0
Philippines-Cebu,Lupin Ltd,0
Philippines-Cebu,Lupin Ltd,0
Philippines-Davao,Lupin Ltd,0
Philippines-Davao,Lupin Ltd,0
Philippines-Davao,Lupin Ltd,0
Philippines-Iloilo,Lupin Ltd,0
Philippines-Iloilo City,Lupin Ltd,0
Philippines-La Union,Lupin Ltd,0
Philippines-Occidental Mindoro,Lupin Ltd,0
Philippines-Occidental Mindoro,Lupin Ltd,0
Philippines-Oriental Mindoro,Lupin Ltd,0
Philippines-Oriental Mindoro,Lupin Ltd,0
Philippines-Oriental Mindoro,Lupin Ltd,0
Philippines-Oriental Mindoro,Lupin Ltd,0
Philippines-region 1 ,Lupin Ltd,0
Philippines-region 1 ,Lupin Ltd,0
Philippines-region 1 ,Lupin Ltd,0
Philippines-region 1 ,Lupin Ltd,0
Philippines-region 1 ,Lupin Ltd,0
Philippines-region 1 ,Lupin Ltd,0
Philippines-region 1 ,Lupin Ltd,0
Philippines-region 1 ,Lupin Ltd,0
Philippines-region 1 ,Lupin Ltd,0
Philippines-Region 3,Lupin Ltd,0
Philippines-Region 3,Lupin Ltd,0
Philippines-Region 3,Lupin Ltd,0
Philippines-Region 3,Lupin Ltd,0
Philippines-Region 4A,Lupin Ltd,0
Philippines-Region 4A,Lupin Ltd,0
Philippines-Region 4A,Lupin Ltd,0
Philippines-Region 4A,Lupin Ltd,0
Philippines-Region 4A,Lupin Ltd,0
Philippines-Region 4A,Lupin Ltd,0
Philippines-Region 4A,Lupin Ltd,0
Philippines-Region 4A,Lupin Ltd,0
Philippines-Region 4A,Lupin Ltd,0
Philippines-Region 4A,Lupin Ltd,0
Philippines-Region 4A,Lupin Ltd,0
Philippines-Region 4A,Lupin Ltd,0
Philippines-Region 4A,Lupin Ltd,0
Philippines-Region 5,Lupin Ltd,0
Philippines-Region 5,Lupin Ltd,0
Philippines-Region 5,Lupin Ltd,0
Philippines-Region 6,Lupin Ltd,0
Philippines-Region 6,Lupin Ltd,0
Philippines-Region 6,Lupin Ltd,0
Philippines-Region 6,Lupin Ltd,0
Philippines-Region 6,Lupin Ltd,0
Philippines-Region 6,Lupin Ltd,0
Philippines-Region 6,Lupin Ltd,0
Philippines-region9,Lupin Ltd,0
Philippines-region9,Lupin Ltd,0
Philippines-region9,Lupin Ltd,0
Philippines-region9,Lupin Ltd,0
Philippines-region9,Lupin Ltd,0
Philippines-Zamboanga,Lupin Ltd,0
Philippines-Zamboanga,Lupin Ltd,0
Philippines-Zamboanga,Lupin Ltd,0
Philippines-Zamboanga,Lupin Ltd,0
Philippines-Davao,Medichem Pharms Inc,0
Philippines-Ilocos City,"Medi-Rx, Inc. Pharmaceutical Laboratory",0
Philippines-Bicol,Unknown,0
Philippines-Bicol,Unknown,0
Philippines-Cebu,Unknown,0
Philippines-Cebu,Unknown,0
Philippines-Cebu,Unknown,0
Philippines-Cebu,Unknown,0
Philippines-Davao,Unknown,0
Philippines-Davao,Unknown,0
Philippines-Davao,Unknown,0
Philippines-Davao,Unknown,0
Philippines-Davao,Unknown,0
Philippines-Davao,Unknown,0
Philippines-Davao,Unknown,0
Philippines-Davao,Unknown,0
Philippines-Davao,Unknown,0
Philippines-Ilocos City,Unknown,0
Philippines-Ilocos City,Unknown,0
Philippines-Ilocos City,Unknown,0
Philippines-Cebu City,Myrex Ethica Laboratories,0
Philippines-Cebu City,Myrex Ethica Laboratories,0
Philippines-Malolos City,Myrex Ethica Laboratories,0
Philippines-Davao,"Natrapharm, Inc.",0
Philippines-Davao,"Natrapharm, Inc.",0
Philippines-Davao,"Natrapharm, Inc.",0
Philippines-Davao,"Natrapharm, Inc.",0
Philippines-Malolos City,"Natrapharm, Inc.",0
Philippines-Zamboanga City,"Natrapharm, Inc.",0
Philippines-Zamboanga City,"Natrapharm, Inc.",0
Philippines-Davao,"Natrapharm, Inc.",0
Philippines-Davao,"Natrapharm, Inc.",0
Philippines-Zamboanga City,"Natrapharm, Inc.",0
Philippines-Cebu,"New Myrex Laboratories, Inc.",0
Philippines-Davao,"New Myrex Laboratories, Inc.",0
Philippines-Davao,"New Myrex Laboratories, Inc.",0
Philippines-Davao,"New Myrex Laboratories, Inc.",0
Philippines-Davao,"New Myrex Laboratories, Inc.",0
Philippines-Davao,"New Myrex Laboratories, Inc.",0
Philippines-Davao,"New Myrex Laboratories, Inc.",0
Philippines-Davao,"New Myrex Laboratories, Inc.",0
Philippines-Iloilo,"New Myrex Laboratories, Inc.",0
Philippines-Malolos,"New Myrex Laboratories, Inc.",0
Philippines-Malolos,"New Myrex Laboratories, Inc.",0
Philippines-Malolos,"New Myrex Laboratories, Inc.",0
Philippines-Bicol,"New Myrex Laboratories, Inc.",0
Philippines-Bicol,"New Myrex Laboratories, Inc.",0
Philippines-Bicol,"New Myrex Laboratories, Inc.",0
Philippines-Bicol,"New Myrex Laboratories, Inc.",0
Philippines-Bicol,"New Myrex Laboratories, Inc.",0
Philippines-Iloilo,"New Myrex Laboratories, Inc.",0
Philippines-Iloilo,"New Myrex Laboratories, Inc.",0
Philippines-Zamboanga,"New Myrex Laboratories, Inc.",0
Philippines-Bicol,"New Myrex Laboratories, Inc.",0
Philippines-Bicol,"New Myrex Laboratories, Inc.",0
Philippines-Bicol,"New Myrex Laboratories, Inc.",0
Philippines-Bicol,"New Myrex Laboratories, Inc.",0
Philippines-Bicol,"New Myrex Laboratories, Inc.",0
Philippines-Bicol,"New Myrex Laboratories, Inc.",0
Philippines-Bicol,"New Myrex Laboratories, Inc.",0
Philippines-Bicol,"New Myrex Laboratories, Inc.",0
Philippines-Bicol,"New Myrex Laboratories, Inc.",0
Philippines-Bicol,"New Myrex Laboratories, Inc.",0
Philippines-Bicol,"New Myrex Laboratories, Inc.",0
Philippines-Bicol,"New Myrex Laboratories, Inc.",0
Philippines-Bicol,"New Myrex Laboratories, Inc.",0
Philippines-Bicol,"New Myrex Laboratories, Inc.",0
Philippines-Bicol,"New Myrex Laboratories, Inc.",0
Philippines-Bicol,"New Myrex Laboratories, Inc.",0
Philippines-Bicol,"New Myrex Laboratories, Inc.",0
Philippines-Bicol,"New Myrex Laboratories, Inc.",0
Philippines-Bicol,"New Myrex Laboratories, Inc.",0
Philippines-Bicol,"New Myrex Laboratories, Inc.",0
Philippines-Bicol,"New Myrex Laboratories, Inc.",0
Philippines-Bicol,"New Myrex Laboratories, Inc.",0
Philippines-Bicol,"New Myrex Laboratories, Inc.",0
Philippines-Bicol,"New Myrex Laboratories, Inc.",0
Philippines-Bicol,"New Myrex Laboratories, Inc.",0
Philippines-Bicol,"New Myrex Laboratories, Inc.",0
Philippines-Bicol,"New Myrex Laboratories, Inc.",0
Philippines-Bicol,"New Myrex Laboratories, Inc.",0
Philippines-Bicol,"New Myrex Laboratories, Inc.",0
Philippines-Bicol,"New Myrex Laboratories, Inc.",0
Philippines-Bicol,"New Myrex Laboratories, Inc.",0
Philippines-Bicol,"New Myrex Laboratories, Inc.",0
Philippines-Bicol,"New Myrex Laboratories, Inc.",0
Philippines-Bicol,"New Myrex Laboratories, Inc.",0
Philippines-Bicol,"New Myrex Laboratories, Inc.",0
Philippines-Bicol,"New Myrex Laboratories, Inc.",0
Philippines-Bicol,"New Myrex Laboratories, Inc.",0
Philippines-Iloilo,"New Myrex Laboratories, Inc.",0
Philippines-La Union,"New Myrex Laboratories, Inc.",0
Philippines-Oriental Mindoro,"New Myrex Laboratories, Inc.",0
Philippines-Oriental Mindoro,"New Myrex Laboratories, Inc.",0
Philippines-Bicol,"New Myrex Laboratories, Inc.",0
Philippines-Bicol,"New Myrex Laboratories, Inc.",0
Philippines-Bicol,"New Myrex Laboratories, Inc.",0
Philippines-Bicol,"New Myrex Laboratories, Inc.",0
Philippines-Bicol,"New Myrex Laboratories, Inc.",0
Philippines-Bicol,"New Myrex Laboratories, Inc.",0
Philippines-Bicol,"New Myrex Laboratories, Inc.",0
Philippines-Bicol,"New Myrex Laboratories, Inc.",0
Philippines-Bicol,"New Myrex Laboratories, Inc.",0
Philippines-Bicol,"New Myrex Laboratories, Inc.",0
Philippines-Bicol,"New Myrex Laboratories, Inc.",0
Philippines-Calabarzon,"New Myrex Laboratories, Inc.",0
Philippines-Calabarzon,"New Myrex Laboratories, Inc.",0
Philippines-Cebu City,"New Myrex Laboratories, Inc.",0
Philippines-Cebu City,"New Myrex Laboratories, Inc.",0
Philippines-Davao,"New Myrex Laboratories, Inc.",0
Philippines-Davao,"New Myrex Laboratories, Inc.",0
Philippines-Davao,"New Myrex Laboratories, Inc.",0
Philippines-Davao,"New Myrex Laboratories, Inc.",0
Philippines-Davao,"New Myrex Laboratories, Inc.",0
Philippines-Davao,"New Myrex Laboratories, Inc.",0
Philippines-Davao,"New Myrex Laboratories, Inc.",0
Philippines-Davao,"New Myrex Laboratories, Inc.",0
Philippines-Davao,"New Myrex Laboratories, Inc.",0
Philippines-Ilocos City,"New Myrex Laboratories, Inc.",0
Philippines-Iloilo City,"New Myrex Laboratories, Inc.",0
Philippines-Iloilo City,"New Myrex Laboratories, Inc.",0
Philippines-region 1 ,"New Myrex Laboratories, Inc.",0
Philippines-region 1 ,"New Myrex Laboratories, Inc.",0
Philippines-region 1 ,"New Myrex Laboratories, Inc.",0
Philippines-region 1 ,"New Myrex Laboratories, Inc.",0
Philippines-Region 3,"New Myrex Laboratories, Inc.",0
Philippines-Region 3,"New Myrex Laboratories, Inc.",0
Philippines-Region 4A,"New Myrex Laboratories, Inc.",0
Philippines-Region 4A,"New Myrex Laboratories, Inc.",0
Philippines-Region 4A,"New Myrex Laboratories, Inc.",0
Philippines-Region 4A,"New Myrex Laboratories, Inc.",0
Philippines-Region 4A,"New Myrex Laboratories, Inc.",0
Philippines-Region 5,"New Myrex Laboratories, Inc.",0
Philippines-Region 5,"New Myrex Laboratories, Inc.",0
Philippines-Region 5,"New Myrex Laboratories, Inc.",0
Philippines-Region 5,"New Myrex Laboratories, Inc.",0
Philippines-Region 5,"New Myrex Laboratories, Inc.",0
Philippines-Region 5,"New Myrex Laboratories, Inc.",0
Philippines-Region 5,"New Myrex Laboratories, Inc.",0
Philippines-Region 5,"New Myrex Laboratories, Inc.",0
Philippines-Region 5,"New Myrex Laboratories, Inc.",0
Philippines-Region 5,"New Myrex Laboratories, Inc.",0
Philippines-Region 5,"New Myrex Laboratories, Inc.",0
Philippines-Region 5,"New Myrex Laboratories, Inc.",0
Philippines-Region 5,"New Myrex Laboratories, Inc.",0
Philippines-Region 5,"New Myrex Laboratories, Inc.",0
Philippines-Region 5,"New Myrex Laboratories, Inc.",0
Philippines-Region 5,"New Myrex Laboratories, Inc.",0
Philippines-Region 5,"New Myrex Laboratories, Inc.",0
Philippines-Region 5,"New Myrex Laboratories, Inc.",0
Philippines-Region 5,"New Myrex Laboratories, Inc.",0
Philippines-Region 5,"New Myrex Laboratories, Inc.",0
Philippines-Region 5,"New Myrex Laboratories, Inc.",0
Philippines-Region 5,"New Myrex Laboratories, Inc.",0
Philippines-Region 5,"New Myrex Laboratories, Inc.",0
Philippines-Region 5,"New Myrex Laboratories, Inc.",0
Philippines-Region 5,"New Myrex Laboratories, Inc.",0
Philippines-Region 5,"New Myrex Laboratories, Inc.",0
Philippines-Region 5,"New Myrex Laboratories, Inc.",0
Philippines-Region 5,"New Myrex Laboratories, Inc.",0
Philippines-Region 5,"New Myrex Laboratories, Inc.",0
Philippines-Region 5,"New Myrex Laboratories, Inc.",0
Philippines-Region 5,"New Myrex Laboratories, Inc.",0
Philippines-Region 5,"New Myrex Laboratories, Inc.",0
Philippines-Region 5,"New Myrex Laboratories, Inc.",0
Philippines-Region 5,"New Myrex Laboratories, Inc.",0
Philippines-Region 5,"New Myrex Laboratories, Inc.",0
Philippines-Region 6,"New Myrex Laboratories, Inc.",0
Philippines-Region 6,"New Myrex Laboratories, Inc.",0
Philippines-region9,"New Myrex Laboratories, Inc.",0
Philippines-region9,"New Myrex Laboratories, Inc.",0
Philippines-region9,"New Myrex Laboratories, Inc.",0
Philippines-region9,"New Myrex Laboratories, Inc.",0
Philippines-region9,"New Myrex Laboratories, Inc.",0
Philippines-region9,"New Myrex Laboratories, Inc.",0
Philippines-Batangas,Unknown,0
Philippines-Batangas,Unknown,0
Philippines-Batangas,Unknown,0
Philippines-Batangas,Unknown,0
Philippines-Calabarzon,Unknown,0
Philippines-Cavite,Unknown,0
Philippines-Laguna,Unknown,0
Philippines-region 1 ,Unknown,0
Philippines-region 1 ,Unknown,0
Philippines-region 1 ,Unknown,0
Philippines-region 1 ,Unknown,0
Philippines-region 1 ,Unknown,0
Philippines-region 1 ,Unknown,0
Philippines-region 1 ,Unknown,0
Philippines-region 1 ,Unknown,0
Philippines-region 1 ,Unknown,0
Philippines-region 1 ,Unknown,0
Philippines-region 1 ,Unknown,0
Philippines-region 1 ,Unknown,0
Philippines-region 1 ,Unknown,0
Philippines-region 1 ,Unknown,0
Philippines-region 1 ,Unknown,0
Philippines-region 1 ,Unknown,0
Philippines-region 1 ,Unknown,0
Philippines-region 1 ,Unknown,0
Philippines-region 1 ,Unknown,0
Philippines-region 1 ,Unknown,0
Philippines-region 1 ,Unknown,0
Philippines-region 1 ,Unknown,0
Philippines-Region 11,Unknown,0
Philippines-Region 11,Unknown,0
Philippines-Region 11,Unknown,0
Philippines-Region 11,Unknown,0
Philippines-Region 11,Unknown,0
Philippines-Region 11,Unknown,0
Philippines-Region 11,Unknown,0
Philippines-Region 11,Unknown,0
Philippines-Region 11,Unknown,0
Philippines-Region 11,Unknown,0
Philippines-Region 11,Unknown,0
Philippines-Region 11,Unknown,0
Philippines-Region 11,Unknown,0
Philippines-Region 11,Unknown,0
Philippines-Region 11,Unknown,0
Philippines-Region 11,Unknown,0
Philippines-Region 11,Unknown,0
Philippines-Region 11,Unknown,0
Philippines-Region 11,Unknown,0
Philippines-Region 11,Unknown,0
Philippines-Region 11,Unknown,0
Philippines-Region 11,Unknown,0
Philippines-Region 11,Unknown,0
Philippines-Region 11,Unknown,0
Philippines-Region 11,Unknown,0
Philippines-Region 11,Unknown,0
Philippines-Region 11,Unknown,0
Philippines-Region 11,Unknown,0
Philippines-Region 3,Unknown,0
Philippines-Region 3,Unknown,0
Philippines-Region 3,Unknown,0
Philippines-Region 3,Unknown,0
Philippines-Region 3,Unknown,0
Philippines-Region 3,Unknown,0
Philippines-Region 3,Unknown,0
Philippines-Region 3,Unknown,0
Philippines-Region 3,Unknown,0
Philippines-Region 3,Unknown,0
Philippines-Region 3,Unknown,0
Philippines-Region 3,Unknown,0
Philippines-Region 3,Unknown,0
Philippines-Region 3,Unknown,0
Philippines-Region 3,Unknown,0
Philippines-Region 3,Unknown,0
Philippines-Region 3,Unknown,0
Philippines-Region 3,Unknown,0
Philippines-Region 3,Unknown,0
Philippines-Region 3,Unknown,0
Philippines-Region 3,Unknown,0
Philippines-Region 3,Unknown,0
Philippines-Region 3,Unknown,0
Philippines-Region 3,Unknown,0
Philippines-Region 3,Unknown,0
Philippines-Region 3,Unknown,0
Philippines-Region 3,Unknown,0
Philippines-Region 3,Unknown,0
Philippines-Region 3,Unknown,0
Philippines-Region 3,Unknown,0
Philippines-Region 3,Unknown,0
Philippines-Region 3,Unknown,0
Philippines-Region 3,Unknown,0
Philippines-Region 3,Unknown,0
Philippines-Region 3,Unknown,0
Philippines-Region 3,Unknown,0
Philippines-Region 3,Unknown,0
Philippines-Region 3,Unknown,0
Philippines-Region 3,Unknown,0
Philippines-Region 3,Unknown,0
Philippines-Region 3,Unknown,0
Philippines-Region 3,Unknown,0
Philippines-Region 3,Unknown,0
Philippines-Region 3,Unknown,0
Philippines-Region 3,Unknown,0
Philippines-Region 3,Unknown,0
Philippines-Region 3,Unknown,0
Philippines-Region 3,Unknown,0
Philippines-Region 4A,Unknown,0
Philippines-Region 4A,Unknown,0
Philippines-Region 4A,Unknown,0
Philippines-Region 4A,Unknown,0
Philippines-Region 4A,Unknown,0
Philippines-Region 4A,Unknown,0
Philippines-Region 4A,Unknown,0
Philippines-Region 4A,Unknown,0
Philippines-Region 4A,Unknown,0
Philippines-Region 4A,Unknown,0
Philippines-Region 4A,Unknown,0
Philippines-Region 4A,Unknown,0
Philippines-Region 4A,Unknown,0
Philippines-Region 4A,Unknown,0
Philippines-Region 4A,Unknown,0
Philippines-Region 4A,Unknown,0
Philippines-Region 4A,Unknown,0
Philippines-Region 4A,Unknown,0
Philippines-Region 4A,Unknown,0
Philippines-Region 4A,Unknown,0
Philippines-Region 4A,Unknown,0
Philippines-Region 4A,Unknown,0
Philippines-Region 4A,Unknown,0
Philippines-Region 4A,Unknown,0
Philippines-Region 4A,Unknown,0
Philippines-Region 4A,Unknown,0
Philippines-Region 4A,Unknown,0
Philippines-Region 4A,Unknown,0
Philippines-Region 4A,Unknown,0
Philippines-Region 4A,Unknown,0
Philippines-Region 4A,Unknown,0
Philippines-Region 4A,Unknown,0
Philippines-Region 4A,Unknown,0
Philippines-Region 4A,Unknown,0
Philippines-Region 4A,Unknown,0
Philippines-Region 4A,Unknown,0
Philippines-Region 4A,Unknown,0
Philippines-Region 4A,Unknown,0
Philippines-Region 4A,Unknown,0
Philippines-Region 4A,Unknown,0
Philippines-Region 4A,Unknown,0
Philippines-Region 4A,Unknown,0
Philippines-Region 4A,Unknown,0
Philippines-Region 4A,Unknown,0
Philippines-Region 4A,Unknown,0
Philippines-Region 4A,Unknown,0
Philippines-Region 4A,Unknown,0
Philippines-Region 4A,Unknown,0
Philippines-Region 4A,Unknown,0
Philippines-Region 4A,Unknown,0
Philippines-Region 4A,Unknown,0
Philippines-Region 5,Unknown,0
Philippines-Region 5,Unknown,0
Philippines-Region 5,Unknown,0
Philippines-Region 5,Unknown,0
Philippines-Region 5,Unknown,0
Philippines-Region 5,Unknown,0
Philippines-Region 5,Unknown,0
Philippines-Region 5,Unknown,0
Philippines-Region 5,Unknown,0
Philippines-Region 5,Unknown,0
Philippines-Region 5,Unknown,0
Philippines-Region 5,Unknown,0
Philippines-Region 5,Unknown,0
Philippines-Region 6,Unknown,0
Philippines-Region 6,Unknown,0
Philippines-Region 6,Unknown,0
Philippines-Region 6,Unknown,0
Philippines-Region 6,Unknown,0
Philippines-region7,Unknown,0
Philippines-region7,Unknown,0
Philippines-region7,Unknown,0
Philippines-region7,Unknown,0
Philippines-region7,Unknown,0
Philippines-region7,Unknown,0
Philippines-region7,Unknown,0
Philippines-region7,Unknown,0
Philippines-region7,Unknown,0
Philippines-region7,Unknown,0
Philippines-region7,Unknown,0
Philippines-region7,Unknown,0
Philippines-region7,Unknown,0
Philippines-region7,Unknown,0
Philippines-region7,Unknown,0
Philippines-region7,Unknown,0
Philippines-region7,Unknown,0
Philippines-region7,Unknown,0
Philippines-region7,Unknown,0
Philippines-region7,Unknown,0
Philippines-region7,Unknown,0
Philippines-region7,Unknown,0
Philippines-region7,Unknown,0
Philippines-region7,Unknown,0
Philippines-region7,Unknown,0
Philippines-region7,Unknown,0
Philippines-region7,Unknown,0
Philippines-region7,Unknown,0
Philippines-region7,Unknown,0
Philippines-region7,Unknown,0
Philippines-region7,Unknown,0
Philippines-region7,Unknown,0
Philippines-region7,Unknown,0
Philippines-region7,Unknown,0
Philippines-region7,Unknown,0
Philippines-region7,Unknown,0
Philippines-Rizal,Unknown,0
Philippines-Bicol,Unknown,0
Philippines-Bicol,Unknown,0
Philippines-Cebu,Unknown,0
Philippines-Cebu,Unknown,0
Philippines-Cebu,Unknown,0
Philippines-Cebu,Unknown,0
Philippines-Cebu,Unknown,0
Philippines-Cebu,Unknown,0
Philippines-Davao,Unknown,0
Philippines-Davao,Unknown,0
Philippines-Davao,Unknown,0
Philippines-Davao,Unknown,0
Philippines-Davao,Unknown,0
Philippines-Davao,Unknown,0
Philippines-Davao,Unknown,0
Philippines-Davao,Unknown,0
Philippines-Davao,Unknown,0
Philippines-Iloilo City,Unknown,0
Philippines-Malolos,Unknown,0
Philippines-Malolos,Unknown,0
Philippines-Malolos,Unknown,0
Philippines-Davao,Novartis,0
Philippines-Iloilo City,Novartis,0
Philippines-Iloilo City,Novartis,0
Philippines-Zamboanga City,Novartis,0
Philippines-Davao,Novartis,0
Philippines-Davao,Novartis,0
Philippines-Zamboanga,Novartis,0
Philippines-Davao,Novartis,0
Philippines-Davao,Novartis,0
Philippines-Iloilo City,Novartis,0
Philippines-Iloilo City,Novartis,0
Philippines-region 1 ,Novartis,0
Philippines-region 1 ,Novartis,0
Philippines-region 1 ,Novartis,0
Philippines-Region 3,Novartis,0
Philippines-Region 3,Novartis,0
Philippines-Region 3,Novartis,0
Philippines-Region 4A,Novartis,0
Philippines-Region 4A,Novartis,0
Philippines-Region 4A,Novartis,0
Philippines-Region 4A,Novartis,0
Philippines-Region 4A,Novartis,0
Philippines-Region 5,Novartis,0
Philippines-Region 6,Novartis,0
Philippines-region9,Novartis,0
Philippines-region9,Novartis,0
Philippines-Bicol,Novartis,0
Philippines-Bicol,Novartis,0
Philippines-Bicol,Novartis,0
Philippines-Iloilo,Novartis,0
Philippines-Bicol,Novartis,0
Philippines-Calabarzon,Novartis,0
Philippines-Cebu,Novartis,0
Philippines-Cebu,Novartis,0
Philippines-La Union,Novartis,0
Philippines-Oriental Mindoro,Novartis,0
Philippines-Oriental Mindoro,Novartis,0
Philippines-Zamboanga,Novartis,0
Philippines-Zamboanga,Novartis,0
Philippines-Cebu,"Pascual Laboratories, Inc.",0
Philippines-Cebu,"Pascual Laboratories, Inc.",0
Philippines-Cebu,"Pascual Laboratories, Inc.",0
Philippines-Cebu,"Pascual Laboratories, Inc.",0
Philippines-Malolos,"Pascual Laboratories, Inc.",0
Philippines-Malolos,"Pascual Laboratories, Inc.",0
Philippines-Cebu City,"Pascual Laboratories, Inc.",0
Philippines-Cebu City,"Pascual Laboratories, Inc.",0
Philippines-Cebu City,"Pascual Laboratories, Inc.",0
Philippines-Davao,"Pascual Laboratories, Inc.",0
Philippines-Davao,"Pascual Laboratories, Inc.",0
Philippines-Davao,"Pascual Laboratories, Inc.",0
Philippines-Davao,"Pascual Laboratories, Inc.",0
Philippines-Davao,"Pascual Laboratories, Inc.",0
Philippines-Davao,"Pascual Laboratories, Inc.",0
Philippines-Davao,"Pascual Laboratories, Inc.",0
Philippines-Davao,"Pascual Laboratories, Inc.",0
Philippines-Ilocos City,"Pascual Laboratories, Inc.",0
Philippines-Iloilo City,"Pascual Laboratories, Inc.",0
Philippines-Iloilo City,"Pascual Laboratories, Inc.",0
Philippines-Iloilo City,"Pascual Laboratories, Inc.",0
Philippines-Malolos City,"Pascual Laboratories, Inc.",0
Philippines-Malolos City,"Pascual Laboratories, Inc.",0
Philippines-Malolos City,"Pascual Laboratories, Inc.",0
Philippines-Zamboanga City,"Pascual Laboratories, Inc.",0
Philippines-Davao,Pharex Health Corp.,0
Philippines-Cebu,Pharex Health Corp.,0
Philippines-Cebu,Pharex Health Corp.,0
Philippines-Davao,Pharex Health Corp.,0
Philippines-Iloilo,Pharex Health Corp.,0
Philippines-Malolos,Pharex Health Corp.,0
Philippines-Cebu City,"Plethico Pharmaceuticals, Ltd.",0
Philippines-Cebu City,"Plethico Pharmaceuticals, Ltd.",0
Philippines-Cebu City,"Plethico Pharmaceuticals, Ltd.",0
Philippines-Davao,"Plethico Pharmaceuticals, Ltd.",0
Philippines-Davao,"Plethico Pharmaceuticals, Ltd.",0
Philippines-Davao,"Plethico Pharmaceuticals, Ltd.",0
Philippines-Ilocos City,"Plethico Pharmaceuticals, Ltd.",0
Philippines-Iloilo,"Plethico Pharmaceuticals, Ltd.",0
Philippines-Zamboanga City,"Plethico Pharmaceuticals, Ltd.",0
Philippines-Zamboanga City,"Plethico Pharmaceuticals, Ltd.",0
Philippines-Zamboanga City,"Plethico Pharmaceuticals, Ltd.",0
Philippines-Bicol,"Plethico Pharmaceuticals, Ltd.",0
Philippines-Bicol,"Plethico Pharmaceuticals, Ltd.",0
Philippines-Cebu,"Plethico Pharmaceuticals, Ltd.",0
Philippines-Cebu,"Plethico Pharmaceuticals, Ltd.",0
Philippines-Davao,"Plethico Pharmaceuticals, Ltd.",0
Philippines-Davao,"Plethico Pharmaceuticals, Ltd.",0
Philippines-Davao,"Plethico Pharmaceuticals, Ltd.",0
Philippines-Davao,"Plethico Pharmaceuticals, Ltd.",0
Philippines-Davao,"Plethico Pharmaceuticals, Ltd.",0
Philippines-Iloilo,"Plethico Pharmaceuticals, Ltd.",0
Philippines-Iloilo City,"Plethico Pharmaceuticals, Ltd.",0
Philippines-Davao,"San Marino Lab., Corp.",0
Philippines-Davao,"San Marino Lab., Corp.",0
Philippines-Ilocos City,"San Marino Lab., Corp.",0
Philippines-Ilocos City,"San Marino Lab., Corp.",0
Philippines-Iloilo City,"San Marino Lab., Corp.",0
Philippines-Iloilo City,"San Marino Lab., Corp.",0
Philippines-Zamboanga City,"San Marino Lab., Corp.",0
Philippines-Cebu,Sandoz,0
Philippines-Davao,Sandoz,0
Philippines-Davao,Sandoz,0
Philippines-Davao,Sandoz,0
Philippines-Malolos City,Sandoz,0
Philippines-Cebu City,Sandoz,0
Philippines-Iloilo City,Sandoz,0
Philippines-Iloilo City,Sandoz,0
Philippines-Malolos City,Sandoz,0
Philippines-Malolos City,Sandoz,0
Philippines-Cebu City,"Scheele Laboratories Phil., Inc.",0
Philippines-Cebu City,"Scheele Laboratories Phil., Inc.",0
Philippines-Cebu City,"Scheele Laboratories Phil., Inc.",0
Philippines-Cebu City,"Scheele Laboratories Phil., Inc.",0
Philippines-Cebu City,"Scheele Laboratories Phil., Inc.",0
Philippines-Cebu City,"Scheele Laboratories Phil., Inc.",0
Philippines-Cebu City,"Scheele Laboratories Phil., Inc.",0
Philippines-Cebu City,"Scheele Laboratories Phil., Inc.",0
Philippines-Davao,"Scheele Laboratories Phil., Inc.",0
Philippines-Davao,"Scheele Laboratories Phil., Inc.",0
Philippines-Davao,"Scheele Laboratories Phil., Inc.",0
Philippines-Davao,"Scheele Laboratories Phil., Inc.",0
Philippines-Davao,"Scheele Laboratories Phil., Inc.",0
Philippines-Davao,"Scheele Laboratories Phil., Inc.",0
Philippines-Davao,"Scheele Laboratories Phil., Inc.",0
Philippines-Davao,"Scheele Laboratories Phil., Inc.",0
Philippines-Davao,"Scheele Laboratories Phil., Inc.",0
Philippines-Davao,"Scheele Laboratories Phil., Inc.",0
Philippines-Davao,"Scheele Laboratories Phil., Inc.",0
Philippines-Davao,"Scheele Laboratories Phil., Inc.",0
Philippines-Davao,"Scheele Laboratories Phil., Inc.",0
Philippines-Davao,"Scheele Laboratories Phil., Inc.",0
Philippines-Davao,"Scheele Laboratories Phil., Inc.",0
Philippines-Ilocos City,"Scheele Laboratories Phil., Inc.",0
Philippines-Ilocos City,"Scheele Laboratories Phil., Inc.",0
Philippines-Ilocos City,"Scheele Laboratories Phil., Inc.",0
Philippines-Ilocos City,"Scheele Laboratories Phil., Inc.",0
Philippines-Ilocos City,"Scheele Laboratories Phil., Inc.",0
Philippines-Ilocos City,"Scheele Laboratories Phil., Inc.",0
Philippines-Ilocos City,"Scheele Laboratories Phil., Inc.",0
Philippines-Ilocos City,"Scheele Laboratories Phil., Inc.",0
Philippines-Ilocos City,"Scheele Laboratories Phil., Inc.",0
Philippines-Ilocos City,"Scheele Laboratories Phil., Inc.",0
Philippines-Ilocos City,"Scheele Laboratories Phil., Inc.",0
Philippines-Ilocos City,"Scheele Laboratories Phil., Inc.",0
Philippines-Ilocos City,"Scheele Laboratories Phil., Inc.",0
Philippines-Ilocos City,"Scheele Laboratories Phil., Inc.",0
Philippines-Ilocos City,"Scheele Laboratories Phil., Inc.",0
Philippines-Ilocos City,"Scheele Laboratories Phil., Inc.",0
Philippines-Iloilo City,"Scheele Laboratories Phil., Inc.",0
Philippines-Iloilo City,"Scheele Laboratories Phil., Inc.",0
Philippines-Iloilo City,"Scheele Laboratories Phil., Inc.",0
Philippines-Iloilo City,"Scheele Laboratories Phil., Inc.",0
Philippines-Iloilo City,"Scheele Laboratories Phil., Inc.",0
Philippines-Iloilo City,"Scheele Laboratories Phil., Inc.",0
Philippines-Malolos City,"Scheele Laboratories Phil., Inc.",0
Philippines-Malolos City,"Scheele Laboratories Phil., Inc.",0
Philippines-Zamboanga City,"Scheele Laboratories Phil., Inc.",0
Philippines-Zamboanga City,"Scheele Laboratories Phil., Inc.",0
Philippines-Cebu,"Scheele Laboratories Phils, Inc.",0
Philippines-Cebu,"Scheele Laboratories Phils, Inc.",0
Philippines-Cebu,"Scheele Laboratories Phils, Inc.",0
Philippines-Cebu,"Scheele Laboratories Phils, Inc.",0
Philippines-Cebu,"Scheele Laboratories Phils, Inc.",0
Philippines-Davao,"Scheele Laboratories Phils, Inc.",0
Philippines-Davao,"Scheele Laboratories Phils, Inc.",0
Philippines-Davao,"Scheele Laboratories Phils, Inc.",0
Philippines-Davao,"Scheele Laboratories Phils, Inc.",0
Philippines-Davao,"Scheele Laboratories Phils, Inc.",0
Philippines-Davao,"Scheele Laboratories Phils, Inc.",0
Philippines-Davao,"Scheele Laboratories Phils, Inc.",0
Philippines-Davao,"Scheele Laboratories Phils, Inc.",0
Philippines-Davao,"Scheele Laboratories Phils, Inc.",0
Philippines-Davao,"Scheele Laboratories Phils, Inc.",0
Philippines-Davao,"Scheele Laboratories Phils, Inc.",0
Philippines-Davao,"Scheele Laboratories Phils, Inc.",0
Philippines-Davao,"Scheele Laboratories Phils, Inc.",0
Philippines-Davao,"Scheele Laboratories Phils, Inc.",0
Philippines-Davao,"Scheele Laboratories Phils, Inc.",0
Philippines-Davao,"Scheele Laboratories Phils, Inc.",0
Philippines-Iloilo,"Scheele Laboratories Phils, Inc.",0
Philippines-Iloilo,"Scheele Laboratories Phils, Inc.",0
Philippines-Iloilo,"Scheele Laboratories Phils, Inc.",0
Philippines-Malolos,"Scheele Laboratories Phils, Inc.",0
Philippines-Malolos,"Scheele Laboratories Phils, Inc.",0
Philippines-Malolos,"Scheele Laboratories Phils, Inc.",0
Philippines-Malolos,"Scheele Laboratories Phils, Inc.",0
Philippines-Malolos,"Scheele Laboratories Phils, Inc.",0
Philippines-Bicol,"Scheele Laboratories Phis., Inc.",0
Philippines-Bicol,"Scheele Laboratories Phis., Inc.",0
Philippines-Bicol,"Scheele Laboratories Phis., Inc.",0
Philippines-Bicol,"Scheele Laboratories Phis., Inc.",0
Philippines-Davao,"Scheele Laboratories Phis., Inc.",0
Philippines-Davao,Sterop Brussels,0
Philippines-Davao,Sterop Brussels,0
Philippines-Davao,Sterop Brussels,0
Philippines-Cebu,TGP,0
Philippines-Bicol,The Generics Pharmacy,0
Philippines-Bicol,The Generics Pharmacy,0
Philippines-Bicol,The Generics Pharmacy,0
Philippines-Calabarzon,The Generics Pharmacy,0
Philippines-Davao,The Generics Pharmacy,0
Philippines-Davao,The Generics Pharmacy,0
Philippines-Davao,Tolmann,0
Philippines-Bicol,UAP,0
Philippines-Davao,"United Laboratories, Inc.",0
Philippines-Davao,"United Laboratories, Inc.",0
Philippines-Davao,"United Laboratories, Inc.",0
Philippines-Davao,"United Laboratories, Inc.",0
Philippines-Davao,"United Laboratories, Inc.",0
Philippines-Davao,"United Laboratories, Inc.",0
Philippines-Davao,"United Laboratories, Inc.",0
Philippines-Ilocos City,"United Laboratories, Inc.",0
Philippines-Zamboanga City,"United Laboratories, Inc.",0
Philippines-Zamboanga City,"United Laboratories, Inc.",0
Philippines-Zamboanga City,"United Laboratories, Inc.",0
Philippines-Zamboanga City,"United Laboratories, Inc.",0
Philippines-Zamboanga City,"United Laboratories, Inc.",0
Philippines-Zamboanga City,"United Laboratories, Inc.",0
Philippines-Davao,Waterland,0
Philippines-Calabarzon,"Westfield Pharmaceuticals, Inc.",0
Philippines-Davao,"Westfield Pharmaceuticals, Inc.",0
Philippines-Davao,"Westfield Pharmaceuticals, Inc.",0
Philippines-Davao,"Westfield Pharmaceuticals, Inc.",0
Philippines-Bicol,Wyeth Pakistan Ltd,0
Philippines-Bicol,Wyeth Pakistan Ltd,0
Philippines-Cebu,Wyeth Pakistan Ltd,0
Philippines-Cebu,Wyeth Pakistan Ltd,0
Philippines-Cebu,Wyeth Pakistan Ltd,0
Philippines-Cebu,Wyeth Pakistan Ltd,0
Philippines-Cebu,Wyeth Pakistan Ltd,0
Philippines-Cebu,Wyeth Pakistan Ltd,0
Philippines-Cebu,Wyeth Pakistan Ltd,0
Philippines-Cebu,Wyeth Pakistan Ltd,0
Philippines-Cebu,Wyeth Pakistan Ltd,0
Philippines-Cebu,Wyeth Pakistan Ltd,0
Philippines-Cebu,Wyeth Pakistan Ltd,0
Philippines-Cebu,Wyeth Pakistan Ltd,0
Philippines-Cebu,Wyeth Pakistan Ltd,0
Philippines-Cebu,Wyeth Pakistan Ltd,0
Philippines-Cebu,Wyeth Pakistan Ltd,0
Philippines-Cebu,Wyeth Pakistan Ltd,0
Philippines-Cebu,Wyeth Pakistan Ltd,0
Philippines-Davao,Wyeth Pakistan Ltd,0
Philippines-Davao,Wyeth Pakistan Ltd,0
Philippines-Davao,Wyeth Pakistan Ltd,0
Philippines-Davao,Wyeth Pakistan Ltd,0
Philippines-Davao,Wyeth Pakistan Ltd,0
Philippines-Davao,Wyeth Pakistan Ltd,0
Philippines-Davao,Wyeth Pakistan Ltd,0
Philippines-Davao,Wyeth Pakistan Ltd,0
Philippines-Davao,Wyeth Pakistan Ltd,0
Philippines-Davao,Wyeth Pakistan Ltd,0
Philippines-Davao,Wyeth Pakistan Ltd,0
Philippines-Davao,Wyeth Pakistan Ltd,0
Philippines-Davao,Wyeth Pakistan Ltd,0
Philippines-Davao,Wyeth Pakistan Ltd,0
Philippines-Davao,Wyeth Pakistan Ltd,0
Philippines-Davao,Wyeth Pakistan Ltd,0
Philippines-Davao,Wyeth Pakistan Ltd,0
Philippines-Davao,Wyeth Pakistan Ltd,0
Philippines-Davao,Wyeth Pakistan Ltd,0
Philippines-Davao,Wyeth Pakistan Ltd,0
Philippines-Davao,Wyeth Pakistan Ltd,0
Philippines-Davao,Wyeth Pakistan Ltd,0
Philippines-Iloilo,Wyeth Pakistan Ltd,0
Philippines-Malolos,Wyeth Pakistan Ltd,0
Philippines-Malolos,Wyeth Pakistan Ltd,0
Philippines-region 1 ,Wyeth Pakistan Ltd,0
Philippines-region 1 ,Wyeth Pakistan Ltd,0
Philippines-region 1 ,Wyeth Pakistan Ltd,0
Philippines-region 1 ,Wyeth Pakistan Ltd,0
Philippines-region 1 ,Wyeth Pakistan Ltd,0
Philippines-Region 3,Wyeth Pakistan Ltd,0
Philippines-Region 3,Wyeth Pakistan Ltd,0
Philippines-Region 3,Wyeth Pakistan Ltd,0
Philippines-Region 3,Wyeth Pakistan Ltd,0
Philippines-Region 4A,Wyeth Pakistan Ltd,0
Philippines-Region 6,Wyeth Pakistan Ltd,0
Philippines-Region 6,Wyeth Pakistan Ltd,0
Philippines-Region 6,Wyeth Pakistan Ltd,0
Philippines-Region 6,Wyeth Pakistan Ltd,0
Philippines-Region 6,Wyeth Pakistan Ltd,0
Philippines-region9,Wyeth Pakistan Ltd,0
Philippines-Zamboanga,Wyeth Pakistan Ltd,0
Philippines-Bicol,Wyeth Pakistan Ltd,0
Philippines-Iloilo,Wyeth Pakistan Ltd,0
Philippines-Iloilo,Wyeth Pakistan Ltd,0
Philippines-Iloilo,Wyeth Pakistan Ltd,0
Philippines-Zamboanga,Wyeth Pakistan Ltd,0
Philippines-Calabarzon,Wyeth Pakistan Ltd.,0
Philippines-Calabarzon,Wyeth Pakistan Ltd.,0
Philippines-Calabarzon,Wyeth Pakistan Ltd.,0
Philippines-Cebu,Wyeth Pakistan Ltd.,0
Philippines-Cebu,Wyeth Pakistan Ltd.,0
Philippines-Cebu,Wyeth Pakistan Ltd.,0
Philippines-Cebu,Wyeth Pakistan Ltd.,0
Philippines-Cebu City,Wyeth Pakistan Ltd.,0
Philippines-Cebu City,Wyeth Pakistan Ltd.,0
Philippines-Cebu City,Wyeth Pakistan Ltd.,0
Philippines-Cebu City,Wyeth Pakistan Ltd.,0
Philippines-Cebu City,Wyeth Pakistan Ltd.,0
Philippines-Cebu City,Wyeth Pakistan Ltd.,0
Philippines-Cebu City,Wyeth Pakistan Ltd.,0
Philippines-Cebu City,Wyeth Pakistan Ltd.,0
Philippines-Davao,Wyeth Pakistan Ltd.,0
Philippines-Davao,Wyeth Pakistan Ltd.,0
Philippines-Davao,Wyeth Pakistan Ltd.,0
Philippines-Davao,Wyeth Pakistan Ltd.,0
Philippines-Davao,Wyeth Pakistan Ltd.,0
Philippines-Davao,Wyeth Pakistan Ltd.,0
Philippines-Davao,Wyeth Pakistan Ltd.,0
Philippines-Iloilo,Wyeth Pakistan Ltd.,0
Philippines-Iloilo,Wyeth Pakistan Ltd.,0
Philippines-Iloilo,Wyeth Pakistan Ltd.,0
Philippines-Iloilo,Wyeth Pakistan Ltd.,0
Philippines-Iloilo,Wyeth Pakistan Ltd.,0
Philippines-Iloilo,Wyeth Pakistan Ltd.,0
Philippines-Iloilo,Wyeth Pakistan Ltd.,0
Philippines-Iloilo City,Wyeth Pakistan Ltd.,0
Philippines-Iloilo City,Wyeth Pakistan Ltd.,0
Philippines-Iloilo City,Wyeth Pakistan Ltd.,0
Philippines-Iloilo City,Wyeth Pakistan Ltd.,0
Philippines-La Union,Wyeth Pakistan Ltd.,0
Philippines-La Union,Wyeth Pakistan Ltd.,0
Philippines-La Union,Wyeth Pakistan Ltd.,0
Philippines-La Union,Wyeth Pakistan Ltd.,0
Philippines-La Union,Wyeth Pakistan Ltd.,0
Philippines-La Union,Wyeth Pakistan Ltd.,0
Philippines-Malolos City,Wyeth Pakistan Ltd.,0
Philippines-Malolos City,Wyeth Pakistan Ltd.,0
Philippines-Malolos City,Wyeth Pakistan Ltd.,0
Philippines-Pampanga,Wyeth Pakistan Ltd.,0
Philippines-Zamboanga,Wyeth Pakistan Ltd.,0
Philippines-Zamboanga,Wyeth Pakistan Ltd.,0
Philippines-Zamboanga,Wyeth Pakistan Ltd.,0
Philippines-Zamboanga City,Wyeth Pakistan Ltd.,0
Philippines-Zamboanga City,Wyeth Pakistan Ltd.,0
Philippines-Zamboanga City,Wyeth Pakistan Ltd.,0
Philippines-Zamboanga City,Wyeth Pakistan Ltd.,0
Philippines-Malolos City,Zvizera Lab,0
