Lao PDR-Savannakhet,ANB Laboratories,1
Lao PDR-Champasak,CBF,1
Lao PDR-Saravan,CBF,1
Lao PDR-Savannakhet,CBF,1
Lao PDR-Champasak,China,1
Lao PDR-Khammouan,China,1
Lao PDR-Savannakhet,China,1
Lao PDR-Attapeu,Codupha-Lao,1
Lao PDR-Attapeu,Codupha-Lao,1
Lao PDR-Oudomxay,Codupha-Lao,1
Lao PDR-Savannakhet,CREMY,1
Lao PDR-Louang Namtha,Factory 104,1
Lao PDR-Houaphan,Factory No: 2,1
Lao PDR-Saiyabouly,Factory No: 3,1
Lao PDR-Savannakhet,Factory No: 3,1
Lao PDR-Saiyabouly,KPN,1
Lao PDR-Savannakhet,Kunming Pharmaceutical Corporation,1
Lao PDR-Saiyabouly,Liwinner Pharmaceutical,1
Lao PDR-Louang Prabang,Medipharco,1
Lao PDR-Saiyabouly,Mekophar Chemical Pharmaceutical Joint-Stock Co.,1
Lao PDR-Saiyabouly,"Remy Pharm Co., Ltd",1
Lao PDR-Savannakhet,"Remy Pharm Co., Ltd",1
Lao PDR-Saiyabouly,Shijiazhuang Pharmaceutical Group Ltd,1
Lao PDR-Attapeu,Unknown,1
Lao PDR-Champasak,Unknown,1
Lao PDR-Champasak,Unknown,1
Lao PDR-Louang Namtha,Unknown,1
Lao PDR-Saravan,Unknown,1
Lao PDR-Savannakhet,Unknown,1
Lao PDR-Savannakhet,Unknown,1
Lao PDR-Savannakhet,Unknown,1
Lao PDR-Savannakhet,Unknown,1
Lao PDR-Vientiane,Zhangfeng,1
Lao PDR-Xiengkhouang,Zhangfeng,1
Lao PDR-Louang Namtha,A.N.H. Products LTD,0
Lao PDR-Oudomxay,A.N.H. Products LTD,0
Lao PDR-Oudomxay,A.N.H. Products LTD,0
Lao PDR-Xiengkhouang,A.N.H. Products LTD,0
Lao PDR-Attapeu,ANB Laboratories,0
Lao PDR-Champasak,ANB Laboratories,0
Lao PDR-Champasak,ANB Laboratories,0
Lao PDR-Champasak,ANB Laboratories,0
Lao PDR-Champasak,ANB Laboratories,0
Lao PDR-Khammouan,ANB Laboratories,0
Lao PDR-Louang Namtha,ANB Laboratories,0
Lao PDR-Louang Namtha,ANB Laboratories,0
Lao PDR-Saiyabouly,ANB Laboratories,0
Lao PDR-Savannakhet,ANB Laboratories,0
Lao PDR-Savannakhet,ANB Laboratories,0
Lao PDR-Savannakhet,ANB Laboratories,0
Lao PDR-Savannakhet,ANB Laboratories,0
Lao PDR-Savannakhet,ANB Laboratories,0
Lao PDR-Savannakhet,ANB Laboratories,0
Lao PDR-Savannakhet,ANB Laboratories,0
Lao PDR-Savannakhet,ANB Laboratories,0
Lao PDR-Xiengkhouang,ANB Laboratories,0
Lao PDR-Xiengkhouang,APHARMA,0
Lao PDR-Louang Prabang,"Asian Union Laboratories Co., Ltd",0
Lao PDR-Champasak,"Asian Union Laboratories Co., Ltd",0
Lao PDR-Champasak,"Asian Union Laboratories Co., Ltd",0
Lao PDR-Louang Namtha,"Asian Union Laboratories Co., Ltd",0
Lao PDR-Oudomxay,"Asian Union Laboratories Co., Ltd",0
Lao PDR-Saiyabouly,"Asian Union Laboratories Co., Ltd",0
Lao PDR-Saiyabouly,"Asian Union Laboratories Co., Ltd",0
Lao PDR-Saiyabouly,"Asian Union Laboratories Co., Ltd",0
Lao PDR-Saiyabouly,"Asian Union Laboratories Co., Ltd",0
Lao PDR-Saiyabouly,"Asian Union Laboratories Co., Ltd",0
Lao PDR-Saiyabouly,"Asian Union Laboratories Co., Ltd",0
Lao PDR-Saiyabouly,"Asian Union Laboratories Co., Ltd",0
Lao PDR-Saiyabouly,"Asian Union Laboratories Co., Ltd",0
Lao PDR-Saiyabouly,"Asian Union Laboratories Co., Ltd",0
Lao PDR-Saiyabouly,"Asian Union Laboratories Co., Ltd",0
Lao PDR-Saiyabouly,"Asian Union Laboratories Co., Ltd",0
Lao PDR-Saravan,"Asian Union Laboratories Co., Ltd",0
Lao PDR-Savannakhet,"Asian Union Laboratories Co., Ltd",0
Lao PDR-Savannakhet,"Asian Union Laboratories Co., Ltd",0
Lao PDR-Savannakhet,"Asian Union Laboratories Co., Ltd",0
Lao PDR-Savannakhet,"Asian Union Laboratories Co., Ltd",0
Lao PDR-Savannakhet,"Asian Union Laboratories Co., Ltd",0
Lao PDR-Savannakhet,"Asian Union Laboratories Co., Ltd",0
Lao PDR-Savannakhet,"Asian Union Laboratories Co., Ltd",0
Lao PDR-Xiengkhouang,"Asian Union Laboratories Co., Ltd",0
Lao PDR-Oudomxay,"Atlantic Laboratories Co., Ltd",0
Lao PDR-Houaphan,"Atlantic Laboratories Co., Ltd",0
Lao PDR-Louang Prabang,"Atlantic Laboratories Co., Ltd",0
Lao PDR-Louang Prabang,"Atlantic Laboratories Co., Ltd",0
Lao PDR-Saiyabouly,"Atlantic Laboratories Co., Ltd",0
Lao PDR-Saiyabouly,"Atlantic Laboratories Co., Ltd",0
Lao PDR-Saiyabouly,"Atlantic Laboratories Co., Ltd",0
Lao PDR-Saiyabouly,"Atlantic Laboratories Co., Ltd",0
Lao PDR-Sekong,Aventis,0
Lao PDR-Saravan,B Pha  Pha Co.,0
Lao PDR-Saiyabouly,B.L. HUA,0
Lao PDR-Champasak,Bangkok Drug Co.,0
Lao PDR-Attapeu,Bangkok Drug Co.,0
Lao PDR-Attapeu,Bangkok Drug Co.,0
Lao PDR-Attapeu,Bangkok Drug Co.,0
Lao PDR-Attapeu,Bangkok Drug Co.,0
Lao PDR-Champasak,Bangkok Drug Co.,0
Lao PDR-Oudomxay,Bangkok Drug Co.,0
Lao PDR-Saiyabouly,Bangkok Drug Co.,0
Lao PDR-Saravan,Bangkok Drug Co.,0
Lao PDR-Sekong,Bangkok Drug Co.,0
Lao PDR-Xiengkhouang,Bangkok Drug Co.,0
Lao PDR-Xiengkhouang,Bangkok Drug Co.,0
Lao PDR-Khammouan,Bankok,0
Lao PDR-Houaphan,Bankok Lab & Cosmetic Co. LTD,0
Lao PDR-Attapeu,Bankok Lab & Cosmetic Co. LTD,0
Lao PDR-Attapeu,Bankok Lab & Cosmetic Co. LTD,0
Lao PDR-Attapeu,Bankok Lab & Cosmetic Co. LTD,0
Lao PDR-Louang Namtha,Bankok Lab & Cosmetic Co. LTD,0
Lao PDR-Louang Prabang,Bankok Lab & Cosmetic Co. LTD,0
Lao PDR-Louang Namtha,Brawn Laboratories Limited,0
Lao PDR-Oudomxay,Brawn Laboratories Limited,0
Lao PDR-Oudomxay,Brawn Laboratories Limited,0
Lao PDR-Xiengkhouang,Brawn Laboratories Limited,0
Lao PDR-Xiengkhouang,Brawn Laboratories Limited,0
Lao PDR-Attapeu,CBF,0
Lao PDR-Attapeu,CBF,0
Lao PDR-Attapeu,CBF,0
Lao PDR-Attapeu,CBF,0
Lao PDR-Attapeu,CBF,0
Lao PDR-Attapeu,CBF,0
Lao PDR-Attapeu,CBF,0
Lao PDR-Attapeu,CBF,0
Lao PDR-Attapeu,CBF,0
Lao PDR-Attapeu,CBF,0
Lao PDR-Attapeu,CBF,0
Lao PDR-Attapeu,CBF,0
Lao PDR-Attapeu,CBF,0
Lao PDR-Attapeu,CBF,0
Lao PDR-Attapeu,CBF,0
Lao PDR-Attapeu,CBF,0
Lao PDR-Attapeu,CBF,0
Lao PDR-Attapeu,CBF,0
Lao PDR-Attapeu,CBF,0
Lao PDR-Attapeu,CBF,0
Lao PDR-Attapeu,CBF,0
Lao PDR-Attapeu,CBF,0
Lao PDR-Attapeu,CBF,0
Lao PDR-Attapeu,CBF,0
Lao PDR-Attapeu,CBF,0
Lao PDR-Attapeu,CBF,0
Lao PDR-Attapeu,CBF,0
Lao PDR-Attapeu,CBF,0
Lao PDR-Attapeu,CBF,0
Lao PDR-Attapeu,CBF,0
Lao PDR-Attapeu,CBF,0
Lao PDR-Attapeu,CBF,0
Lao PDR-Attapeu,CBF,0
Lao PDR-Attapeu,CBF,0
Lao PDR-Attapeu,CBF,0
Lao PDR-Attapeu,CBF,0
Lao PDR-Attapeu,CBF,0
Lao PDR-Attapeu,CBF,0
Lao PDR-Attapeu,CBF,0
Lao PDR-Attapeu,CBF,0
Lao PDR-Attapeu,CBF,0
Lao PDR-Attapeu,CBF,0
Lao PDR-Attapeu,CBF,0
Lao PDR-Attapeu,CBF,0
Lao PDR-Champasak,CBF,0
Lao PDR-Champasak,CBF,0
Lao PDR-Champasak,CBF,0
Lao PDR-Champasak,CBF,0
Lao PDR-Champasak,CBF,0
Lao PDR-Champasak,CBF,0
Lao PDR-Champasak,CBF,0
Lao PDR-Champasak,CBF,0
Lao PDR-Champasak,CBF,0
Lao PDR-Champasak,CBF,0
Lao PDR-Champasak,CBF,0
Lao PDR-Champasak,CBF,0
Lao PDR-Champasak,CBF,0
Lao PDR-Champasak,CBF,0
Lao PDR-Champasak,CBF,0
Lao PDR-Champasak,CBF,0
Lao PDR-Champasak,CBF,0
Lao PDR-Champasak,CBF,0
Lao PDR-Champasak,CBF,0
Lao PDR-Champasak,CBF,0
Lao PDR-Champasak,CBF,0
Lao PDR-Champasak,CBF,0
Lao PDR-Champasak,CBF,0
Lao PDR-Champasak,CBF,0
Lao PDR-Champasak,CBF,0
Lao PDR-Champasak,CBF,0
Lao PDR-Champasak,CBF,0
Lao PDR-Champasak,CBF,0
Lao PDR-Champasak,CBF,0
Lao PDR-Champasak,CBF,0
Lao PDR-Champasak,CBF,0
Lao PDR-Champasak,CBF,0
Lao PDR-Champasak,CBF,0
Lao PDR-Champasak,CBF,0
Lao PDR-Champasak,CBF,0
Lao PDR-Champasak,CBF,0
Lao PDR-Champasak,CBF,0
Lao PDR-Champasak,CBF,0
Lao PDR-Champasak,CBF,0
Lao PDR-Champasak,CBF,0
Lao PDR-Champasak,CBF,0
Lao PDR-Champasak,CBF,0
Lao PDR-Champasak,CBF,0
Lao PDR-Champasak,CBF,0
Lao PDR-Champasak,CBF,0
Lao PDR-Champasak,CBF,0
Lao PDR-Champasak,CBF,0
Lao PDR-Champasak,CBF,0
Lao PDR-Champasak,CBF,0
Lao PDR-Champasak,CBF,0
Lao PDR-Champasak,CBF,0
Lao PDR-Champasak,CBF,0
Lao PDR-Champasak,CBF,0
Lao PDR-Champasak,CBF,0
Lao PDR-Champasak,CBF,0
Lao PDR-Champasak,CBF,0
Lao PDR-Champasak,CBF,0
Lao PDR-Champasak,CBF,0
Lao PDR-Champasak,CBF,0
Lao PDR-Champasak,CBF,0
Lao PDR-Champasak,CBF,0
Lao PDR-Champasak,CBF,0
Lao PDR-Champasak,CBF,0
Lao PDR-Champasak,CBF,0
Lao PDR-Champasak,CBF,0
Lao PDR-Champasak,CBF,0
Lao PDR-Champasak,CBF,0
Lao PDR-Champasak,CBF,0
Lao PDR-Champasak,CBF,0
Lao PDR-Champasak,CBF,0
Lao PDR-Champasak,CBF,0
Lao PDR-Houaphan,CBF,0
Lao PDR-Houaphan,CBF,0
Lao PDR-Houaphan,CBF,0
Lao PDR-Khammouan,CBF,0
Lao PDR-Khammouan,CBF,0
Lao PDR-Khammouan,CBF,0
Lao PDR-Khammouan,CBF,0
Lao PDR-Khammouan,CBF,0
Lao PDR-Khammouan,CBF,0
Lao PDR-Khammouan,CBF,0
Lao PDR-Khammouan,CBF,0
Lao PDR-Khammouan,CBF,0
Lao PDR-Khammouan,CBF,0
Lao PDR-Louang Namtha,CBF,0
Lao PDR-Louang Namtha,CBF,0
Lao PDR-Louang Namtha,CBF,0
Lao PDR-Louang Namtha,CBF,0
Lao PDR-Louang Namtha,CBF,0
Lao PDR-Louang Namtha,CBF,0
Lao PDR-Louang Prabang,CBF,0
Lao PDR-Louang Prabang,CBF,0
Lao PDR-Louang Prabang,CBF,0
Lao PDR-Louang Prabang,CBF,0
Lao PDR-Louang Prabang,CBF,0
Lao PDR-Louang Prabang,CBF,0
Lao PDR-Louang Prabang,CBF,0
Lao PDR-Louang Prabang,CBF,0
Lao PDR-Oudomxay,CBF,0
Lao PDR-Oudomxay,CBF,0
Lao PDR-Saiyabouly,CBF,0
Lao PDR-Saiyabouly,CBF,0
Lao PDR-Saiyabouly,CBF,0
Lao PDR-Saiyabouly,CBF,0
Lao PDR-Saiyabouly,CBF,0
Lao PDR-Saiyabouly,CBF,0
Lao PDR-Saiyabouly,CBF,0
Lao PDR-Saiyabouly,CBF,0
Lao PDR-Saiyabouly,CBF,0
Lao PDR-Saiyabouly,CBF,0
Lao PDR-Saiyabouly,CBF,0
Lao PDR-Saiyabouly,CBF,0
Lao PDR-Saiyabouly,CBF,0
Lao PDR-Saiyabouly,CBF,0
Lao PDR-Saiyabouly,CBF,0
Lao PDR-Saiyabouly,CBF,0
Lao PDR-Saiyabouly,CBF,0
Lao PDR-Saravan,CBF,0
Lao PDR-Saravan,CBF,0
Lao PDR-Saravan,CBF,0
Lao PDR-Saravan,CBF,0
Lao PDR-Saravan,CBF,0
Lao PDR-Saravan,CBF,0
Lao PDR-Saravan,CBF,0
Lao PDR-Saravan,CBF,0
Lao PDR-Saravan,CBF,0
Lao PDR-Saravan,CBF,0
Lao PDR-Saravan,CBF,0
Lao PDR-Saravan,CBF,0
Lao PDR-Saravan,CBF,0
Lao PDR-Saravan,CBF,0
Lao PDR-Saravan,CBF,0
Lao PDR-Saravan,CBF,0
Lao PDR-Saravan,CBF,0
Lao PDR-Saravan,CBF,0
Lao PDR-Saravan,CBF,0
Lao PDR-Saravan,CBF,0
Lao PDR-Saravan,CBF,0
Lao PDR-Saravan,CBF,0
Lao PDR-Saravan,CBF,0
Lao PDR-Saravan,CBF,0
Lao PDR-Saravan,CBF,0
Lao PDR-Saravan,CBF,0
Lao PDR-Saravan,CBF,0
Lao PDR-Saravan,CBF,0
Lao PDR-Saravan,CBF,0
Lao PDR-Savannakhet,CBF,0
Lao PDR-Savannakhet,CBF,0
Lao PDR-Savannakhet,CBF,0
Lao PDR-Savannakhet,CBF,0
Lao PDR-Savannakhet,CBF,0
Lao PDR-Savannakhet,CBF,0
Lao PDR-Savannakhet,CBF,0
Lao PDR-Savannakhet,CBF,0
Lao PDR-Savannakhet,CBF,0
Lao PDR-Savannakhet,CBF,0
Lao PDR-Savannakhet,CBF,0
Lao PDR-Savannakhet,CBF,0
Lao PDR-Savannakhet,CBF,0
Lao PDR-Savannakhet,CBF,0
Lao PDR-Savannakhet,CBF,0
Lao PDR-Savannakhet,CBF,0
Lao PDR-Savannakhet,CBF,0
Lao PDR-Savannakhet,CBF,0
Lao PDR-Savannakhet,CBF,0
Lao PDR-Savannakhet,CBF,0
Lao PDR-Savannakhet,CBF,0
Lao PDR-Savannakhet,CBF,0
Lao PDR-Savannakhet,CBF,0
Lao PDR-Savannakhet,CBF,0
Lao PDR-Savannakhet,CBF,0
Lao PDR-Savannakhet,CBF,0
Lao PDR-Savannakhet,CBF,0
Lao PDR-Savannakhet,CBF,0
Lao PDR-Savannakhet,CBF,0
Lao PDR-Savannakhet,CBF,0
Lao PDR-Savannakhet,CBF,0
Lao PDR-Savannakhet,CBF,0
Lao PDR-Savannakhet,CBF,0
Lao PDR-Savannakhet,CBF,0
Lao PDR-Savannakhet,CBF,0
Lao PDR-Savannakhet,CBF,0
Lao PDR-Savannakhet,CBF,0
Lao PDR-Savannakhet,CBF,0
Lao PDR-Savannakhet,CBF,0
Lao PDR-Savannakhet,CBF,0
Lao PDR-Savannakhet,CBF,0
Lao PDR-Savannakhet,CBF,0
Lao PDR-Savannakhet,CBF,0
Lao PDR-Savannakhet,CBF,0
Lao PDR-Savannakhet,CBF,0
Lao PDR-Savannakhet,CBF,0
Lao PDR-Savannakhet,CBF,0
Lao PDR-Savannakhet,CBF,0
Lao PDR-Savannakhet,CBF,0
Lao PDR-Savannakhet,CBF,0
Lao PDR-Savannakhet,CBF,0
Lao PDR-Savannakhet,CBF,0
Lao PDR-Savannakhet,CBF,0
Lao PDR-Savannakhet,CBF,0
Lao PDR-Savannakhet,CBF,0
Lao PDR-Savannakhet,CBF,0
Lao PDR-Savannakhet,CBF,0
Lao PDR-Savannakhet,CBF,0
Lao PDR-Savannakhet,CBF,0
Lao PDR-Savannakhet,CBF,0
Lao PDR-Savannakhet,CBF,0
Lao PDR-Savannakhet,CBF,0
Lao PDR-Sekong,CBF,0
Lao PDR-Sekong,CBF,0
Lao PDR-Sekong,CBF,0
Lao PDR-Sekong,CBF,0
Lao PDR-Sekong,CBF,0
Lao PDR-Sekong,CBF,0
Lao PDR-Sekong,CBF,0
Lao PDR-Sekong,CBF,0
Lao PDR-Sekong,CBF,0
Lao PDR-Sekong,CBF,0
Lao PDR-Sekong,CBF,0
Lao PDR-Sekong,CBF,0
Lao PDR-Sekong,CBF,0
Lao PDR-Sekong,CBF,0
Lao PDR-Sekong,CBF,0
Lao PDR-Sekong,CBF,0
Lao PDR-Sekong,CBF,0
Lao PDR-Sekong,CBF,0
Lao PDR-Sekong,CBF,0
Lao PDR-Sekong,CBF,0
Lao PDR-Sekong,CBF,0
Lao PDR-Sekong,CBF,0
Lao PDR-Sekong,CBF,0
Lao PDR-Sekong,CBF,0
Lao PDR-Sekong,CBF,0
Lao PDR-Sekong,CBF,0
Lao PDR-Sekong,CBF,0
Lao PDR-Sekong,CBF,0
Lao PDR-Sekong,CBF,0
Lao PDR-Sekong,CBF,0
Lao PDR-Sekong,CBF,0
Lao PDR-Sekong,CBF,0
Lao PDR-Vientiane,CBF,0
Lao PDR-Xiengkhouang,CBF,0
Lao PDR-Xiengkhouang,CBF,0
Lao PDR-Xiengkhouang,CBF,0
Lao PDR-Xiengkhouang,CBF,0
Lao PDR-Xiengkhouang,CBF,0
Lao PDR-Xiengkhouang,CBF,0
Lao PDR-Xiengkhouang,CBF,0
Lao PDR-Xiengkhouang,CBF,0
Lao PDR-Xiengkhouang,CBF,0
Lao PDR-Xiengkhouang,CBF,0
Lao PDR-Attapeu,Centerphar Co.,0
Lao PDR-Houaphan,Centerphar Co.,0
Lao PDR-Oudomxay,Centerphar Co.,0
Lao PDR-Khammouan,Central,0
Lao PDR-Khammouan,Central Pharmaceutical Factory No. 1,0
Lao PDR-Saiyabouly,Central Pharmaceutical Technical Development Company,0
Lao PDR-Saravan,Chaina,0
Lao PDR-Saravan,Chaina,0
Lao PDR-Khammouan,China,0
Lao PDR-Khammouan,China,0
Lao PDR-Saravan,China,0
Lao PDR-Savannakhet,China,0
Lao PDR-Savannakhet,China,0
Lao PDR-Attapeu,Codupha-Lao,0
Lao PDR-Attapeu,Codupha-Lao,0
Lao PDR-Attapeu,Codupha-Lao,0
Lao PDR-Attapeu,Codupha-Lao,0
Lao PDR-Attapeu,Codupha-Lao,0
Lao PDR-Attapeu,Codupha-Lao,0
Lao PDR-Attapeu,Codupha-Lao,0
Lao PDR-Attapeu,Codupha-Lao,0
Lao PDR-Attapeu,Codupha-Lao,0
Lao PDR-Attapeu,Codupha-Lao,0
Lao PDR-Champasak,Codupha-Lao,0
Lao PDR-Champasak,Codupha-Lao,0
Lao PDR-Champasak,Codupha-Lao,0
Lao PDR-Champasak,Codupha-Lao,0
Lao PDR-Champasak,Codupha-Lao,0
Lao PDR-Champasak,Codupha-Lao,0
Lao PDR-Champasak,Codupha-Lao,0
Lao PDR-Champasak,Codupha-Lao,0
Lao PDR-Houaphan,Codupha-Lao,0
Lao PDR-Houaphan,Codupha-Lao,0
Lao PDR-Houaphan,Codupha-Lao,0
Lao PDR-Houaphan,Codupha-Lao,0
Lao PDR-Khammouan,Codupha-Lao,0
Lao PDR-Khammouan,Codupha-Lao,0
Lao PDR-Khammouan,Codupha-Lao,0
Lao PDR-Khammouan,Codupha-Lao,0
Lao PDR-Khammouan,Codupha-Lao,0
Lao PDR-Khammouan,Codupha-Lao,0
Lao PDR-Khammouan,Codupha-Lao,0
Lao PDR-Louang Namtha,Codupha-Lao,0
Lao PDR-Louang Namtha,Codupha-Lao,0
Lao PDR-Louang Namtha,Codupha-Lao,0
Lao PDR-Louang Namtha,Codupha-Lao,0
Lao PDR-Louang Namtha,Codupha-Lao,0
Lao PDR-Louang Namtha,Codupha-Lao,0
Lao PDR-Louang Namtha,Codupha-Lao,0
Lao PDR-Louang Prabang,Codupha-Lao,0
Lao PDR-Louang Prabang,Codupha-Lao,0
Lao PDR-Louang Prabang,Codupha-Lao,0
Lao PDR-Louang Prabang,Codupha-Lao,0
Lao PDR-Louang Prabang,Codupha-Lao,0
Lao PDR-Louang Prabang,Codupha-Lao,0
Lao PDR-Louang Prabang,Codupha-Lao,0
Lao PDR-Louang Prabang,Codupha-Lao,0
Lao PDR-Oudomxay,Codupha-Lao,0
Lao PDR-Oudomxay,Codupha-Lao,0
Lao PDR-Oudomxay,Codupha-Lao,0
Lao PDR-Oudomxay,Codupha-Lao,0
Lao PDR-Oudomxay,Codupha-Lao,0
Lao PDR-Oudomxay,Codupha-Lao,0
Lao PDR-Saravan,Codupha-Lao,0
Lao PDR-Saravan,Codupha-Lao,0
Lao PDR-Saravan,Codupha-Lao,0
Lao PDR-Savannakhet,Codupha-Lao,0
Lao PDR-Savannakhet,Codupha-Lao,0
Lao PDR-Savannakhet,Codupha-Lao,0
Lao PDR-Savannakhet,Codupha-Lao,0
Lao PDR-Savannakhet,Codupha-Lao,0
Lao PDR-Savannakhet,Codupha-Lao,0
Lao PDR-Savannakhet,Codupha-Lao,0
Lao PDR-Savannakhet,Codupha-Lao,0
Lao PDR-Savannakhet,Codupha-Lao,0
Lao PDR-Savannakhet,Codupha-Lao,0
Lao PDR-Savannakhet,Codupha-Lao,0
Lao PDR-Sayabuly,Codupha-Lao,0
Lao PDR-Sayabuly,Codupha-Lao,0
Lao PDR-Sayabuly,Codupha-Lao,0
Lao PDR-Sayabuly,Codupha-Lao,0
Lao PDR-Sayabuly,Codupha-Lao,0
Lao PDR-Sayabuly,Codupha-Lao,0
Lao PDR-Sayabuly,Codupha-Lao,0
Lao PDR-Sayabuly,Codupha-Lao,0
Lao PDR-Sayabuly,Codupha-Lao,0
Lao PDR-Sekong,Codupha-Lao,0
Lao PDR-Sekong,Codupha-Lao,0
Lao PDR-Sekong,Codupha-Lao,0
Lao PDR-Vientiane,Codupha-Lao,0
Lao PDR-Vientiane,Codupha-Lao,0
Lao PDR-Vientiane,Codupha-Lao,0
Lao PDR-Vientiane,Codupha-Lao,0
Lao PDR-Vientiane,Codupha-Lao,0
Lao PDR-Vientiane,Codupha-Lao,0
Lao PDR-Vientiane,Codupha-Lao,0
Lao PDR-Vientiane,Codupha-Lao,0
Lao PDR-Vientiane,Codupha-Lao,0
Lao PDR-Vientiane,Codupha-Lao,0
Lao PDR-Xiengkhouang,Codupha-Lao,0
Lao PDR-Xiengkhouang,Codupha-Lao,0
Lao PDR-Xiengkhouang,Codupha-Lao,0
Lao PDR-Xiengkhouang,Codupha-Lao,0
Lao PDR-Xiengkhouang,Codupha-Lao,0
Lao PDR-Xiengkhouang,Codupha-Lao,0
Lao PDR-Attapeu,Codupha-Lao,0
Lao PDR-Attapeu,Codupha-Lao,0
Lao PDR-Attapeu,Codupha-Lao,0
Lao PDR-Attapeu,Codupha-Lao,0
Lao PDR-Attapeu,Codupha-Lao,0
Lao PDR-Attapeu,Codupha-Lao,0
Lao PDR-Attapeu,Codupha-Lao,0
Lao PDR-Attapeu,Codupha-Lao,0
Lao PDR-Attapeu,Codupha-Lao,0
Lao PDR-Attapeu,Codupha-Lao,0
Lao PDR-Attapeu,Codupha-Lao,0
Lao PDR-Attapeu,Codupha-Lao,0
Lao PDR-Attapeu,Codupha-Lao,0
Lao PDR-Attapeu,Codupha-Lao,0
Lao PDR-Attapeu,Codupha-Lao,0
Lao PDR-Attapeu,Codupha-Lao,0
Lao PDR-Attapeu,Codupha-Lao,0
Lao PDR-Attapeu,Codupha-Lao,0
Lao PDR-Attapeu,Codupha-Lao,0
Lao PDR-Attapeu,Codupha-Lao,0
Lao PDR-Attapeu,Codupha-Lao,0
Lao PDR-Attapeu,Codupha-Lao,0
Lao PDR-Attapeu,Codupha-Lao,0
Lao PDR-Attapeu,Codupha-Lao,0
Lao PDR-Attapeu,Codupha-Lao,0
Lao PDR-Attapeu,Codupha-Lao,0
Lao PDR-Attapeu,Codupha-Lao,0
Lao PDR-Attapeu,Codupha-Lao,0
Lao PDR-Attapeu,Codupha-Lao,0
Lao PDR-Attapeu,Codupha-Lao,0
Lao PDR-Attapeu,Codupha-Lao,0
Lao PDR-Attapeu,Codupha-Lao,0
Lao PDR-Attapeu,Codupha-Lao,0
Lao PDR-Attapeu,Codupha-Lao,0
Lao PDR-Attapeu,Codupha-Lao,0
Lao PDR-Attapeu,Codupha-Lao,0
Lao PDR-Attapeu,Codupha-Lao,0
Lao PDR-Attapeu,Codupha-Lao,0
Lao PDR-Attapeu,Codupha-Lao,0
Lao PDR-Attapeu,Codupha-Lao,0
Lao PDR-Attapeu,Codupha-Lao,0
Lao PDR-Champasak,Codupha-Lao,0
Lao PDR-Champasak,Codupha-Lao,0
Lao PDR-Champasak,Codupha-Lao,0
Lao PDR-Champasak,Codupha-Lao,0
Lao PDR-Champasak,Codupha-Lao,0
Lao PDR-Champasak,Codupha-Lao,0
Lao PDR-Champasak,Codupha-Lao,0
Lao PDR-Champasak,Codupha-Lao,0
Lao PDR-Champasak,Codupha-Lao,0
Lao PDR-Champasak,Codupha-Lao,0
Lao PDR-Champasak,Codupha-Lao,0
Lao PDR-Champasak,Codupha-Lao,0
Lao PDR-Champasak,Codupha-Lao,0
Lao PDR-Champasak,Codupha-Lao,0
Lao PDR-Champasak,Codupha-Lao,0
Lao PDR-Champasak,Codupha-Lao,0
Lao PDR-Champasak,Codupha-Lao,0
Lao PDR-Champasak,Codupha-Lao,0
Lao PDR-Champasak,Codupha-Lao,0
Lao PDR-Champasak,Codupha-Lao,0
Lao PDR-Champasak,Codupha-Lao,0
Lao PDR-Champasak,Codupha-Lao,0
Lao PDR-Champasak,Codupha-Lao,0
Lao PDR-Champasak,Codupha-Lao,0
Lao PDR-Champasak,Codupha-Lao,0
Lao PDR-Houaphan,Codupha-Lao,0
Lao PDR-Houaphan,Codupha-Lao,0
Lao PDR-Houaphan,Codupha-Lao,0
Lao PDR-Houaphan,Codupha-Lao,0
Lao PDR-Houaphan,Codupha-Lao,0
Lao PDR-Houaphan,Codupha-Lao,0
Lao PDR-Houaphan,Codupha-Lao,0
Lao PDR-Houaphan,Codupha-Lao,0
Lao PDR-Houaphan,Codupha-Lao,0
Lao PDR-Houaphan,Codupha-Lao,0
Lao PDR-Houaphan,Codupha-Lao,0
Lao PDR-Houaphan,Codupha-Lao,0
Lao PDR-Houaphan,Codupha-Lao,0
Lao PDR-Houaphan,Codupha-Lao,0
Lao PDR-Khammouan,Codupha-Lao,0
Lao PDR-Khammouan,Codupha-Lao,0
Lao PDR-Khammouan,Codupha-Lao,0
Lao PDR-Khammouan,Codupha-Lao,0
Lao PDR-Khammouan,Codupha-Lao,0
Lao PDR-Khammouan,Codupha-Lao,0
Lao PDR-Khammouan,Codupha-Lao,0
Lao PDR-Khammouan,Codupha-Lao,0
Lao PDR-Khammouan,Codupha-Lao,0
Lao PDR-Khammouan,Codupha-Lao,0
Lao PDR-Khammouan,Codupha-Lao,0
Lao PDR-Khammouan,Codupha-Lao,0
Lao PDR-Khammouan,Codupha-Lao,0
Lao PDR-Khammouan,Codupha-Lao,0
Lao PDR-Khammouan,Codupha-Lao,0
Lao PDR-Khammouan,Codupha-Lao,0
Lao PDR-Khammouan,Codupha-Lao,0
Lao PDR-Khammouan,Codupha-Lao,0
Lao PDR-Louang Namtha,Codupha-Lao,0
Lao PDR-Louang Namtha,Codupha-Lao,0
Lao PDR-Louang Namtha,Codupha-Lao,0
Lao PDR-Louang Namtha,Codupha-Lao,0
Lao PDR-Louang Namtha,Codupha-Lao,0
Lao PDR-Louang Namtha,Codupha-Lao,0
Lao PDR-Louang Namtha,Codupha-Lao,0
Lao PDR-Louang Namtha,Codupha-Lao,0
Lao PDR-Louang Namtha,Codupha-Lao,0
Lao PDR-Louang Namtha,Codupha-Lao,0
Lao PDR-Louang Namtha,Codupha-Lao,0
Lao PDR-Louang Namtha,Codupha-Lao,0
Lao PDR-Louang Namtha,Codupha-Lao,0
Lao PDR-Louang Namtha,Codupha-Lao,0
Lao PDR-Louang Namtha,Codupha-Lao,0
Lao PDR-Louang Namtha,Codupha-Lao,0
Lao PDR-Louang Namtha,Codupha-Lao,0
Lao PDR-Louang Namtha,Codupha-Lao,0
Lao PDR-Louang Namtha,Codupha-Lao,0
Lao PDR-Louang Namtha,Codupha-Lao,0
Lao PDR-Louang Namtha,Codupha-Lao,0
Lao PDR-Louang Namtha,Codupha-Lao,0
Lao PDR-Louang Namtha,Codupha-Lao,0
Lao PDR-Louang Namtha,Codupha-Lao,0
Lao PDR-Louang Namtha,Codupha-Lao,0
Lao PDR-Louang Namtha,Codupha-Lao,0
Lao PDR-Louang Namtha,Codupha-Lao,0
Lao PDR-Louang Namtha,Codupha-Lao,0
Lao PDR-Louang Namtha,Codupha-Lao,0
Lao PDR-Louang Prabang,Codupha-Lao,0
Lao PDR-Louang Prabang,Codupha-Lao,0
Lao PDR-Louang Prabang,Codupha-Lao,0
Lao PDR-Louang Prabang,Codupha-Lao,0
Lao PDR-Louang Prabang,Codupha-Lao,0
Lao PDR-Louang Prabang,Codupha-Lao,0
Lao PDR-Louang Prabang,Codupha-Lao,0
Lao PDR-Louang Prabang,Codupha-Lao,0
Lao PDR-Louang Prabang,Codupha-Lao,0
Lao PDR-Louang Prabang,Codupha-Lao,0
Lao PDR-Louang Prabang,Codupha-Lao,0
Lao PDR-Louang Prabang,Codupha-Lao,0
Lao PDR-Louang Prabang,Codupha-Lao,0
Lao PDR-Louang Prabang,Codupha-Lao,0
Lao PDR-Louang Prabang,Codupha-Lao,0
Lao PDR-Louang Prabang,Codupha-Lao,0
Lao PDR-Louang Prabang,Codupha-Lao,0
Lao PDR-Louang Prabang,Codupha-Lao,0
Lao PDR-Louang Prabang,Codupha-Lao,0
Lao PDR-Louang Prabang,Codupha-Lao,0
Lao PDR-Louang Prabang,Codupha-Lao,0
Lao PDR-Louang Prabang,Codupha-Lao,0
Lao PDR-Oudomxay,Codupha-Lao,0
Lao PDR-Oudomxay,Codupha-Lao,0
Lao PDR-Oudomxay,Codupha-Lao,0
Lao PDR-Oudomxay,Codupha-Lao,0
Lao PDR-Oudomxay,Codupha-Lao,0
Lao PDR-Oudomxay,Codupha-Lao,0
Lao PDR-Oudomxay,Codupha-Lao,0
Lao PDR-Oudomxay,Codupha-Lao,0
Lao PDR-Oudomxay,Codupha-Lao,0
Lao PDR-Oudomxay,Codupha-Lao,0
Lao PDR-Oudomxay,Codupha-Lao,0
Lao PDR-Oudomxay,Codupha-Lao,0
Lao PDR-Oudomxay,Codupha-Lao,0
Lao PDR-Oudomxay,Codupha-Lao,0
Lao PDR-Oudomxay,Codupha-Lao,0
Lao PDR-Oudomxay,Codupha-Lao,0
Lao PDR-Oudomxay,Codupha-Lao,0
Lao PDR-Oudomxay,Codupha-Lao,0
Lao PDR-Oudomxay,Codupha-Lao,0
Lao PDR-Oudomxay,Codupha-Lao,0
Lao PDR-Oudomxay,Codupha-Lao,0
Lao PDR-Oudomxay,Codupha-Lao,0
Lao PDR-Oudomxay,Codupha-Lao,0
Lao PDR-Oudomxay,Codupha-Lao,0
Lao PDR-Oudomxay,Codupha-Lao,0
Lao PDR-Oudomxay,Codupha-Lao,0
Lao PDR-Oudomxay,Codupha-Lao,0
Lao PDR-Saiyabouly,Codupha-Lao,0
Lao PDR-Saiyabouly,Codupha-Lao,0
Lao PDR-Saiyabouly,Codupha-Lao,0
Lao PDR-Saiyabouly,Codupha-Lao,0
Lao PDR-Saiyabouly,Codupha-Lao,0
Lao PDR-Saiyabouly,Codupha-Lao,0
Lao PDR-Saiyabouly,Codupha-Lao,0
Lao PDR-Saiyabouly,Codupha-Lao,0
Lao PDR-Saiyabouly,Codupha-Lao,0
Lao PDR-Saiyabouly,Codupha-Lao,0
Lao PDR-Saiyabouly,Codupha-Lao,0
Lao PDR-Saiyabouly,Codupha-Lao,0
Lao PDR-Saiyabouly,Codupha-Lao,0
Lao PDR-Saiyabouly,Codupha-Lao,0
Lao PDR-Saiyabouly,Codupha-Lao,0
Lao PDR-Saiyabouly,Codupha-Lao,0
Lao PDR-Saiyabouly,Codupha-Lao,0
Lao PDR-Saiyabouly,Codupha-Lao,0
Lao PDR-Saiyabouly,Codupha-Lao,0
Lao PDR-Saiyabouly,Codupha-Lao,0
Lao PDR-Saiyabouly,Codupha-Lao,0
Lao PDR-Saiyabouly,Codupha-Lao,0
Lao PDR-Saiyabouly,Codupha-Lao,0
Lao PDR-Saiyabouly,Codupha-Lao,0
Lao PDR-Saiyabouly,Codupha-Lao,0
Lao PDR-Saiyabouly,Codupha-Lao,0
Lao PDR-Saiyabouly,Codupha-Lao,0
Lao PDR-Saiyabouly,Codupha-Lao,0
Lao PDR-Saiyabouly,Codupha-Lao,0
Lao PDR-Saravan,Codupha-Lao,0
Lao PDR-Saravan,Codupha-Lao,0
Lao PDR-Saravan,Codupha-Lao,0
Lao PDR-Saravan,Codupha-Lao,0
Lao PDR-Saravan,Codupha-Lao,0
Lao PDR-Saravan,Codupha-Lao,0
Lao PDR-Saravan,Codupha-Lao,0
Lao PDR-Saravan,Codupha-Lao,0
Lao PDR-Saravan,Codupha-Lao,0
Lao PDR-Saravan,Codupha-Lao,0
Lao PDR-Saravan,Codupha-Lao,0
Lao PDR-Saravan,Codupha-Lao,0
Lao PDR-Saravan,Codupha-Lao,0
Lao PDR-Saravan,Codupha-Lao,0
Lao PDR-Saravan,Codupha-Lao,0
Lao PDR-Saravan,Codupha-Lao,0
Lao PDR-Saravan,Codupha-Lao,0
Lao PDR-Saravan,Codupha-Lao,0
Lao PDR-Saravan,Codupha-Lao,0
Lao PDR-Saravan,Codupha-Lao,0
Lao PDR-Saravan,Codupha-Lao,0
Lao PDR-Saravan,Codupha-Lao,0
Lao PDR-Saravan,Codupha-Lao,0
Lao PDR-Saravan,Codupha-Lao,0
Lao PDR-Saravan,Codupha-Lao,0
Lao PDR-Savannakhet,Codupha-Lao,0
Lao PDR-Savannakhet,Codupha-Lao,0
Lao PDR-Savannakhet,Codupha-Lao,0
Lao PDR-Savannakhet,Codupha-Lao,0
Lao PDR-Savannakhet,Codupha-Lao,0
Lao PDR-Savannakhet,Codupha-Lao,0
Lao PDR-Savannakhet,Codupha-Lao,0
Lao PDR-Savannakhet,Codupha-Lao,0
Lao PDR-Savannakhet,Codupha-Lao,0
Lao PDR-Savannakhet,Codupha-Lao,0
Lao PDR-Savannakhet,Codupha-Lao,0
Lao PDR-Savannakhet,Codupha-Lao,0
Lao PDR-Savannakhet,Codupha-Lao,0
Lao PDR-Savannakhet,Codupha-Lao,0
Lao PDR-Savannakhet,Codupha-Lao,0
Lao PDR-Savannakhet,Codupha-Lao,0
Lao PDR-Savannakhet,Codupha-Lao,0
Lao PDR-Savannakhet,Codupha-Lao,0
Lao PDR-Savannakhet,Codupha-Lao,0
Lao PDR-Savannakhet,Codupha-Lao,0
Lao PDR-Savannakhet,Codupha-Lao,0
Lao PDR-Savannakhet,Codupha-Lao,0
Lao PDR-Savannakhet,Codupha-Lao,0
Lao PDR-Savannakhet,Codupha-Lao,0
Lao PDR-Savannakhet,Codupha-Lao,0
Lao PDR-Savannakhet,Codupha-Lao,0
Lao PDR-Savannakhet,Codupha-Lao,0
Lao PDR-Savannakhet,Codupha-Lao,0
Lao PDR-Savannakhet,Codupha-Lao,0
Lao PDR-Sekong,Codupha-Lao,0
Lao PDR-Sekong,Codupha-Lao,0
Lao PDR-Sekong,Codupha-Lao,0
Lao PDR-Sekong,Codupha-Lao,0
Lao PDR-Sekong,Codupha-Lao,0
Lao PDR-Sekong,Codupha-Lao,0
Lao PDR-Sekong,Codupha-Lao,0
Lao PDR-Sekong,Codupha-Lao,0
Lao PDR-Sekong,Codupha-Lao,0
Lao PDR-Sekong,Codupha-Lao,0
Lao PDR-Sekong,Codupha-Lao,0
Lao PDR-Sekong,Codupha-Lao,0
Lao PDR-Sekong,Codupha-Lao,0
Lao PDR-Sekong,Codupha-Lao,0
Lao PDR-Sekong,Codupha-Lao,0
Lao PDR-Sekong,Codupha-Lao,0
Lao PDR-Sekong,Codupha-Lao,0
Lao PDR-Sekong,Codupha-Lao,0
Lao PDR-Sekong,Codupha-Lao,0
Lao PDR-Sekong,Codupha-Lao,0
Lao PDR-Sekong,Codupha-Lao,0
Lao PDR-Sekong,Codupha-Lao,0
Lao PDR-Sekong,Codupha-Lao,0
Lao PDR-Sekong,Codupha-Lao,0
Lao PDR-Sekong,Codupha-Lao,0
Lao PDR-Sekong,Codupha-Lao,0
Lao PDR-Sekong,Codupha-Lao,0
Lao PDR-Sekong,Codupha-Lao,0
Lao PDR-Sekong,Codupha-Lao,0
Lao PDR-Sekong,Codupha-Lao,0
Lao PDR-Xiengkhouang,Codupha-Lao,0
Lao PDR-Xiengkhouang,Codupha-Lao,0
Lao PDR-Xiengkhouang,Codupha-Lao,0
Lao PDR-Xiengkhouang,Codupha-Lao,0
Lao PDR-Xiengkhouang,Codupha-Lao,0
Lao PDR-Xiengkhouang,Codupha-Lao,0
Lao PDR-Xiengkhouang,Codupha-Lao,0
Lao PDR-Xiengkhouang,Codupha-Lao,0
Lao PDR-Xiengkhouang,Codupha-Lao,0
Lao PDR-Xiengkhouang,Codupha-Lao,0
Lao PDR-Xiengkhouang,Codupha-Lao,0
Lao PDR-Xiengkhouang,Codupha-Lao,0
Lao PDR-Xiengkhouang,Codupha-Lao,0
Lao PDR-Xiengkhouang,Codupha-Lao,0
Lao PDR-Xiengkhouang,Codupha-Lao,0
Lao PDR-Xiengkhouang,Codupha-Lao,0
Lao PDR-Xiengkhouang,Codupha-Lao,0
Lao PDR-Xiengkhouang,Codupha-Lao,0
Lao PDR-Xiengkhouang,Codupha-Lao,0
Lao PDR-Xiengkhouang,Codupha-Lao,0
Lao PDR-Xiengkhouang,Codupha-Lao,0
Lao PDR-Xiengkhouang,Codupha-Lao,0
Lao PDR-Xiengkhouang,Codupha-Lao,0
Lao PDR-Xiengkhouang,Codupha-Lao,0
Lao PDR-Xiengkhouang,Codupha-Lao,0
Lao PDR-Xiengkhouang,Codupha-Lao,0
Lao PDR-Xiengkhouang,Codupha-Lao,0
Lao PDR-Xiengkhouang,Codupha-Lao,0
Lao PDR-Xiengkhouang,Codupha-Lao,0
Lao PDR-Xiengkhouang,Codupha-Lao,0
Lao PDR-Xiengkhouang,Codupha-Lao,0
Lao PDR-Xiengkhouang,Codupha-Lao,0
Lao PDR-Xiengkhouang,Codupha-Lao,0
Lao PDR-Xiengkhouang,Codupha-Lao,0
Lao PDR-Khammouan,Conety dophaduoc phamtrung,0
Lao PDR-Louang Namtha,Congtico Pharma,0
Lao PDR-Louang Namtha,Congty,0
Lao PDR-Champasak,Copharma,0
Lao PDR-Champasak,CREMY,0
Lao PDR-Champasak,Cuu Long Pharmaceutical JSC,0
Lao PDR-Houaphan,Cuu Long Pharmaceutical JSC,0
Lao PDR-Louang Namtha,Cuu Long Pharmaceutical JSC,0
Lao PDR-Oudomxay,Cuu Long Pharmaceutical JSC,0
Lao PDR-Oudomxay,Cuu Long Pharmaceutical JSC,0
Lao PDR-Xiengkhouang,Cuu Long Pharmaceutical JSC,0
Lao PDR-Champasak,Dethi pharma,0
Lao PDR-Saiyabouly,Dodiamenu Factory,0
Lao PDR-Champasak,Domesco,0
Lao PDR-Champasak,Domesco,0
Lao PDR-Houaphan,Domesco,0
Lao PDR-Khammouan,Domesco,0
Lao PDR-Khammouan,Domesco,0
Lao PDR-Saiyabouly,Domesco,0
Lao PDR-Xiengkhouang,Domesco,0
Lao PDR-Xiengkhouang,Domesco,0
Lao PDR-Xiengkhouang,Domesco,0
Lao PDR-Houaphan,Dopharma,0
Lao PDR-Louang Prabang,Dopharma,0
Lao PDR-Louang Prabang,Dopharma,0
Lao PDR-Louang Prabang,Dopharma,0
Lao PDR-Oudomxay,Dopharma,0
Lao PDR-Oudomxay,Dopharma,0
Lao PDR-Oudomxay,Dopharma,0
Lao PDR-Oudomxay,Dopharma,0
Lao PDR-Saiyabouly,Dopharma,0
Lao PDR-Xiengkhouang,Dopharma,0
Lao PDR-Khammouan,Factory No: 2,0
Lao PDR-Savannakhet,Factory No: 2,0
Lao PDR-Houaphan,Factory No. 3,0
Lao PDR-Khammouan,Factory No. 3,0
Lao PDR-Louang Namtha,Factory No. 3,0
Lao PDR-Louang Namtha,Factory No. 3,0
Lao PDR-Louang Namtha,Factory No. 3,0
Lao PDR-Louang Prabang,Factory No. 3,0
Lao PDR-Oudomxay,Factory No. 3,0
Lao PDR-Oudomxay,Factory No. 3,0
Lao PDR-Sayabuly,Factory No. 3,0
Lao PDR-Sayabuly,Factory No. 3,0
Lao PDR-Vientiane,Factory No. 3,0
Lao PDR-Vientiane,Factory No. 3,0
Lao PDR-Xiengkhouang,Factory No. 3,0
Lao PDR-Attapeu,Factory No: 2,0
Lao PDR-Champasak,Factory No: 2,0
Lao PDR-Champasak,Factory No: 2,0
Lao PDR-Champasak,Factory No: 2,0
Lao PDR-Houaphan,Factory No: 2,0
Lao PDR-Houaphan,Factory No: 2,0
Lao PDR-Houaphan,Factory No: 2,0
Lao PDR-Houaphan,Factory No: 2,0
Lao PDR-Houaphan,Factory No: 2,0
Lao PDR-Houaphan,Factory No: 2,0
Lao PDR-Houaphan,Factory No: 2,0
Lao PDR-Houaphan,Factory No: 2,0
Lao PDR-Houaphan,Factory No: 2,0
Lao PDR-Houaphan,Factory No: 2,0
Lao PDR-Houaphan,Factory No: 2,0
Lao PDR-Houaphan,Factory No: 2,0
Lao PDR-Louang Namtha,Factory No: 2,0
Lao PDR-Louang Prabang,Factory No: 2,0
Lao PDR-Louang Prabang,Factory No: 2,0
Lao PDR-Oudomxay,Factory No: 2,0
Lao PDR-Oudomxay,Factory No: 2,0
Lao PDR-Oudomxay,Factory No: 2,0
Lao PDR-Oudomxay,Factory No: 2,0
Lao PDR-Saiyabouly,Factory No: 2,0
Lao PDR-Saravan,Factory No: 2,0
Lao PDR-Savannakhet,Factory No: 2,0
Lao PDR-Savannakhet,Factory No: 2,0
Lao PDR-Savannakhet,Factory No: 2,0
Lao PDR-Savannakhet,Factory No: 2,0
Lao PDR-Xiengkhouang,Factory No: 2,0
Lao PDR-Xiengkhouang,Factory No: 2,0
Lao PDR-Xiengkhouang,Factory No: 2,0
Lao PDR-Xiengkhouang,Factory No: 2,0
Lao PDR-Xiengkhouang,Factory No: 2,0
Lao PDR-Xiengkhouang,Factory No: 2,0
Lao PDR-Xiengkhouang,Factory No: 2,0
Lao PDR-Xiengkhouang,Factory No: 2,0
Lao PDR-Xiengkhouang,Factory No: 2,0
Lao PDR-Xiengkhouang,Factory No: 2,0
Lao PDR-Xiengkhouang,Factory No: 2,0
Lao PDR-Attapeu,Factory No: 3,0
Lao PDR-Champasak,Factory No: 3,0
Lao PDR-Champasak,Factory No: 3,0
Lao PDR-Champasak,Factory No: 3,0
Lao PDR-Houaphan,Factory No: 3,0
Lao PDR-Houaphan,Factory No: 3,0
Lao PDR-Houaphan,Factory No: 3,0
Lao PDR-Khammouan,Factory No: 3,0
Lao PDR-Khammouan,Factory No: 3,0
Lao PDR-Louang Namtha,Factory No: 3,0
Lao PDR-Louang Namtha,Factory No: 3,0
Lao PDR-Louang Prabang,Factory No: 3,0
Lao PDR-Oudomxay,Factory No: 3,0
Lao PDR-Oudomxay,Factory No: 3,0
Lao PDR-Oudomxay,Factory No: 3,0
Lao PDR-Saiyabouly,Factory No: 3,0
Lao PDR-Saiyabouly,Factory No: 3,0
Lao PDR-Saiyabouly,Factory No: 3,0
Lao PDR-Saiyabouly,Factory No: 3,0
Lao PDR-Saiyabouly,Factory No: 3,0
Lao PDR-Saiyabouly,Factory No: 3,0
Lao PDR-Saiyabouly,Factory No: 3,0
Lao PDR-Saiyabouly,Factory No: 3,0
Lao PDR-Saiyabouly,Factory No: 3,0
Lao PDR-Saravan,Factory No: 3,0
Lao PDR-Savannakhet,Factory No: 3,0
Lao PDR-Savannakhet,Factory No: 3,0
Lao PDR-Savannakhet,Factory No: 3,0
Lao PDR-Sekong,Factory No: 3,0
Lao PDR-Xiengkhouang,Factory No: 3,0
Lao PDR-Xiengkhouang,Factory No: 3,0
Lao PDR-Khammouan,Factory Tongchuan Yunnan ,0
Lao PDR-Xiengkhouang,Favore Ltd,0
Lao PDR-Houaphan,Flamingo Pharmaceuticals Ltd.,0
Lao PDR-Houaphan,Flamingo Pharmaceuticals Ltd.,0
Lao PDR-Xiengkhouang,Fushico,0
Lao PDR-Attapeu,GPO,0
Lao PDR-Savannakhet,GPO,0
Lao PDR-Sekong,GPO,0
Lao PDR-Sekong,GPO,0
Lao PDR-Khammouan,Guilin Pharmaceuticals,0
Lao PDR-Louang Namtha,Guilin Pharmaceuticals,0
Lao PDR-Louang Namtha,Guilin Pharmaceuticals,0
Lao PDR-Louang Namtha,Guilin Pharmaceuticals,0
Lao PDR-Louang Namtha,Guilin Pharmaceuticals,0
Lao PDR-Oudomxay,Guilin Pharmaceuticals,0
Lao PDR-Oudomxay,Guilin Pharmaceuticals,0
Lao PDR-Saiyabouly,Guilin Pharmaceuticals,0
Lao PDR-Xiengkhouang,Haiba Trung Hanoi,0
Lao PDR-Louang Namtha,"Harbin Pharm Group Sanjingmingshui Pharm Co., Ltd",0
Lao PDR-Attapeu,Hataphar Pharmaceutical Joint-Stock Co.,0
Lao PDR-Savannakhet,Hataphar Pharmaceutical Joint-Stock Co.,0
Lao PDR-Xiengkhouang,Hataphar Pharmaceutical Joint-Stock Co.,0
Lao PDR-Houaphan,Hatay Pharmaceutical,0
Lao PDR-Xiengkhouang,Hatay Pharmaceutical,0
Lao PDR-Xiengkhouang,Hatay Pharmaceutical,0
Lao PDR-Xiengkhouang,Hatay Pharmaceutical,0
Lao PDR-Xiengkhouang,Hatinh Pharm Co.,0
Lao PDR-Champasak,Hero Import,0
Lao PDR-Champasak,Hero Import,0
Lao PDR-Xiengkhouang,"Heromycin Pharma Co., Ltd",0
Lao PDR-Houaphan,HK Pharmaceutical,0
Lao PDR-Sayabuly,HK Pharmaceutical,0
Lao PDR-Champasak,Holden,0
Lao PDR-Louang Namtha,Hovid BHD,0
Lao PDR-Saiyabouly,HPC,0
Lao PDR-Khammouan,India,0
Lao PDR-Louang Prabang,India,0
Lao PDR-Saiyabouly,India,0
Lao PDR-Xiengkhouang,India,0
Lao PDR-Oudomxay,International Dispensary Association,0
Lao PDR-Oudomxay,International Dispensary Association,0
Lao PDR-Khammouan,Jinxian,0
Lao PDR-Savannakhet,KBD,0
Lao PDR-Louang Namtha,KPL,0
Lao PDR-Louang Namtha,KPL,0
Lao PDR-Louang Namtha,KPL,0
Lao PDR-Louang Namtha,KPL,0
Lao PDR-Oudomxay,KPL,0
Lao PDR-Saiyabouly,KPL,0
Lao PDR-Saiyabouly,KPL,0
Lao PDR-Attapeu,KPN,0
Lao PDR-Attapeu,KPN,0
Lao PDR-Attapeu,KPN,0
Lao PDR-Attapeu,KPN,0
Lao PDR-Attapeu,KPN,0
Lao PDR-Attapeu,KPN,0
Lao PDR-Champasak,KPN,0
Lao PDR-Champasak,KPN,0
Lao PDR-Champasak,KPN,0
Lao PDR-Champasak,KPN,0
Lao PDR-Champasak,KPN,0
Lao PDR-Champasak,KPN,0
Lao PDR-Champasak,KPN,0
Lao PDR-Champasak,KPN,0
Lao PDR-Champasak,KPN,0
Lao PDR-Champasak,KPN,0
Lao PDR-Champasak,KPN,0
Lao PDR-Champasak,KPN,0
Lao PDR-Champasak,KPN,0
Lao PDR-Champasak,KPN,0
Lao PDR-Champasak,KPN,0
Lao PDR-Champasak,KPN,0
Lao PDR-Champasak,KPN,0
Lao PDR-Champasak,KPN,0
Lao PDR-Champasak,KPN,0
Lao PDR-Champasak,KPN,0
Lao PDR-Champasak,KPN,0
Lao PDR-Champasak,KPN,0
Lao PDR-Champasak,KPN,0
Lao PDR-Champasak,KPN,0
Lao PDR-Champasak,KPN,0
Lao PDR-Champasak,KPN,0
Lao PDR-Champasak,KPN,0
Lao PDR-Champasak,KPN,0
Lao PDR-Champasak,KPN,0
Lao PDR-Champasak,KPN,0
Lao PDR-Champasak,KPN,0
Lao PDR-Champasak,KPN,0
Lao PDR-Champasak,KPN,0
Lao PDR-Champasak,KPN,0
Lao PDR-Champasak,KPN,0
Lao PDR-Houaphan,KPN,0
Lao PDR-Houaphan,KPN,0
Lao PDR-Houaphan,KPN,0
Lao PDR-Houaphan,KPN,0
Lao PDR-Houaphan,KPN,0
Lao PDR-Houaphan,KPN,0
Lao PDR-Houaphan,KPN,0
Lao PDR-Houaphan,KPN,0
Lao PDR-Houaphan,KPN,0
Lao PDR-Houaphan,KPN,0
Lao PDR-Houaphan,KPN,0
Lao PDR-Houaphan,KPN,0
Lao PDR-Houaphan,KPN,0
Lao PDR-Khammouan,KPN,0
Lao PDR-Khammouan,KPN,0
Lao PDR-Khammouan,KPN,0
Lao PDR-Khammouan,KPN,0
Lao PDR-Khammouan,KPN,0
Lao PDR-Khammouan,KPN,0
Lao PDR-Khammouan,KPN,0
Lao PDR-Khammouan,KPN,0
Lao PDR-Khammouan,KPN,0
Lao PDR-Khammouan,KPN,0
Lao PDR-Khammouan,KPN,0
Lao PDR-Khammouan,KPN,0
Lao PDR-Khammouan,KPN,0
Lao PDR-Khammouan,KPN,0
Lao PDR-Khammouan,KPN,0
Lao PDR-Khammouan,KPN,0
Lao PDR-Khammouan,KPN,0
Lao PDR-Khammouan,KPN,0
Lao PDR-Louang Namtha,KPN,0
Lao PDR-Louang Namtha,KPN,0
Lao PDR-Louang Namtha,KPN,0
Lao PDR-Louang Namtha,KPN,0
Lao PDR-Louang Namtha,KPN,0
Lao PDR-Louang Namtha,KPN,0
Lao PDR-Louang Namtha,KPN,0
Lao PDR-Louang Namtha,KPN,0
Lao PDR-Louang Namtha,KPN,0
Lao PDR-Louang Namtha,KPN,0
Lao PDR-Louang Namtha,KPN,0
Lao PDR-Louang Namtha,KPN,0
Lao PDR-Louang Namtha,KPN,0
Lao PDR-Louang Namtha,KPN,0
Lao PDR-Louang Namtha,KPN,0
Lao PDR-Louang Namtha,KPN,0
Lao PDR-Louang Namtha,KPN,0
Lao PDR-Louang Prabang,KPN,0
Lao PDR-Louang Prabang,KPN,0
Lao PDR-Louang Prabang,KPN,0
Lao PDR-Louang Prabang,KPN,0
Lao PDR-Louang Prabang,KPN,0
Lao PDR-Louang Prabang,KPN,0
Lao PDR-Louang Prabang,KPN,0
Lao PDR-Louang Prabang,KPN,0
Lao PDR-Louang Prabang,KPN,0
Lao PDR-Louang Prabang,KPN,0
Lao PDR-Louang Prabang,KPN,0
Lao PDR-Louang Prabang,KPN,0
Lao PDR-Louang Prabang,KPN,0
Lao PDR-Louang Prabang,KPN,0
Lao PDR-Louang Prabang,KPN,0
Lao PDR-Louang Prabang,KPN,0
Lao PDR-Louang Prabang,KPN,0
Lao PDR-Louang Prabang,KPN,0
Lao PDR-Oudomxay,KPN,0
Lao PDR-Oudomxay,KPN,0
Lao PDR-Oudomxay,KPN,0
Lao PDR-Oudomxay,KPN,0
Lao PDR-Oudomxay,KPN,0
Lao PDR-Oudomxay,KPN,0
Lao PDR-Oudomxay,KPN,0
Lao PDR-Oudomxay,KPN,0
Lao PDR-Oudomxay,KPN,0
Lao PDR-Oudomxay,KPN,0
Lao PDR-Oudomxay,KPN,0
Lao PDR-Oudomxay,KPN,0
Lao PDR-Oudomxay,KPN,0
Lao PDR-Oudomxay,KPN,0
Lao PDR-Oudomxay,KPN,0
Lao PDR-Oudomxay,KPN,0
Lao PDR-Oudomxay,KPN,0
Lao PDR-Oudomxay,KPN,0
Lao PDR-Saiyabouly,KPN,0
Lao PDR-Saiyabouly,KPN,0
Lao PDR-Saiyabouly,KPN,0
Lao PDR-Saiyabouly,KPN,0
Lao PDR-Saiyabouly,KPN,0
Lao PDR-Saiyabouly,KPN,0
Lao PDR-Saiyabouly,KPN,0
Lao PDR-Saiyabouly,KPN,0
Lao PDR-Saiyabouly,KPN,0
Lao PDR-Saiyabouly,KPN,0
Lao PDR-Saiyabouly,KPN,0
Lao PDR-Saiyabouly,KPN,0
Lao PDR-Saiyabouly,KPN,0
Lao PDR-Saiyabouly,KPN,0
Lao PDR-Saiyabouly,KPN,0
Lao PDR-Saiyabouly,KPN,0
Lao PDR-Saiyabouly,KPN,0
Lao PDR-Saiyabouly,KPN,0
Lao PDR-Saiyabouly,KPN,0
Lao PDR-Saiyabouly,KPN,0
Lao PDR-Saiyabouly,KPN,0
Lao PDR-Saiyabouly,KPN,0
Lao PDR-Saiyabouly,KPN,0
Lao PDR-Saravan,KPN,0
Lao PDR-Saravan,KPN,0
Lao PDR-Saravan,KPN,0
Lao PDR-Saravan,KPN,0
Lao PDR-Saravan,KPN,0
Lao PDR-Saravan,KPN,0
Lao PDR-Saravan,KPN,0
Lao PDR-Saravan,KPN,0
Lao PDR-Saravan,KPN,0
Lao PDR-Saravan,KPN,0
Lao PDR-Saravan,KPN,0
Lao PDR-Saravan,KPN,0
Lao PDR-Saravan,KPN,0
Lao PDR-Saravan,KPN,0
Lao PDR-Saravan,KPN,0
Lao PDR-Savannakhet,KPN,0
Lao PDR-Savannakhet,KPN,0
Lao PDR-Savannakhet,KPN,0
Lao PDR-Savannakhet,KPN,0
Lao PDR-Savannakhet,KPN,0
Lao PDR-Savannakhet,KPN,0
Lao PDR-Savannakhet,KPN,0
Lao PDR-Savannakhet,KPN,0
Lao PDR-Savannakhet,KPN,0
Lao PDR-Savannakhet,KPN,0
Lao PDR-Savannakhet,KPN,0
Lao PDR-Savannakhet,KPN,0
Lao PDR-Savannakhet,KPN,0
Lao PDR-Savannakhet,KPN,0
Lao PDR-Savannakhet,KPN,0
Lao PDR-Savannakhet,KPN,0
Lao PDR-Savannakhet,KPN,0
Lao PDR-Savannakhet,KPN,0
Lao PDR-Savannakhet,KPN,0
Lao PDR-Savannakhet,KPN,0
Lao PDR-Savannakhet,KPN,0
Lao PDR-Savannakhet,KPN,0
Lao PDR-Savannakhet,KPN,0
Lao PDR-Savannakhet,KPN,0
Lao PDR-Savannakhet,KPN,0
Lao PDR-Savannakhet,KPN,0
Lao PDR-Savannakhet,KPN,0
Lao PDR-Savannakhet,KPN,0
Lao PDR-Savannakhet,KPN,0
Lao PDR-Savannakhet,KPN,0
Lao PDR-Savannakhet,KPN,0
Lao PDR-Savannakhet,KPN,0
Lao PDR-Savannakhet,KPN,0
Lao PDR-Savannakhet,KPN,0
Lao PDR-Savannakhet,KPN,0
Lao PDR-Sayabuly,KPN,0
Lao PDR-Sayabuly,KPN,0
Lao PDR-Sayabuly,KPN,0
Lao PDR-Sekong,KPN,0
Lao PDR-Sekong,KPN,0
Lao PDR-Sekong,KPN,0
Lao PDR-Sekong,KPN,0
Lao PDR-Sekong,KPN,0
Lao PDR-Sekong,KPN,0
Lao PDR-Sekong,KPN,0
Lao PDR-Sekong,KPN,0
Lao PDR-Sekong,KPN,0
Lao PDR-Sekong,KPN,0
Lao PDR-Sekong,KPN,0
Lao PDR-Sekong,KPN,0
Lao PDR-Sekong,KPN,0
Lao PDR-Sekong,KPN,0
Lao PDR-Sekong,KPN,0
Lao PDR-Sekong,KPN,0
Lao PDR-Vientiane,KPN,0
Lao PDR-Vientiane,KPN,0
Lao PDR-Vientiane,KPN,0
Lao PDR-Vientiane,KPN,0
Lao PDR-Xiengkhouang,KPN,0
Lao PDR-Xiengkhouang,KPN,0
Lao PDR-Xiengkhouang,KPN,0
Lao PDR-Xiengkhouang,KPN,0
Lao PDR-Xiengkhouang,KPN,0
Lao PDR-Xiengkhouang,KPN,0
Lao PDR-Xiengkhouang,KPN,0
Lao PDR-Xiengkhouang,KPN,0
Lao PDR-Xiengkhouang,KPN,0
Lao PDR-Xiengkhouang,KPN,0
Lao PDR-Xiengkhouang,KPN,0
Lao PDR-Xiengkhouang,KPN,0
Lao PDR-Xiengkhouang,KPN,0
Lao PDR-Xiengkhouang,KPN,0
Lao PDR-Xiengkhouang,KPN,0
Lao PDR-Xiengkhouang,KPN,0
Lao PDR-Xiengkhouang,KPN,0
Lao PDR-Louang Namtha,Kunming Pharmaceutical Corporation,0
Lao PDR-Louang Namtha,Kunming Pharmaceutical Corporation,0
Lao PDR-Louang Namtha,Kunming Pharmaceutical Corporation,0
Lao PDR-Oudomxay,Kunming Pharmaceutical Corporation,0
Lao PDR-Saiyabouly,Kunming Pharmaceutical Corporation,0
Lao PDR-Savannakhet,Kunming Pharmaceutical Corporation,0
Lao PDR-Saiyabouly,Lachmann Co.,0
Lao PDR-Saiyabouly,Lachmann Co.,0
Lao PDR-Saiyabouly,Lachmann Co.,0
Lao PDR-Saiyabouly,Lachmann Co.,0
Lao PDR-Saiyabouly,Lachmann Co.,0
Lao PDR-Saiyabouly,Lachmann Co.,0
Lao PDR-Saiyabouly,Lachmann Co.,0
Lao PDR-Saiyabouly,Lachmann Co.,0
Lao PDR-Saiyabouly,Lachmann Co.,0
Lao PDR-Saiyabouly,Lachmann Co.,0
Lao PDR-Savannakhet,Lachmann Co.,0
Lao PDR-Savannakhet,Lachmann Co.,0
Lao PDR-Savannakhet,Lachmann Co.,0
Lao PDR-Houaphan,Lamthong Medical Ltd.,0
Lao PDR-Khammouan,Lamthong Medical Ltd.,0
Lao PDR-Louang Namtha,Lamthong Medical Ltd.,0
Lao PDR-Xiengkhouang,Lamthong Medical Ltd.,0
Lao PDR-Sayabuly,Lao P.D.R,0
Lao PDR-Attapeu,Lao-China,0
Lao PDR-Champasak,Lao-China,0
Lao PDR-Saiyabouly,Lao-China,0
Lao PDR-Saiyabouly,Lao-China,0
Lao PDR-Saiyabouly,Lao-China,0
Lao PDR-Saiyabouly,Lao-China,0
Lao PDR-Saiyabouly,Lao-China,0
Lao PDR-Saiyabouly,Lao-China,0
Lao PDR-Saiyabouly,Lao-China,0
Lao PDR-Saiyabouly,Lao-China,0
Lao PDR-Saiyabouly,Lao-China,0
Lao PDR-Saiyabouly,Lao-China,0
Lao PDR-Saiyabouly,Lao-China,0
Lao PDR-Saiyabouly,Lao-China,0
Lao PDR-Saiyabouly,Lao-China,0
Lao PDR-Xiengkhouang,Lao-China,0
Lao PDR-Savannakhet,Liwinner Pharmaceutical,0
Lao PDR-Savannakhet,Liwinner Pharmaceutical,0
Lao PDR-Savannakhet,Liwinner Pharmaceutical,0
Lao PDR-Savannakhet,Liwinner Pharmaceutical,0
Lao PDR-Savannakhet,Liwinner Pharmaceutical,0
Lao PDR-Savannakhet,Liwinner Pharmaceutical,0
Lao PDR-Sayabuly,Longchuan yunnan,0
Lao PDR-Khammouan,Longchuan yunnan,0
Lao PDR-Louang Namtha,Longchuan yunnan,0
Lao PDR-Oudomxay,Longchuan yunnan,0
Lao PDR-Saravan,Longchuan yunnan,0
Lao PDR-Savannakhet,Longchuan yunnan,0
Lao PDR-Saiyabouly,LTD,0
Lao PDR-Saiyabouly,LTD,0
Lao PDR-Saiyabouly,LTD,0
Lao PDR-Saiyabouly,LTD,0
Lao PDR-Saiyabouly,LTD,0
Lao PDR-Saiyabouly,LTD,0
Lao PDR-Saiyabouly,LTD,0
Lao PDR-Saiyabouly,LTD,0
Lao PDR-Saiyabouly,LTD,0
Lao PDR-Saiyabouly,LTD,0
Lao PDR-Saiyabouly,LTD,0
Lao PDR-Saiyabouly,LTD,0
Lao PDR-Saiyabouly,LTD,0
Lao PDR-Saiyabouly,LTD,0
Lao PDR-Savannakhet,LTD,0
Lao PDR-Attapeu,M&H,0
Lao PDR-Oudomxay,M&H,0
Lao PDR-Oudomxay,M&H,0
Lao PDR-Saiyabouly,M&H,0
Lao PDR-Saiyabouly,M&H,0
Lao PDR-Saravan,M&H,0
Lao PDR-Savannakhet,M&H,0
Lao PDR-Saravan,M&H,0
Lao PDR-Louang Prabang,MD PHARCO,0
Lao PDR-Oudomxay,MD PHARCO,0
Lao PDR-Oudomxay,MD PHARCO,0
Lao PDR-Louang Prabang,Mebiphar,0
Lao PDR-Louang Prabang,Mebiphar,0
Lao PDR-Saiyabouly,Mebiphar,0
Lao PDR-Saiyabouly,Mebiphar,0
Lao PDR-Saiyabouly,Mebiphar,0
Lao PDR-Khammouan,Mecoupha-Lao,0
Lao PDR-Champasak,Medipharco,0
Lao PDR-Khammouan,Medipharco,0
Lao PDR-Khammouan,Medipharco,0
Lao PDR-Louang Namtha,Medipharco,0
Lao PDR-Louang Namtha,Medipharco,0
Lao PDR-Oudomxay,Medipharco,0
Lao PDR-Oudomxay,Medipharco,0
Lao PDR-Saiyabouly,Medipharco,0
Lao PDR-Sekong,Medipharco,0
Lao PDR-Sekong,Medipharco,0
Lao PDR-Xiengkhouang,Medipharco,0
Lao PDR-Xiengkhouang,Medipharco,0
Lao PDR-Xiengkhouang,MEDIPLANTEX,0
Lao PDR-Xiengkhouang,MEDIPLANTEX,0
Lao PDR-Attapeu,Mekophar Chemical Pharmaceutical Joint-Stock Co.,0
Lao PDR-Khammouan,Mekophar Chemical Pharmaceutical Joint-Stock Co.,0
Lao PDR-Vientiane,Mekophar Chemical Pharmaceutical Joint-Stock Co.,0
Lao PDR-Vientiane,Mekophar Chemical Pharmaceutical Joint-Stock Co.,0
Lao PDR-Xiengkhouang,Mekophar Chemical Pharmaceutical Joint-Stock Co.,0
Lao PDR-Attapeu,Mekophar Chemical Pharmaceutical Joint-Stock Co.,0
Lao PDR-Attapeu,Mekophar Chemical Pharmaceutical Joint-Stock Co.,0
Lao PDR-Attapeu,Mekophar Chemical Pharmaceutical Joint-Stock Co.,0
Lao PDR-Attapeu,Mekophar Chemical Pharmaceutical Joint-Stock Co.,0
Lao PDR-Attapeu,Mekophar Chemical Pharmaceutical Joint-Stock Co.,0
Lao PDR-Attapeu,Mekophar Chemical Pharmaceutical Joint-Stock Co.,0
Lao PDR-Attapeu,Mekophar Chemical Pharmaceutical Joint-Stock Co.,0
Lao PDR-Attapeu,Mekophar Chemical Pharmaceutical Joint-Stock Co.,0
Lao PDR-Attapeu,Mekophar Chemical Pharmaceutical Joint-Stock Co.,0
Lao PDR-Champasak,Mekophar Chemical Pharmaceutical Joint-Stock Co.,0
Lao PDR-Champasak,Mekophar Chemical Pharmaceutical Joint-Stock Co.,0
Lao PDR-Champasak,Mekophar Chemical Pharmaceutical Joint-Stock Co.,0
Lao PDR-Champasak,Mekophar Chemical Pharmaceutical Joint-Stock Co.,0
Lao PDR-Champasak,Mekophar Chemical Pharmaceutical Joint-Stock Co.,0
Lao PDR-Champasak,Mekophar Chemical Pharmaceutical Joint-Stock Co.,0
Lao PDR-Champasak,Mekophar Chemical Pharmaceutical Joint-Stock Co.,0
Lao PDR-Champasak,Mekophar Chemical Pharmaceutical Joint-Stock Co.,0
Lao PDR-Champasak,Mekophar Chemical Pharmaceutical Joint-Stock Co.,0
Lao PDR-Champasak,Mekophar Chemical Pharmaceutical Joint-Stock Co.,0
Lao PDR-Champasak,Mekophar Chemical Pharmaceutical Joint-Stock Co.,0
Lao PDR-Houaphan,Mekophar Chemical Pharmaceutical Joint-Stock Co.,0
Lao PDR-Houaphan,Mekophar Chemical Pharmaceutical Joint-Stock Co.,0
Lao PDR-Houaphan,Mekophar Chemical Pharmaceutical Joint-Stock Co.,0
Lao PDR-Houaphan,Mekophar Chemical Pharmaceutical Joint-Stock Co.,0
Lao PDR-Khammouan,Mekophar Chemical Pharmaceutical Joint-Stock Co.,0
Lao PDR-Khammouan,Mekophar Chemical Pharmaceutical Joint-Stock Co.,0
Lao PDR-Khammouan,Mekophar Chemical Pharmaceutical Joint-Stock Co.,0
Lao PDR-Khammouan,Mekophar Chemical Pharmaceutical Joint-Stock Co.,0
Lao PDR-Khammouan,Mekophar Chemical Pharmaceutical Joint-Stock Co.,0
Lao PDR-Khammouan,Mekophar Chemical Pharmaceutical Joint-Stock Co.,0
Lao PDR-Khammouan,Mekophar Chemical Pharmaceutical Joint-Stock Co.,0
Lao PDR-Khammouan,Mekophar Chemical Pharmaceutical Joint-Stock Co.,0
Lao PDR-Khammouan,Mekophar Chemical Pharmaceutical Joint-Stock Co.,0
Lao PDR-Louang Namtha,Mekophar Chemical Pharmaceutical Joint-Stock Co.,0
Lao PDR-Louang Namtha,Mekophar Chemical Pharmaceutical Joint-Stock Co.,0
Lao PDR-Louang Namtha,Mekophar Chemical Pharmaceutical Joint-Stock Co.,0
Lao PDR-Louang Namtha,Mekophar Chemical Pharmaceutical Joint-Stock Co.,0
Lao PDR-Louang Namtha,Mekophar Chemical Pharmaceutical Joint-Stock Co.,0
Lao PDR-Louang Prabang,Mekophar Chemical Pharmaceutical Joint-Stock Co.,0
Lao PDR-Louang Prabang,Mekophar Chemical Pharmaceutical Joint-Stock Co.,0
Lao PDR-Louang Prabang,Mekophar Chemical Pharmaceutical Joint-Stock Co.,0
Lao PDR-Louang Prabang,Mekophar Chemical Pharmaceutical Joint-Stock Co.,0
Lao PDR-Louang Prabang,Mekophar Chemical Pharmaceutical Joint-Stock Co.,0
Lao PDR-Louang Prabang,Mekophar Chemical Pharmaceutical Joint-Stock Co.,0
Lao PDR-Oudomxay,Mekophar Chemical Pharmaceutical Joint-Stock Co.,0
Lao PDR-Oudomxay,Mekophar Chemical Pharmaceutical Joint-Stock Co.,0
Lao PDR-Oudomxay,Mekophar Chemical Pharmaceutical Joint-Stock Co.,0
Lao PDR-Oudomxay,Mekophar Chemical Pharmaceutical Joint-Stock Co.,0
Lao PDR-Oudomxay,Mekophar Chemical Pharmaceutical Joint-Stock Co.,0
Lao PDR-Oudomxay,Mekophar Chemical Pharmaceutical Joint-Stock Co.,0
Lao PDR-Saiyabouly,Mekophar Chemical Pharmaceutical Joint-Stock Co.,0
Lao PDR-Saiyabouly,Mekophar Chemical Pharmaceutical Joint-Stock Co.,0
Lao PDR-Saiyabouly,Mekophar Chemical Pharmaceutical Joint-Stock Co.,0
Lao PDR-Saiyabouly,Mekophar Chemical Pharmaceutical Joint-Stock Co.,0
Lao PDR-Saiyabouly,Mekophar Chemical Pharmaceutical Joint-Stock Co.,0
Lao PDR-Saiyabouly,Mekophar Chemical Pharmaceutical Joint-Stock Co.,0
Lao PDR-Saiyabouly,Mekophar Chemical Pharmaceutical Joint-Stock Co.,0
Lao PDR-Saiyabouly,Mekophar Chemical Pharmaceutical Joint-Stock Co.,0
Lao PDR-Saravan,Mekophar Chemical Pharmaceutical Joint-Stock Co.,0
Lao PDR-Savannakhet,Mekophar Chemical Pharmaceutical Joint-Stock Co.,0
Lao PDR-Savannakhet,Mekophar Chemical Pharmaceutical Joint-Stock Co.,0
Lao PDR-Savannakhet,Mekophar Chemical Pharmaceutical Joint-Stock Co.,0
Lao PDR-Savannakhet,Mekophar Chemical Pharmaceutical Joint-Stock Co.,0
Lao PDR-Savannakhet,Mekophar Chemical Pharmaceutical Joint-Stock Co.,0
Lao PDR-Savannakhet,Mekophar Chemical Pharmaceutical Joint-Stock Co.,0
Lao PDR-Savannakhet,Mekophar Chemical Pharmaceutical Joint-Stock Co.,0
Lao PDR-Savannakhet,Mekophar Chemical Pharmaceutical Joint-Stock Co.,0
Lao PDR-Xiengkhouang,Mekophar Chemical Pharmaceutical Joint-Stock Co.,0
Lao PDR-Xiengkhouang,Mekophar Chemical Pharmaceutical Joint-Stock Co.,0
Lao PDR-Xiengkhouang,Mekophar Chemical Pharmaceutical Joint-Stock Co.,0
Lao PDR-Xiengkhouang,Mekophar Chemical Pharmaceutical Joint-Stock Co.,0
Lao PDR-Xiengkhouang,Mekophar Chemical Pharmaceutical Joint-Stock Co.,0
Lao PDR-Louang Namtha,Microlabs,0
Lao PDR-Khammouan,Minhdam,0
Lao PDR-Louang Namtha,Minimed Laboratories,0
Lao PDR-Louang Prabang,Minimed Laboratories,0
Lao PDR-Louang Prabang,Minimed Laboratories,0
Lao PDR-Vientiane,Minimed Laboratories,0
Lao PDR-Savannakhet,MK,0
Lao PDR-Louang Namtha,Mumbai,0
Lao PDR-Xiengkhouang,Nam Dinh,0
Lao PDR-Champasak,Napharco,0
Lao PDR-Xiengkhouang,Napharco,0
Lao PDR-Xiengkhouang,Napharco,0
Lao PDR-Xiengkhouang,Napharco,0
Lao PDR-Louang Namtha,Novartis,0
Lao PDR-Louang Namtha,Novartis,0
Lao PDR-Louang Namtha,Novartis,0
Lao PDR-Sekong,Novartis,0
Lao PDR-Xiengkhouang,Novartis,0
Lao PDR-Louang Namtha,P.D.C No. III,0
Lao PDR-Khammouan,"Patar Lab Ltd, Part",0
Lao PDR-Louang Prabang,"Patar Lab Ltd, Part",0
Lao PDR-Savannakhet,"Patar Lab Ltd, Part",0
Lao PDR-Savannakhet,"Patar Lab Ltd, Part",0
Lao PDR-Savannakhet,"Patar Lab Ltd, Part",0
Lao PDR-Houaphan,PDC Manufacturer,0
Lao PDR-Louang Namtha,PF 2,0
Lao PDR-Louang Namtha,PF 2,0
Lao PDR-Louang Namtha,PF 2,0
Lao PDR-Louang Prabang,PF 2,0
Lao PDR-Saiyabouly,PF 2,0
Lao PDR-Saiyabouly,PF 2,0
Lao PDR-Xiengkhouang,PF 2,0
Lao PDR-Xiengkhouang,PF 2,0
Lao PDR-Xiengkhouang,PF 2,0
Lao PDR-Xiengkhouang,PF 2,0
Lao PDR-Louang Prabang,PF 3,0
Lao PDR-Louang Prabang,PF 3,0
Lao PDR-Saiyabouly,PF 3,0
Lao PDR-Saiyabouly,PF 33,0
Lao PDR-Sekong,PF3,0
Lao PDR-Houaphan,Pham Minh Dan,0
Lao PDR-Champasak,Phammin Den,0
Lao PDR-Oudomxay,Phapharco,0
Lao PDR-Houaphan,Pharbaco Pharmaceutical JSC,0
Lao PDR-Louang Prabang,Pharbaco Pharmaceutical JSC,0
Lao PDR-Xiengkhouang,Pharbaco Pharmaceutical JSC,0
Lao PDR-Xiengkhouang,Pharbaco Pharmaceutical JSC,0
Lao PDR-Attapeu,Pharimexco,0
Lao PDR-Savannakhet,Pharimexco,0
Lao PDR-Xiengkhouang,Pharimexco,0
Lao PDR-Xiengkhouang,Pharimexco,0
Lao PDR-Houaphan,Pharmaceutical & Equipment,0
Lao PDR-Attapeu,Pharmaceutical Factory No. 2,0
Lao PDR-Louang Namtha,Pharmaceutical Factory No. 2,0
Lao PDR-Louang Namtha,Pharmaceutical Factory No. 2,0
Lao PDR-Louang Prabang,Pharmaceutical Factory No. 2,0
Lao PDR-Oudomxay,Pharmaceutical Factory No. 2,0
Lao PDR-Oudomxay,Pharmaceutical Factory No. 2,0
Lao PDR-Oudomxay,Pharmaceutical Factory No. 2,0
Lao PDR-Xiengkhouang,Pharmaceutical Factory No. 2,0
Lao PDR-Xiengkhouang,Pharmaceutical Factory No. 2,0
Lao PDR-Khammouan,Pharmaceutical Factory No. 3,0
Lao PDR-Louang Prabang,Pharmaceutical Factory No. 3,0
Lao PDR-Oudomxay,Pharmaceutical Factory No. 3,0
Lao PDR-Saiyabouly,"Pharmasant Laboratories Co., Ltd",0
Lao PDR-Saiyabouly,"Pharmasant Laboratories Co., Ltd",0
Lao PDR-Savannakhet,"Pharmasant Laboratories Co., Ltd",0
Lao PDR-Savannakhet,"Pharmasant Laboratories Co., Ltd",0
Lao PDR-Louang Namtha,Pond Chemical Thailand,0
Lao PDR-Saiyabouly,Pond Chemical Thailand,0
Lao PDR-Louang Namtha,Quapharco,0
Lao PDR-Champasak,"Remy Pharm Co., Ltd",0
Lao PDR-Saiyabouly,"Remy Pharm Co., Ltd",0
Lao PDR-Saiyabouly,"Remy Pharm Co., Ltd",0
Lao PDR-Saiyabouly,"Remy Pharm Co., Ltd",0
Lao PDR-Saiyabouly,"Remy Pharm Co., Ltd",0
Lao PDR-Saiyabouly,"Remy Pharm Co., Ltd",0
Lao PDR-Saiyabouly,"Remy Pharm Co., Ltd",0
Lao PDR-Saiyabouly,"Remy Pharm Co., Ltd",0
Lao PDR-Saiyabouly,"Remy Pharm Co., Ltd",0
Lao PDR-Saiyabouly,"Remy Pharm Co., Ltd",0
Lao PDR-Saiyabouly,"Remy Pharm Co., Ltd",0
Lao PDR-Savannakhet,"Remy Pharm Co., Ltd",0
Lao PDR-Savannakhet,"Remy Pharm Co., Ltd",0
Lao PDR-Attapeu,S.S.P. Laboratories,0
Lao PDR-Attapeu,S.S.P. Laboratories,0
Lao PDR-Houaphan,S.S.P. Laboratories,0
Lao PDR-Oudomxay,S.S.P. Laboratories,0
Lao PDR-Oudomxay,S.S.P. Laboratories,0
Lao PDR-Oudomxay,S.S.P. Laboratories,0
Lao PDR-Saiyabouly,S.S.P. Laboratories,0
Lao PDR-Saiyabouly,S.S.P. Laboratories,0
Lao PDR-Xiengkhouang,S.S.P. Laboratories,0
Lao PDR-Xiengkhouang,S.S.P. Laboratories,0
Lao PDR-Xiengkhouang,S.S.P. Laboratories,0
Lao PDR-Savannakhet,SDK Hanoi,0
Lao PDR-Champasak,Seven Stars Pharmaceutical Co. Ltd,0
Lao PDR-Champasak,Shijiazhuang Pharmaceutical Group Ltd,0
Lao PDR-Champasak,Shijiazhuang Pharmaceutical Group Ltd,0
Lao PDR-Houaphan,Siam Medicare Co.,0
Lao PDR-Louang Namtha,Siam Medicare Co.,0
Lao PDR-Houaphan,Svizera Labs,0
Lao PDR-Louang Namtha,Svizera Labs,0
Lao PDR-Louang Namtha,Svizera Labs,0
Lao PDR-Louang Namtha,Svizera Labs,0
Lao PDR-Louang Namtha,Svizera Labs,0
Lao PDR-Louang Namtha,Svizera Labs,0
Lao PDR-Xiengkhouang,Svizera Labs,0
Lao PDR-Xiengkhouang,Svizera Labs,0
Lao PDR-Xiengkhouang,Svizera Labs,0
Lao PDR-Khammouan,T-Man Pharmaceuticals Ltd,0
Lao PDR-Vientiane,"T.O. Pharma Co, Ltd",0
Lao PDR-Vientiane,"T.O. Pharma Co, Ltd",0
Lao PDR-Vientiane,"T.O. Pharma Co, Ltd",0
Lao PDR-Oudomxay,"T.O. Pharma Co, Ltd",0
Lao PDR-Saiyabouly,"T.O. Pharma Co, Ltd",0
Lao PDR-Saravan,"T.O. Pharma Co, Ltd",0
Lao PDR-Xiengkhouang,"T.O. Pharma Co, Ltd",0
Lao PDR-Louang Namtha,"T.P. Drug Co., Ltd",0
Lao PDR-Oudomxay,"T.P. Drug Co., Ltd",0
Lao PDR-Saiyabouly,"T.P. Drug Co., Ltd",0
Lao PDR-Xiengkhouang,"T.P. Drug Co., Ltd",0
Lao PDR-Xiengkhouang,"T.P. Drug Co., Ltd",0
Lao PDR-Louang Namtha,Thailand,0
Lao PDR-Louang Namtha,Thailand,0
Lao PDR-Oudomxay,Thailand,0
Lao PDR-Oudomxay,Thailand,0
Lao PDR-Oudomxay,Thailand,0
Lao PDR-Saravan,Thailand,0
Lao PDR-Saravan,Thailand,0
Lao PDR-Saravan,Thailand,0
Lao PDR-Saiyabouly,Thailand,0
Lao PDR-Saiyabouly,Thailand,0
Lao PDR-Saiyabouly,Thailand,0
Lao PDR-Saiyabouly,Thailand,0
Lao PDR-Saiyabouly,Thailand,0
Lao PDR-Saiyabouly,Thailand,0
Lao PDR-Saiyabouly,Thailand,0
Lao PDR-Saiyabouly,Thailand,0
Lao PDR-Savannakhet,Thailand,0
Lao PDR-Sayabuly,Thailand,0
Lao PDR-Sayabuly,Thailand,0
Lao PDR-Sayabuly,Thailand,0
Lao PDR-Xiengkhouang,Thailand,0
Lao PDR-Xiengkhouang,Thailand,0
Lao PDR-Houaphan,"Thanh Hoa Medical Materials Pharmaceutical Co., Ltd",0
Lao PDR-Louang Prabang,"Thanh Hoa Medical Materials Pharmaceutical Co., Ltd",0
Lao PDR-Oudomxay,"Thanh Hoa Medical Materials Pharmaceutical Co., Ltd",0
Lao PDR-Saiyabouly,"Thanh Hoa Medical Materials Pharmaceutical Co., Ltd",0
Lao PDR-Xiengkhouang,"Thanh Hoa Medical Materials Pharmaceutical Co., Ltd",0
Lao PDR-Savannakhet,The British Dispensary,0
Lao PDR-Champasak,"The United Drug (1996) Co., Ltd",0
Lao PDR-Houaphan,"The United Drug (1996) Co., Ltd",0
Lao PDR-Louang Namtha,"The United Drug (1996) Co., Ltd",0
Lao PDR-Louang Namtha,"The United Drug (1996) Co., Ltd",0
Lao PDR-Saiyabouly,"The United Drug (1996) Co., Ltd",0
Lao PDR-Louang Namtha,The United lab. Ltd H.K.,0
Lao PDR-Sekong,Thepha co,0
Lao PDR-Louang Namtha,Tianjin,0
Lao PDR-Louang Namtha,Tianjin,0
Lao PDR-Oudomxay,Tien Giang Pharma,0
Lao PDR-Houaphan,Tipharco,0
Lao PDR-Houaphan,Tipharco,0
Lao PDR-Khammouan,Tipharco,0
Lao PDR-Louang Namtha,Tipharco,0
Lao PDR-Savannakhet,Tipharco,0
Lao PDR-Xiengkhouang,Tipharco,0
Lao PDR-Xiengkhouang,Tipharco,0
Lao PDR-Attapeu,Traphaco Pharmaceutical Joint-Stock Co.,0
Lao PDR-Attapeu,Traphaco Pharmaceutical Joint-Stock Co.,0
Lao PDR-Attapeu,Traphaco Pharmaceutical Joint-Stock Co.,0
Lao PDR-Champasak,Traphaco Pharmaceutical Joint-Stock Co.,0
Lao PDR-Louang Namtha,Traphaco Pharmaceutical Joint-Stock Co.,0
Lao PDR-Louang Prabang,Traphaco Pharmaceutical Joint-Stock Co.,0
Lao PDR-Savannakhet,Traphaco Pharmaceutical Joint-Stock Co.,0
Lao PDR-Louang Prabang,Union Drug Lab,0
Lao PDR-Khammouan,"Unison Laboratories Co., Ltd",0
Lao PDR-Attapeu,Unknown,0
Lao PDR-Attapeu,Unknown,0
Lao PDR-Attapeu,Unknown,0
Lao PDR-Attapeu,Unknown,0
Lao PDR-Champasak,Unknown,0
Lao PDR-Champasak,Unknown,0
Lao PDR-Champasak,Unknown,0
Lao PDR-Champasak,Unknown,0
Lao PDR-Champasak,Unknown,0
Lao PDR-Champasak,Unknown,0
Lao PDR-Champasak,Unknown,0
Lao PDR-Houaphan,Unknown,0
Lao PDR-Khammouan,Unknown,0
Lao PDR-Louang Namtha,Unknown,0
Lao PDR-Louang Namtha,Unknown,0
Lao PDR-Louang Namtha,Unknown,0
Lao PDR-Louang Prabang,Unknown,0
Lao PDR-Louang Prabang,Unknown,0
Lao PDR-Louang Prabang,Unknown,0
Lao PDR-Louang Prabang,Unknown,0
Lao PDR-Louang Prabang,Unknown,0
Lao PDR-Louang Prabang,Unknown,0
Lao PDR-Louang Prabang,Unknown,0
Lao PDR-Louang Prabang,Unknown,0
Lao PDR-Saiyabouly,Unknown,0
Lao PDR-Saiyabouly,Unknown,0
Lao PDR-Saiyabouly,Unknown,0
Lao PDR-Saiyabouly,Unknown,0
Lao PDR-Saiyabouly,Unknown,0
Lao PDR-Saiyabouly,Unknown,0
Lao PDR-Saiyabouly,Unknown,0
Lao PDR-Saiyabouly,Unknown,0
Lao PDR-Saiyabouly,Unknown,0
Lao PDR-Saiyabouly,Unknown,0
Lao PDR-Saiyabouly,Unknown,0
Lao PDR-Saiyabouly,Unknown,0
Lao PDR-Saiyabouly,Unknown,0
Lao PDR-Saiyabouly,Unknown,0
Lao PDR-Saiyabouly,Unknown,0
Lao PDR-Saiyabouly,Unknown,0
Lao PDR-Saravan,Unknown,0
Lao PDR-Savannakhet,Unknown,0
Lao PDR-Savannakhet,Unknown,0
Lao PDR-Savannakhet,Unknown,0
Lao PDR-Savannakhet,Unknown,0
Lao PDR-Savannakhet,Unknown,0
Lao PDR-Savannakhet,Unknown,0
Lao PDR-Savannakhet,Unknown,0
Lao PDR-Savannakhet,Unknown,0
Lao PDR-Savannakhet,Unknown,0
Lao PDR-Savannakhet,Unknown,0
Lao PDR-Savannakhet,Unknown,0
Lao PDR-Savannakhet,Unknown,0
Lao PDR-Savannakhet,Unknown,0
Lao PDR-Savannakhet,Unknown,0
Lao PDR-Sekong,Unknown,0
Lao PDR-Xiengkhouang,Unknown,0
Lao PDR-Xiengkhouang,Unknown,0
Lao PDR-Attapeu,Utopian Company Ltd,0
Lao PDR-Houaphan,Utopian Company Ltd,0
Lao PDR-Louang Namtha,Utopian Company Ltd,0
Lao PDR-Louang Namtha,Utopian Company Ltd,0
Lao PDR-Louang Namtha,Utopian Company Ltd,0
Lao PDR-Louang Namtha,Utopian Company Ltd,0
Lao PDR-Louang Prabang,Utopian Company Ltd,0
Lao PDR-Oudomxay,Utopian Company Ltd,0
Lao PDR-Oudomxay,Utopian Company Ltd,0
Lao PDR-Oudomxay,Utopian Company Ltd,0
Lao PDR-Saiyabouly,Utopian Company Ltd,0
Lao PDR-Savannakhet,Utopian Company Ltd,0
Lao PDR-Savannakhet,Utopian Company Ltd,0
Lao PDR-Savannakhet,Utopian Company Ltd,0
Lao PDR-Savannakhet,Utopian Company Ltd,0
Lao PDR-Sekong,Utopian Company Ltd,0
Lao PDR-Xiengkhouang,Utopian Company Ltd,0
Lao PDR-Champasak,VDP,0
Lao PDR-Houaphan,Vidipha Pharmaceutical Joint-Stock Co.,0
Lao PDR-Houaphan,Vidipha Pharmaceutical Joint-Stock Co.,0
Lao PDR-Houaphan,Vidipha Pharmaceutical Joint-Stock Co.,0
Lao PDR-Khammouan,Vidipha Pharmaceutical Joint-Stock Co.,0
Lao PDR-Khammouan,Vidipha Pharmaceutical Joint-Stock Co.,0
Lao PDR-Louang Namtha,Vidipha Pharmaceutical Joint-Stock Co.,0
Lao PDR-Louang Namtha,Vidipha Pharmaceutical Joint-Stock Co.,0
Lao PDR-Louang Prabang,Vidipha Pharmaceutical Joint-Stock Co.,0
Lao PDR-Louang Prabang,Vidipha Pharmaceutical Joint-Stock Co.,0
Lao PDR-Louang Prabang,Vidipha Pharmaceutical Joint-Stock Co.,0
Lao PDR-Oudomxay,Vidipha Pharmaceutical Joint-Stock Co.,0
Lao PDR-Saiyabouly,Vidipha Pharmaceutical Joint-Stock Co.,0
Lao PDR-Saiyabouly,Vidipha Pharmaceutical Joint-Stock Co.,0
Lao PDR-Savannakhet,Vidipha Pharmaceutical Joint-Stock Co.,0
Lao PDR-Xiengkhouang,Vidipha Pharmaceutical Joint-Stock Co.,0
Lao PDR-Xiengkhouang,Vidipha Pharmaceutical Joint-Stock Co.,0
Lao PDR-Xiengkhouang,Vidipha Pharmaceutical Joint-Stock Co.,0
Lao PDR-Xiengkhouang,Vidipha Pharmaceutical Joint-Stock Co.,0
Lao PDR-Savannakhet,Viengnakhone,0
Lao PDR-Savannakhet,Viengnakhone,0
Lao PDR-Champasak,Vientiane,0
Lao PDR-Champasak,Vietnam,0
Lao PDR-Champasak,Vietnam,0
Lao PDR-Khammouan,Vietnam,0
Lao PDR-Louang Namtha,Vietnam,0
Lao PDR-Louang Prabang,Vietnam,0
Lao PDR-Oudomxay,Vietnam,0
Lao PDR-Oudomxay,Vietnam,0
Lao PDR-Oudomxay,Vietnam,0
Lao PDR-Oudomxay,Vietnam,0
Lao PDR-Saiyabouly,Vietnam,0
Lao PDR-Saiyabouly,Vietnam,0
Lao PDR-Saravan,Vietnam,0
Lao PDR-Saravan,Vietnam,0
Lao PDR-Saravan,Vietnam,0
Lao PDR-Saravan,Vietnam,0
Lao PDR-Savannakhet,Vietnam,0
Lao PDR-Savannakhet,Vietnam,0
Lao PDR-Savannakhet,Vietnam,0
Lao PDR-Savannakhet,Vietnam,0
Lao PDR-Sayabuly,Vietnam,0
Lao PDR-Xiengkhouang,Vietnam,0
Lao PDR-Xiengkhouang,Vietnam,0
Lao PDR-Xiengkhouang,Vietnam,0
Lao PDR-Xiengkhouang,Vietnam,0
Lao PDR-Xiengkhouang,Vietnam,0
Lao PDR-Xiengkhouang,Vietnam,0
Lao PDR-Houaphan,VINPHACO,0
Lao PDR-Khammouan,VINPHACO,0
Lao PDR-Louang Namtha,VINPHACO,0
Lao PDR-Louang Namtha,VINPHACO,0
Lao PDR-Louang Namtha,VINPHACO,0
Lao PDR-Oudomxay,VINPHACO,0
Lao PDR-Saiyabouly,VINPHACO,0
Lao PDR-Saiyabouly,VINPHACO,0
Lao PDR-Xiengkhouang,VINPHACO,0
Lao PDR-Xiengkhouang,VINPHACO,0
Lao PDR-Xiengkhouang,VINPHACO,0
Lao PDR-Louang Namtha,VNB,0
Lao PDR-Louang Prabang,VPC,0
Lao PDR-Oudomxay,VPC,0
Lao PDR-Savannakhet,VPC,0
Lao PDR-Saiyabouly,VS Pharma,0
Lao PDR-Oudomxay,VTP,0
Lao PDR-Attapeu,Xingya,0
Lao PDR-Attapeu,Xingya,0
Lao PDR-Champasak,Xingya,0
Lao PDR-Champasak,Xingya,0
Lao PDR-Champasak,Xingya,0
Lao PDR-Champasak,Xingya,0
Lao PDR-Saiyabouly,Xingya,0
Lao PDR-Saiyabouly,Xingya,0
Lao PDR-Saiyabouly,Xingya,0
Lao PDR-Saiyabouly,Xingya,0
Lao PDR-Saiyabouly,Xingya,0
Lao PDR-Saiyabouly,Xingya,0
Lao PDR-Saiyabouly,Xingya,0
Lao PDR-Khammouan,Yaovalat,0
Lao PDR-Khammouan,Yaovalat,0
Lao PDR-Savannakhet,Yaovalat,0
Lao PDR-Attapeu,Zhangfeng,0
Lao PDR-Attapeu,Zhangfeng,0
Lao PDR-Sekong,Zhangfeng,0
Lao PDR-Champasak,Zhangfeng,0
Lao PDR-Houaphan,Zhangfeng,0
Lao PDR-Houaphan,Zhangfeng,0
Lao PDR-Houaphan,Zhangfeng,0
Lao PDR-Khammouan,Zhangfeng,0
Lao PDR-Louang Namtha,Zhangfeng,0
Lao PDR-Louang Namtha,Zhangfeng,0
Lao PDR-Louang Namtha,Zhangfeng,0
Lao PDR-Louang Namtha,Zhangfeng,0
Lao PDR-Louang Prabang,Zhangfeng,0
Lao PDR-Louang Prabang,Zhangfeng,0
Lao PDR-Oudomxay,Zhangfeng,0
Lao PDR-Oudomxay,Zhangfeng,0
Lao PDR-Oudomxay,Zhangfeng,0
Lao PDR-Oudomxay,Zhangfeng,0
Lao PDR-Saiyabouly,Zhangfeng,0
Lao PDR-Saravan,Zhangfeng,0
Lao PDR-Saravan,Zhangfeng,0
Lao PDR-Savannakhet,Zhangfeng,0
Lao PDR-Savannakhet,Zhangfeng,0
Lao PDR-Savannakhet,Zhangfeng,0
Lao PDR-Savannakhet,Zhangfeng,0
Lao PDR-Savannakhet,Zhangfeng,0
Lao PDR-Savannakhet,Zhangfeng,0
Lao PDR-Sekong,Zhangfeng,0
Lao PDR-Sekong,Zhangfeng,0
Lao PDR-Xiengkhouang,Zhangfeng,0
