Nigeria-SEZ (ABIA),A.B. KNIGHT (INTERNATIONAL),1
"Nigeria-Edo,Esan West L.G.A, Ekpoma",A.C Drugs Ltd,1
"Nigeria-Edo, Oredo Lga, Benin City",Acino Aesch,1
Nigeria-North-West,"Adams Pharmaceutical Co Ltd Xuang Economic and tech Development Zone, China",1
Nigeria-North-West,Ajanta,1
Nigeria-Kwara,Ajanta,1
Nigeria-NEZ Bauchi State,Ajanta,1
Nigeria-(SEZ) ABIA,Ajanta,1
Nigeria-(SEZ) ABIA,Ajanta,1
Nigeria-NEZ Bauchi State,Artepharm Co. Ltd,1
Nigeria-NEZ Bauchi State,Asaq Winthrop Maphor,1
Nigeria-NEZ Bauchi State,Asaq Winthrop Maphor,1
Nigeria-North-West,Award Global Pharma Ltd,1
Nigeria-(SEZ) ABIA,BIOPHARMA LTD.,1
Nigeria-NEZ Bauchi State,Bliss Gvis Pharma Ltd,1
Nigeria-NEZ Bauchi State,Bliss Gvis Pharma Ltd,1
Nigeria-(SEZ) ABIA,Cipla Ltd.,1
Nigeria-(SEZ) ABIA,Cipla Ltd.,1
Nigeria-(SEZ) ABIA,ECOMED PHARMA LTD,1
Nigeria-(SEZ) ABIA,Emzor Pharmaceutical Ind. Ltd,1
Nigeria-NEZ Bauchi State,Emzor Pharmaceutical Ind. Ltd,1
Nigeria-NEZ Bauchi State,Globela Pharm Pvt Ltd,1
Nigeria-NEZ Bauchi State,Globela Pharm Pvt Ltd,1
Nigeria-(SEZ) ABIA,Hovid BHD,1
Nigeria-NEZ Bauchi State,Hovid BHD,1
Nigeria-(SEZ) ABIA,IPCA Laboratories Ltd.,1
Nigeria-NEZ Bauchi State,IPCA Laboratories Ltd.,1
Nigeria-NEZ Bauchi State,IPCA Laboratories Ltd.,1
Nigeria-SEZ (ABIA),IPCA Laboratories Ltd.,1
Nigeria-(SEZ) ABIA,JIANGSU RUINIAN QIANJIN PHARMACEUTICAL CO. LTD,1
Nigeria-(SEZ) ABIA,JIANGSU RUINIAN QIANJIN PHARMACEUTICAL CO. LTD,1
Nigeria-NEZ Bauchi State,Macleods,1
Nigeria-NEZ Bauchi State,Macleods,1
Nigeria-(SEZ) ABIA,Maphar,1
Nigeria-Kwara,Maphar,1
Nigeria-Kwara,Maphar,1
Nigeria-SEZ (ABIA),Maphar,1
Nigeria-SEZ (ABIA),Maphar,1
Nigeria-SEZ (ABIA),Maphar,1
Nigeria-NEZ Bauchi State,Maxheal,1
Nigeria-(SEZ) ABIA,MAY & BAKER NIGERA PLC,1
Nigeria-Kwara,MAY & BAKER NIGERA PLC,1
Nigeria-(SEZ) ABIA,Medreich Ltd.,1
Nigeria-(SEZ) ABIA,Mekophar Chemical Pharmaceutical Joint-Stock Co.,1
Nigeria-(SEZ) ABIA,Microlabs,1
Nigeria-NEZ Bauchi State,Microlabs,1
Nigeria-Kwara,Novartis,1
Nigeria-(SEZ) ABIA,Novartis,1
Nigeria-NEZ Bauchi State,Nuel Pharmaceutical Ltd,1
Nigeria-NEZ Bauchi State,Nuel Pharmaceutical Ltd,1
Nigeria-NEZ Bauchi State,Nuel Pharmaceutical Ltd,1
Nigeria-(SEZ) ABIA,Olive Health Care,1
Nigeria-(SEZ) ABIA,Olive Health Care,1
Nigeria-NEZ Bauchi State,Pal Pharmaceutical Ind. Ltd,1
Nigeria-NEZ Bauchi State,Pal Pharmaceutical Ind. Ltd,1
Nigeria-NEZ Bauchi State,Pal Pharmaceuticalind .Ltd,1
Nigeria-NEZ Bauchi State,Pauco Pharmaceutical Industries Nigeria Ltd,1
Nigeria-NEZ Bauchi State,Pauco Pharmaceutical Industries Nigeria Ltd,1
Nigeria-NEZ Bauchi State,Pfizer,1
Nigeria-NEZ Bauchi State,Ranbaxy,1
Nigeria-NEZ Bauchi State,SaA Pharmaceutical Products Ltd,1
Nigeria-(SEZ) ABIA,SHALINA LABORATORIES PVT LTD,1
Nigeria-NEZ Bauchi State,Strides Arcolab Ltd,1
Nigeria-(SEZ) ABIA,Strides Arcolab Ltd,1
Nigeria-North-West,Unicare Pharmaceutical Ltd,1
Nigeria-(SEZ) ABIA,Acino Aesch,0
"Nigeria-Edo, Egor Benin City",Acino Aesch,0
"Nigeria-Edo, Egor Benin City",Acino Aesch,0
"Nigeria-Edo,Oredo L.G.A, Ekpoma",Acino Aesch,0
Nigeria-Kwara,Acino Aesch,0
Nigeria-North-West,Acino Aesch,0
Nigeria-North-West,Acino Aesch,0
Nigeria-NEZ Bauchi State,Acino Aesch,0
Nigeria-NEZ Bauchi State,Acino Aesch,0
Nigeria-(SEZ) ABIA,Adams Pharmaceutical (Anhui) Co. Ltd,0
"Nigeria-Edo, Oredo Lga, Benin City",Adams Pharmaceutical (Anhui) Co. Ltd,0
"Nigeria-Edo, Oredo Lga, Benin City",Adams Pharmaceutical (Anhui) Co. Ltd,0
"Nigeria-Edo, Oredo Lga, Benin City",Adams Pharmaceutical (Anhui) Co. Ltd,0
"Nigeria-Edo, Oredo Lga, Benin City",Adams Pharmaceutical (Anhui) Co. Ltd,0
"Nigeria-Edo, Oredo Lga, Benin City",Adams Pharmaceutical (Anhui) Co. Ltd,0
"Nigeria-Edo, Oredo Lga, Benin City",Adams Pharmaceutical (Anhui) Co. Ltd,0
"Nigeria-Edo, Oredo Lga, Benin City",Adams Pharmaceutical (Anhui) Co. Ltd,0
"Nigeria-Edo, Oredo Lga, Benin City",Adams Pharmaceutical (Anhui) Co. Ltd,0
"Nigeria-Edo, Oredo Lga, Benin City",Adams Pharmaceutical (Anhui) Co. Ltd,0
"Nigeria-Edo, Oredo Lga, Benin City",Adams Pharmaceutical (Anhui) Co. Ltd,0
"Nigeria-Edo, Oredo Lga, Benin City",Adams Pharmaceutical (Anhui) Co. Ltd,0
"Nigeria-Edo,Egor L.G.A, Benin City",Adams Pharmaceutical (Anhui) Co. Ltd,0
"Nigeria-Edo,Esan West L.G.A, Ekpoma",Adams Pharmaceutical (Anhui) Co. Ltd,0
"Nigeria-Egor Lga, Benin City",Adams Pharmaceutical (Anhui) Co. Ltd,0
"Nigeria-Esako West, Auchi",Adams Pharmaceutical (Anhui) Co. Ltd,0
"Nigeria-Esan West Lga, Ekpoma",Adams Pharmaceutical (Anhui) Co. Ltd,0
"Nigeria-Esan West Lga, Ekpoma",Adams Pharmaceutical (Anhui) Co. Ltd,0
"Nigeria-Etsako West, Auchi",Adams Pharmaceutical (Anhui) Co. Ltd,0
Nigeria-Kwara,Adams Pharmaceutical (Anhui) Co. Ltd,0
Nigeria-Kwara,Adams Pharmaceutical (Anhui) Co. Ltd,0
Nigeria-Kwara,Adams Pharmaceutical (Anhui) Co. Ltd,0
Nigeria-Kwara,Adams Pharmaceutical (Anhui) Co. Ltd,0
Nigeria-Kwara,Adams Pharmaceutical (Anhui) Co. Ltd,0
Nigeria-Kwara,Adams Pharmaceutical (Anhui) Co. Ltd,0
Nigeria-Kwara,Adams Pharmaceutical (Anhui) Co. Ltd,0
Nigeria-Kwara,Adams Pharmaceutical (Anhui) Co. Ltd,0
Nigeria-Kwara,Adams Pharmaceutical (Anhui) Co. Ltd,0
Nigeria-(SWZ) OGUN,Adams Pharmaceutical (Anhui) Co. Ltd,0
Nigeria-(SWZ) OGUN,Adams Pharmaceutical (Anhui) Co. Ltd,0
Nigeria-(SWZ) OGUN,Adams Pharmaceutical (Anhui) Co. Ltd,0
Nigeria-(SWZ) OGUN,Adams Pharmaceutical (Anhui) Co. Ltd,0
Nigeria-(SWZ) OGUN,Adams Pharmaceutical (Anhui) Co. Ltd,0
Nigeria-(SWZ) OGUN,Adams Pharmaceutical (Anhui) Co. Ltd,0
Nigeria-(SWZ) OGUN,Adams Pharmaceutical (Anhui) Co. Ltd,0
Nigeria-(SWZ) OGUN,Adams Pharmaceutical (Anhui) Co. Ltd,0
Nigeria-(SWZ) OGUN,Adams Pharmaceutical (Anhui) Co. Ltd,0
Nigeria-(SWZ) OGUN,Adams Pharmaceutical (Anhui) Co. Ltd,0
Nigeria-(SWZ) OGUN,Adams Pharmaceutical (Anhui) Co. Ltd,0
Nigeria-(SWZ) OGUN,Adams Pharmaceutical (Anhui) Co. Ltd,0
Nigeria-(SWZ) OGUN,Adams Pharmaceutical (Anhui) Co. Ltd,0
Nigeria-(SWZ) OGUN,Adams Pharmaceutical (Anhui) Co. Ltd,0
Nigeria-(SWZ) OGUN,Adams Pharmaceutical (Anhui) Co. Ltd,0
Nigeria-(SWZ) OGUN,Adams Pharmaceutical (Anhui) Co. Ltd,0
Nigeria-(SWZ) OGUN,Adams Pharmaceutical (Anhui) Co. Ltd,0
Nigeria-(SWZ) OGUN,Adams Pharmaceutical (Anhui) Co. Ltd,0
Nigeria-(SWZ) OGUN,Adams Pharmaceutical (Anhui) Co. Ltd,0
Nigeria-(SWZ) OGUN,Adams Pharmaceutical (Anhui) Co. Ltd,0
Nigeria-(SWZ) OGUN,Adams Pharmaceutical (Anhui) Co. Ltd,0
Nigeria-(SWZ) OGUN,Adams Pharmaceutical (Anhui) Co. Ltd,0
Nigeria-(SWZ) OGUN,Adams Pharmaceutical (Anhui) Co. Ltd,0
Nigeria-(SWZ) OGUN,Adams Pharmaceutical (Anhui) Co. Ltd,0
Nigeria-(SWZ) OGUN,Adams Pharmaceutical (Anhui) Co. Ltd,0
Nigeria-(SWZ) OGUN,Adams Pharmaceutical (Anhui) Co. Ltd,0
Nigeria-(SWZ) OGUN,Adams Pharmaceutical (Anhui) Co. Ltd,0
Nigeria-(SWZ) OGUN,Adams Pharmaceutical (Anhui) Co. Ltd,0
Nigeria-(SWZ) OGUN,Adams Pharmaceutical (Anhui) Co. Ltd,0
Nigeria-(SWZ) OGUN,Adams Pharmaceutical (Anhui) Co. Ltd,0
Nigeria-(SEZ) ABIA,Adams Pharmaceutical (Anhui) Co. Ltd,0
Nigeria-(SEZ) ABIA,Adams Pharmaceutical (Anhui) Co. Ltd,0
Nigeria-(SEZ) ABIA,Adams Pharmaceutical (Anhui) Co. Ltd,0
Nigeria-(SEZ) ABIA,Adams Pharmaceutical (Anhui) Co. Ltd,0
Nigeria-North-West,"Adams Pharmaceutical Co Ltd Xuang Economic and tech Development Zone, China",0
Nigeria-North-West,"Adams Pharmaceutical Co Ltd Xuang Economic and tech Development Zone, China",0
Nigeria-North-West,"Adams Pharmaceutical Co Ltd Xuang Economic and tech Development Zone, China",0
Nigeria-Kwara,Advacare Pharma,0
Nigeria-(SEZ) ABIA,AFRAB-CHEM LTD.,0
Nigeria-(SEZ) ABIA,AFRAB-CHEM LTD.,0
Nigeria-Kwara,Ajanta,0
Nigeria-Kwara,Ajanta,0
Nigeria-Kwara,Ajanta,0
Nigeria-North-West,Ajanta,0
Nigeria-North-West,Ajanta,0
Nigeria-North-West,Ajanta,0
Nigeria-North-West,Ajanta,0
Nigeria-North-West,Ajanta,0
Nigeria-North-West,Ajanta,0
Nigeria-North-West,Ajanta,0
Nigeria-North-West,Ajanta,0
Nigeria-North-West,Ajanta,0
Nigeria-North-West,Ajanta,0
Nigeria-North-West,Ajanta,0
Nigeria-North-West,Ajanta,0
Nigeria-North-West,Ajanta,0
Nigeria-North-West,Ajanta,0
Nigeria-North-West,Ajanta,0
Nigeria-North-West,Ajanta,0
Nigeria-North-West,Ajanta,0
Nigeria-North-West,Ajanta,0
Nigeria-North-West,Ajanta,0
Nigeria-North-West,Ajanta,0
Nigeria-North-West,Ajanta,0
Nigeria-Kwara,Ajanta,0
Nigeria-Kwara,Ajanta,0
Nigeria-Kwara,Ajanta,0
Nigeria-Kwara,Ajanta,0
Nigeria-Kwara,Ajanta,0
Nigeria-Kwara,Ajanta,0
Nigeria-Kwara,Ajanta,0
Nigeria-Kwara,Ajanta,0
Nigeria-Kwara,Ajanta,0
Nigeria-Kwara,Ajanta,0
Nigeria-Kwara,Ajanta,0
Nigeria-Kwara,Ajanta,0
Nigeria-NEZ Bauchi State,Ajanta,0
Nigeria-NEZ Bauchi State,Ajanta,0
Nigeria-NEZ Bauchi State,Ajanta,0
Nigeria-NEZ Bauchi State,Ajanta,0
Nigeria-NEZ Bauchi State,Ajanta,0
Nigeria-NEZ Bauchi State,Ajanta,0
Nigeria-NEZ Bauchi State,Ajanta,0
Nigeria-NEZ Bauchi State,Ajanta,0
Nigeria-NEZ Bauchi State,Ajanta,0
Nigeria-NEZ Bauchi State,Ajanta,0
Nigeria-NEZ Bauchi State,Ajanta,0
Nigeria-(SWZ) OGUN,Ajanta,0
Nigeria-(SWZ) OGUN,Ajanta,0
Nigeria-(SWZ) OGUN,Ajanta,0
Nigeria-(SWZ) OGUN,Ajanta,0
Nigeria-(SWZ) OGUN,Ajanta,0
Nigeria-(SWZ) OGUN,Ajanta,0
Nigeria-(SWZ) OGUN,Ajanta,0
Nigeria-(SWZ) OGUN,Ajanta,0
Nigeria-(SWZ) OGUN,Ajanta,0
"Nigeria-Akoko-Edo, Igarra",Ajanta,0
"Nigeria-Edo, Oredo Lga, Benin City",Ajanta,0
"Nigeria-Edo,Egor L.G.A, Benin City",Ajanta,0
"Nigeria-Edo,Esan West L.G.A, Ekpoma",Ajanta,0
"Nigeria-Edo,Esan West L.G.A, Ekpoma",Ajanta,0
"Nigeria-Edo,Ikpoba Okha L.G.A, Benin City",Ajanta,0
"Nigeria-Edo,Ikpoba Okha L.G.A, Benin City",Ajanta,0
"Nigeria-Edo,Ikpoba Okha L.G.A, Benin City",Ajanta,0
"Nigeria-Edo,Ikpoba Okha L.G.A, Benin City",Ajanta,0
"Nigeria-Esan West Lga, Ekpoma",Ajanta,0
Nigeria-NEZ Bauchi State,Ajanta,0
Nigeria-NEZ Bauchi State,Ajanta,0
Nigeria-NEZ Bauchi State,Ajanta,0
Nigeria-NEZ Bauchi State,Ajanta,0
Nigeria-NEZ Bauchi State,Ajanta,0
Nigeria-NEZ Bauchi State,Ajanta,0
Nigeria-NEZ Bauchi State,Ajanta,0
Nigeria-NEZ Bauchi State,Ajanta,0
Nigeria-NEZ Bauchi State,Ajanta,0
Nigeria-NEZ Bauchi State,Ajanta,0
Nigeria-NEZ Bauchi State,Ajanta,0
Nigeria-NEZ Bauchi State,Ajanta,0
Nigeria-(SEZ) ABIA,Ajanta,0
Nigeria-(SEZ) ABIA,Ajanta,0
Nigeria-(SEZ) ABIA,Ajanta,0
Nigeria-NEZ Bauchi State,Akums Trust & Pharmaceutical Ltd,0
Nigeria-Kwara,Ally Pharma Options,0
Nigeria-NEZ Bauchi State,Ally Pharma Options,0
Nigeria-(SEZ) ABIA,Alpha Laboratories Ltd,0
Nigeria-(SWZ) OGUN,Alpha Laboratories Ltd,0
Nigeria-(SWZ) OGUN,Alpha Laboratories Ltd,0
Nigeria-(SWZ) OGUN,Alpha Laboratories Ltd,0
Nigeria-(SWZ) OGUN,Alpha Laboratories Ltd,0
Nigeria-(SWZ) OGUN,Alpha Laboratories Ltd,0
Nigeria-(SWZ) OGUN,Alpha Laboratories Ltd,0
"Nigeria-Edo, Oredo Lga, Benin City",Alpha Laboratories Ltd,0
"Nigeria-Edo, Ovia North East Benin City",Alpha Laboratories Ltd,0
"Nigeria-Edo,Egor L.G.A, Benin City",Alpha Laboratories Ltd,0
"Nigeria-Edo,Esan North East L.G.A,Uromi",Alpha Laboratories Ltd,0
"Nigeria-Edo,Esan West L.G.A, Ekpoma",Alpha Laboratories Ltd,0
Nigeria-Esan North East Uromi,Alpha Laboratories Ltd,0
Nigeria-NEZ Bauchi State,Alpha Laboratories Ltd,0
Nigeria-NEZ Bauchi State,Alpha Laboratories Ltd,0
Nigeria-NEZ Bauchi State,Alpha Laboratories Ltd,0
Nigeria-NEZ Bauchi State,Alpha Laboratories Ltd,0
Nigeria-NEZ Bauchi State,Alpha Laboratories Ltd,0
Nigeria-NEZ Bauchi State,Alpha Laboratories Ltd,0
Nigeria-NEZ Bauchi State,Alpha Laboratories Ltd,0
Nigeria-North-West,Alpha Laboratories Ltd,0
Nigeria-North-West,Alpha Laboratories Ltd,0
Nigeria-Kwara,Alpha Laboratories Ltd,0
Nigeria-Kwara,Alpha Laboratories Ltd,0
Nigeria-Kwara,Alpha Laboratories Ltd,0
Nigeria-Kwara,Alpha Laboratories Ltd,0
Nigeria-Kwara,Anhui Nhu Pharmaceutical Co. Ltd,0
Nigeria-North-West,Artepharm Co. Ltd,0
"Nigeria-Edo, Oredo Lga, Benin City",Artepharm Co. Ltd,0
Nigeria-Kwara,Artepharm Co. Ltd,0
Nigeria-(SEZ) ABIA,Artepharm Co. Ltd,0
Nigeria-NEZ Bauchi State,Asaq Winthrop Maphor,0
Nigeria-NEZ Bauchi State,Asaq Winthrop Maphor,0
Nigeria-NEZ Bauchi State,Asaq Winthrop Maphor,0
Nigeria-NEZ Bauchi State,Asaq Winthrop Maphor,0
Nigeria-NEZ Bauchi State,Asaq Winthrop Maphor,0
Nigeria-North-West,Asaq Winthrop Maphor,0
Nigeria-North-West,Asaq Winthrop Maphor,0
Nigeria-North-West,Asaq Winthrop Maphor,0
Nigeria-Kwara,Atoz Pharmaceutical Pvt. Ltd,0
Nigeria-(SEZ) ABIA,AUROCHEM LABORATORIES PVT LTD,0
Nigeria-Kwara,AUROCHEM LABORATORIES PVT LTD,0
Nigeria-Ikpoba Okhae Benin-City,AUROCHEM LABORATORIES PVT LTD,0
"Nigeria-Edo,Egor L.G.A, Benin City",Award Global Pharma Ltd,0
Nigeria-(SWZ) OGUN,Award Global Pharma Ltd,0
Nigeria-Kwara,Award Global Pharma Ltd,0
Nigeria-North-West,Award Global Pharma Ltd,0
Nigeria-(SEZ) ABIA,Baroque Pharmaceuticals Pvt. Ltd,0
Nigeria-(SEZ) ABIA,Baroque Pharmaceuticals Pvt. Ltd,0
Nigeria-(SEZ) ABIA,Baroque Pharmaceuticals Pvt. Ltd,0
Nigeria-North-West,Baroque Pharmaceuticals Pvt. Ltd,0
Nigeria-Esan North East Uromi,Baroque Pharmaceuticals Pvt. Ltd,0
Nigeria-(SWZ) OGUN,Bharat Parenterals Ltd,0
Nigeria-(SWZ) OGUN,Bharat Parenterals Ltd,0
"Nigeria-Edo, Oredo Lga, Benin City",Bharat Parenterals Ltd,0
"Nigeria-Edo,Esan North East L.G.A,Uromi",Bharat Parenterals Ltd,0
Nigeria-Kwara,Bharat Parenterals Ltd,0
Nigeria-Kwara,Bharat Parenterals Ltd,0
Nigeria-Kwara,Bharat Parenterals Ltd,0
Nigeria-Kwara,Bharat Parenterals Ltd,0
Nigeria-Kwara,Bharat Parenterals Ltd,0
Nigeria-Kwara,Bharat Parenterals Ltd,0
Nigeria-(SEZ) ABIA,BIOPHARMA LTD.,0
Nigeria-NEZ Bauchi State,Bliss Gvis Pharma Ltd,0
Nigeria-(SEZ) ABIA,Bliss Gvis Pharma Ltd,0
Nigeria-(SEZ) ABIA,Bliss Gvis Pharma Ltd,0
Nigeria-(SEZ) ABIA,Bliss Gvis Pharma Ltd,0
Nigeria-(SEZ) ABIA,Bliss Gvis Pharma Ltd,0
Nigeria-(SEZ) ABIA,Bliss Gvis Pharma Ltd,0
Nigeria-(SEZ) ABIA,Bliss Gvis Pharma Ltd,0
Nigeria-(SEZ) ABIA,Bliss Gvis Pharma Ltd,0
"Nigeria-Edo, Oredo Lga, Benin City",Bliss Gvis Pharma Ltd,0
Nigeria-(SWZ) OGUN,Bliss Gvis Pharma Ltd,0
Nigeria-(SWZ) OGUN,Bliss Gvis Pharma Ltd,0
Nigeria-(SWZ) OGUN,Bliss Gvis Pharma Ltd,0
Nigeria-(SWZ) OGUN,Bliss Gvis Pharma Ltd,0
Nigeria-(SWZ) OGUN,Bliss Gvis Pharma Ltd,0
Nigeria-(SWZ) OGUN,Bliss Gvis Pharma Ltd,0
Nigeria-(SWZ) OGUN,Bliss Gvis Pharma Ltd,0
Nigeria-(SWZ) OGUN,Bliss Gvis Pharma Ltd,0
Nigeria-(SWZ) OGUN,Bliss Gvis Pharma Ltd,0
Nigeria-(SWZ) OGUN,Bliss Gvis Pharma Ltd,0
"Nigeria-Akoko-Edo, Igarra",Bliss Gvis Pharma Ltd,0
"Nigeria-Esan Central, Irrua",Bliss Gvis Pharma Ltd,0
Nigeria-Esan North East Uromi,Bliss Gvis Pharma Ltd,0
Nigeria-Kwara,Bliss Gvis Pharma Ltd,0
Nigeria-Kwara,Bliss Gvis Pharma Ltd,0
Nigeria-Kwara,Bliss Gvis Pharma Ltd,0
Nigeria-Kwara,Bliss Gvis Pharma Ltd,0
Nigeria-Kwara,Bliss Gvis Pharma Ltd,0
Nigeria-NEZ Bauchi State,Bliss Gvis Pharma Ltd,0
Nigeria-NEZ Bauchi State,Bliss Gvis Pharma Ltd,0
Nigeria-NEZ Bauchi State,Bliss Gvis Pharma Ltd,0
Nigeria-NEZ Bauchi State,Bliss Gvis Pharma Ltd,0
Nigeria-NEZ Bauchi State,Bliss Gvis Pharma Ltd,0
Nigeria-NEZ Bauchi State,Bliss Gvis Pharma Ltd,0
Nigeria-NEZ Bauchi State,Bliss Gvis Pharma Ltd,0
Nigeria-NEZ Bauchi State,Bliss Gvis Pharma Ltd,0
Nigeria-NEZ Bauchi State,Bliss Gvis Pharma Ltd,0
Nigeria-NEZ Bauchi State,Bliss Gvis Pharma Ltd,0
Nigeria-NEZ Bauchi State,Bliss Gvis Pharma Ltd,0
Nigeria-North-West,Bliss Gvis Pharma Ltd,0
Nigeria-North-West,Bliss Gvis Pharma Ltd,0
Nigeria-North-West,Bliss Gvis Pharma Ltd,0
Nigeria-North-West,Bliss Gvis Pharma Ltd,0
Nigeria-North-West,Bliss Gvis Pharma Ltd,0
Nigeria-North-West,Bliss Gvis Pharma Ltd,0
Nigeria-North-West,Bliss Gvis Pharma Ltd,0
Nigeria-Kwara,Brussels Laboratories Pvt Ltd,0
Nigeria-North-West,Brussels Laboratories Pvt Ltd,0
Nigeria-(SEZ) ABIA,BRUSSELS LABORATORIES PVT. LIMITED,0
"Nigeria-Edo, Oredo Lga, Benin City",Buss Gvs Pharma Ltd,0
Nigeria-(SWZ) OGUN,Centurion Laboratories,0
Nigeria-(SWZ) OGUN,Centurion Laboratories,0
Nigeria-(SWZ) OGUN,Centurion Laboratories,0
Nigeria-(SWZ) OGUN,Centurion Laboratories,0
Nigeria-(SWZ) OGUN,Centurion Laboratories,0
Nigeria-(SWZ) OGUN,Centurion Laboratories,0
Nigeria-(SWZ) OGUN,Centurion Laboratories,0
Nigeria-(SWZ) OGUN,Centurion Laboratories,0
Nigeria-NEZ Bauchi State,Centurion Laboratories,0
Nigeria-NEZ Bauchi State,Centurion Laboratories,0
Nigeria-Kwara,Centurion Laboratories,0
Nigeria-Kwara,Centurion Laboratories,0
"Nigeria-Edo, Egor Benin City",Centurion Laboratories,0
"Nigeria-Edo, Oredo Lga, Benin City",Centurion Laboratories,0
Nigeria-(SEZ) ABIA,Cipla Ltd.,0
Nigeria-(SEZ) ABIA,Cipla Ltd.,0
Nigeria-(SEZ) ABIA,Cipla Ltd.,0
Nigeria-(SWZ) OGUN,Cipla Ltd.,0
Nigeria-(SWZ) OGUN,Cipla Ltd.,0
Nigeria-(SWZ) OGUN,Cipla Ltd.,0
Nigeria-(SWZ) OGUN,Cipla Ltd.,0
Nigeria-(SWZ) OGUN,Cipla Ltd.,0
Nigeria-(SWZ) OGUN,Cipla Ltd.,0
Nigeria-(SWZ) OGUN,Cipla Ltd.,0
"Nigeria-Edo, Oredo Lga, Benin City",Cipla Ltd.,0
"Nigeria-Edo, Oredo Lga, Benin City",Cipla Ltd.,0
"Nigeria-Edo,Esan North East L.G.A,Uromi",Cipla Ltd.,0
Nigeria-Esan North East Uromi,Cipla Ltd.,0
Nigeria-Esan North West Uromi,Cipla Ltd.,0
"Nigeria-Esan West Lga, Ekpoma",Cipla Ltd.,0
"Nigeria-Etsako West, Auchi",Cipla Ltd.,0
Nigeria-Ikpoba Okhae Benin-City,Cipla Ltd.,0
Nigeria-Kwara,Cipla Ltd.,0
Nigeria-NEZ Bauchi State,Cipla Ltd.,0
Nigeria-NEZ Bauchi State,Cipla Ltd.,0
Nigeria-NEZ Bauchi State,Cipla Ltd.,0
Nigeria-Kwara,Cipla Ltd.,0
Nigeria-Kwara,Cipla Ltd.,0
Nigeria-Kwara,Cipla Ltd.,0
Nigeria-SEZ (ABIA),DANIEL PHARMACEUTICALS,0
Nigeria-(SWZ) OGUN,DRUGFIELD PHARM LTD,0
"Nigeria-Edo, Oredo Lga, Benin City",Dupen Laboratories Pvt-Ltd,0
"Nigeria-Egor Lga, Benin City",Dupen Laboratories Pvt-Ltd,0
Nigeria-Ikpoba Okhae Benin-City,Dupen Laboratories Pvt-Ltd,0
Nigeria-(SEZ) ABIA,ECOMED PHARMA LTD,0
Nigeria-(SWZ) OGUN,ECOMED PHARMA LTD,0
Nigeria-(SWZ) OGUN,ECOMED PHARMA LTD,0
Nigeria-(SWZ) OGUN,ECOMED PHARMA LTD,0
Nigeria-SEZ (ABIA),EDEN PHARM,0
Nigeria-(SEZ) ABIA,Emzor Pharmaceutical Ind. Ltd,0
Nigeria-(SWZ) OGUN,Emzor Pharmaceutical Ind. Ltd,0
Nigeria-(SWZ) OGUN,Emzor Pharmaceutical Ind. Ltd,0
Nigeria-(SWZ) OGUN,Emzor Pharmaceutical Ind. Ltd,0
"Nigeria-Edo, Oredo Lga, Benin City",Emzor Pharmaceutical Ind. Ltd,0
"Nigeria-Edo, Oredo Lga, Benin City",Emzor Pharmaceutical Ind. Ltd,0
"Nigeria-Edo,Esan West L.G.A, Ekpoma",Emzor Pharmaceutical Ind. Ltd,0
"Nigeria-Edo,Etsako West L.G.A, Auchi",Emzor Pharmaceutical Ind. Ltd,0
Nigeria-Esan North East Uromi,Emzor Pharmaceutical Ind. Ltd,0
"Nigeria-Esan West Lga, Ekpoma",Emzor Pharmaceutical Ind. Ltd,0
Nigeria-Kwara,Emzor Pharmaceutical Ind. Ltd,0
Nigeria-NEZ Bauchi State,Emzor Pharmaceutical Ind. Ltd,0
Nigeria-NEZ Bauchi State,Emzor Pharmaceutical Ind. Ltd,0
Nigeria-(SWZ) OGUN,Exus Pharmaceutical (Nig) Ltd,0
Nigeria-(SWZ) OGUN,Exus Pharmaceutical (Nig) Ltd,0
Nigeria-Edo Ovia North East Benin City,Exus Pharmaceutical (Nig) Ltd,0
"Nigeria-Edo, Oredo Lga, Benin City",Exus Pharmaceutical (Nig) Ltd,0
Nigeria-North-West,Fabrincant Manufacture Maphor,0
Nigeria-North-West,Fabrincant Manufacture Maphor,0
Nigeria-North-West,Fabrique par Ajanta Pharma Ltd,0
Nigeria-North-West,Fabrique Par Novartis Saglila,0
"Nigeria-Edo,Ikpoba Okha L.G.A, Benin City",Feccox Pharma Ltd,0
"Nigeria-Etsako West, Auchi",Fidson Healthcare Plc,0
Nigeria-(SEZ) ABIA,Fredun,0
Nigeria-(SEZ) ABIA,Fredun,0
Nigeria-Kwara,Fredun,0
Nigeria-North-West,Fredun,0
Nigeria-North-West,Fredun,0
Nigeria-North-West,Geneith Pharm Ltd Nigeria/ Jiangsu Reinan Qianji Pharm Ltd,0
Nigeria-Kwara,Globela Pharm Pvt Ltd,0
Nigeria-Kwara,Globela Pharm Pvt Ltd,0
Nigeria-Kwara,Globela Pharm Pvt Ltd,0
Nigeria-North-West,Globela Pharm Pvt Ltd,0
Nigeria-North-West,Globela Pharm Pvt Ltd,0
Nigeria-North-West,Globela Pharm Pvt Ltd,0
Nigeria-(SEZ) ABIA,Globela Pharm Pvt Ltd,0
Nigeria-(SEZ) ABIA,Globela Pharm Pvt Ltd,0
Nigeria-(SEZ) ABIA,Globela Pharm Pvt Ltd,0
Nigeria-(SEZ) ABIA,Gracure,0
Nigeria-(SWZ) OGUN,Gracure,0
Nigeria-NEZ Bauchi State,Green Energy,0
Nigeria-(SEZ) ABIA,GREENFIELD  PHARMACEUTICAL( JIANGSU) CO. LTD. ,0
Nigeria-(SEZ) ABIA,GREENFIELD  PHARMACEUTICAL( JIANGSU) CO. LTD. ,0
Nigeria-(SEZ) ABIA,Guilin Pharmaceuticals,0
"Nigeria-Edo, Oredo Lga, Benin City",Gujarat Liqui Pharmacaps Pvt Ltd,0
Nigeria-NEZ Bauchi State,Guilin Pharmaceuticals,0
Nigeria-(SEZ) ABIA,Hovid BHD,0
"Nigeria-Edo Esan Central, Irrua",Hovid BHD,0
Nigeria-Kwara,Hovid BHD,0
Nigeria-Kwara,Hovid BHD,0
Nigeria-NEZ Bauchi State,Innova Cap Tab,0
Nigeria-(SEZ) ABIA,INNOVA CAPTAP,0
Nigeria-(SEZ) ABIA,INNOVA CAPTAP,0
Nigeria-NEZ Bauchi State,IPCA Laboratories Ltd.,0
Nigeria-NEZ Bauchi State,IPCA Laboratories Ltd.,0
Nigeria-NEZ Bauchi State,IPCA Laboratories Ltd.,0
Nigeria-NEZ Bauchi State,IPCA Laboratories Ltd.,0
Nigeria-NEZ Bauchi State,IPCA Laboratories Ltd.,0
Nigeria-NEZ Bauchi State,IPCA Laboratories Ltd.,0
Nigeria-NEZ Bauchi State,IPCA Laboratories Ltd.,0
Nigeria-Kwara,IPCA Laboratories Ltd.,0
Nigeria-North-West,IPCA Laboratories Ltd.,0
Nigeria-North-West,IPCA Laboratories Ltd.,0
Nigeria-North-West,IPCA Laboratories Ltd.,0
Nigeria-North-West,IPCA Laboratories Ltd.,0
Nigeria-North-West,IPCA Laboratories Ltd.,0
Nigeria-North-West,IPCA Laboratories Ltd.,0
Nigeria-North-West,IPCA Laboratories Ltd.,0
Nigeria-(SEZ) ABIA,IPCA Laboratories Ltd.,0
Nigeria-(SEZ) ABIA,IPCA Laboratories Ltd.,0
Nigeria-(SEZ) ABIA,IPCA Laboratories Ltd.,0
Nigeria-NEZ Bauchi State,IPCA Laboratories Ltd.,0
Nigeria-NEZ Bauchi State,IPCA Laboratories Ltd.,0
Nigeria-NEZ Bauchi State,IPCA Laboratories Ltd.,0
Nigeria-NEZ Bauchi State,IPCA Laboratories Ltd.,0
Nigeria-(SEZ) ABIA,IPCA Laboratories Ltd.,0
Nigeria-(SEZ) ABIA,IPCA Laboratories Ltd.,0
Nigeria-(SWZ) OGUN,IPCA Laboratories Ltd.,0
Nigeria-(SWZ) OGUN,IPCA Laboratories Ltd.,0
Nigeria-(SWZ) OGUN,IPCA Laboratories Ltd.,0
"Nigeria-Edo, Oredo Lga, Benin City",IPCA Laboratories Ltd.,0
"Nigeria-Edo, Oredo Lga, Benin City",IPCA Laboratories Ltd.,0
"Nigeria-Edo,Esan West L.G.A, Ekpoma",IPCA Laboratories Ltd.,0
"Nigeria-Edo,Esan West L.G.A, Ekpoma",IPCA Laboratories Ltd.,0
"Nigeria-Esan West Lga, Ekpoma",IPCA Laboratories Ltd.,0
Nigeria-Ikpoba Okhae Benin-City,IPCA Laboratories Ltd.,0
Nigeria-Ikpoba Okhae Benin-City,IPCA Laboratories Ltd.,0
Nigeria-Ikpoba Okhae Benin-City,IPCA Laboratories Ltd.,0
Nigeria-Kwara,IPCA Laboratories Ltd.,0
Nigeria-Kwara,IPCA Laboratories Ltd.,0
Nigeria-Kwara,IPCA Laboratories Ltd.,0
Nigeria-Kwara,IPCA Laboratories Ltd.,0
Nigeria-Kwara,IPCA Laboratories Ltd.,0
Nigeria-Kwara,IPCA Laboratories Ltd.,0
Nigeria-Kwara,IPCA Laboratories Ltd.,0
Nigeria-Kwara,IPCA Laboratories Ltd.,0
Nigeria-Kwara,IPCA Laboratories Ltd.,0
Nigeria-Kwara,IPCA Laboratories Ltd.,0
Nigeria-Kwara,IPCA Laboratories Ltd.,0
Nigeria-NEZ Bauchi State,IPCA Laboratories Ltd.,0
Nigeria-NEZ Bauchi State,IPCA Laboratories Ltd.,0
Nigeria-NEZ Bauchi State,IPCA Laboratories Ltd.,0
Nigeria-NEZ Bauchi State,IPCA Laboratories Ltd.,0
Nigeria-NEZ Bauchi State,IPCA Laboratories Ltd.,0
Nigeria-NEZ Bauchi State,IPCA Laboratories Ltd.,0
Nigeria-NEZ Bauchi State,IPCA Laboratories Ltd.,0
Nigeria-NEZ Bauchi State,IPCA Laboratories Ltd.,0
Nigeria-NEZ Bauchi State,IPCA Laboratories Ltd.,0
Nigeria-NEZ Bauchi State,IPCA Laboratories Ltd.,0
Nigeria-NEZ Bauchi State,IPCA Laboratories Ltd.,0
Nigeria-NEZ Bauchi State,IPCA Laboratories Ltd.,0
Nigeria-NEZ Bauchi State,IPCA Laboratories Ltd.,0
Nigeria-NEZ Bauchi State,IPCA Laboratories Ltd.,0
Nigeria-NEZ Bauchi State,IPCA Laboratories Ltd.,0
Nigeria-(SEZ) ABIA,IPCA Laboratories Ltd.,0
Nigeria-(SEZ) ABIA,IPCA Laboratories Ltd.,0
Nigeria-NEZ Bauchi State,IPCA Laboratories Ltd.,0
Nigeria-SEZ (ABIA),IPCA Laboratories Ltd.,0
Nigeria-SEZ (ABIA),IPCA Laboratories Ltd.,0
Nigeria-NEZ Bauchi State,IPCA Laboratories Ltd.,0
Nigeria-NEZ Bauchi State,IPCA Laboratories Ltd.,0
Nigeria-NEZ Bauchi State,IPCA Laboratories Ltd.,0
Nigeria-NEZ Bauchi State,IPCA Laboratories Ltd.,0
Nigeria-(SWZ) OGUN,IPCA Laboratories Ltd.,0
Nigeria-(SWZ) OGUN,IPCA Laboratories Ltd.,0
Nigeria-Kwara,Jawa International Limited,0
Nigeria-Kwara,JIANGSU RUINIAN QIANJIN PHARMACEUTICAL CO. LTD,0
Nigeria-North-West,JIANGSU RUINIAN QIANJIN PHARMACEUTICAL CO. LTD,0
Nigeria-North-West,JIANGSU RUINIAN QIANJIN PHARMACEUTICAL CO. LTD,0
Nigeria-North-West,JIANGSU RUINIAN QIANJIN PHARMACEUTICAL CO. LTD,0
Nigeria-(SEZ) ABIA,JIANGSU RUINIAN QIANJIN PHARMACEUTICAL CO. LTD,0
Nigeria-(SEZ) ABIA,JIANGSU RUINIAN QIANJIN PHARMACEUTICAL CO. LTD,0
Nigeria-(SWZ) OGUN,JIANGSU RUINIAN QIANJIN PHARMACEUTICAL CO. LTD,0
Nigeria-(SWZ) OGUN,JIANGSU RUINIAN QIANJIN PHARMACEUTICAL CO. LTD,0
Nigeria-(SWZ) OGUN,JIANGSU RUINIAN QIANJIN PHARMACEUTICAL CO. LTD,0
Nigeria-(SWZ) OGUN,JIANGSU RUINIAN QIANJIN PHARMACEUTICAL CO. LTD,0
Nigeria-Kwara,JIANGSU RUINIAN QIANJIN PHARMACEUTICAL CO. LTD,0
Nigeria-Kwara,JIANGSU RUINIAN QIANJIN PHARMACEUTICAL CO. LTD,0
Nigeria-Kwara,JIANGSU RUINIAN QIANJIN PHARMACEUTICAL CO. LTD,0
Nigeria-Kwara,JIANGSU RUINIAN QIANJIN PHARMACEUTICAL CO. LTD,0
Nigeria-NEZ Bauchi State,JIANGSU RUINIAN QIANJIN PHARMACEUTICAL CO. LTD,0
Nigeria-NEZ Bauchi State,JIANGSU RUINIAN QIANJIN PHARMACEUTICAL CO. LTD,0
Nigeria-NEZ Bauchi State,Jiangsu Ruinian Qianjin Pharmaceutical Co.Ltd,0
Nigeria-NEZ Bauchi State,Jiangsu Ruinian Qianjin Pharmaceutical Co.Ltd,0
"Nigeria-Akoko-Edo, Igarra",Jiangsu Ruinian Qianjin Pharmaceutical Co.Ltd,0
Nigeria-Ikpoba Okhae Benin-City,Jiangsu Ruinian Qianjin Pharmaceutical Co.Ltd,0
Nigeria-NEZ Bauchi State,Krishat Pharma Ind Ltd,0
Nigeria-NEZ Bauchi State,Krishat Pharma Ind Ltd,0
Nigeria-North-West,Krishat Pharma Ind Ltd,0
Nigeria-Ikpoba Okhae Benin-City,Krishat Pharma Ind. Ltd,0
Nigeria-NEZ Bauchi State,Kuka Consumer Healthcare Ltd,0
Nigeria-North-West,Kunimed Pharm. Ltd,0
Nigeria-(SEZ) ABIA,Kunimed Pharm. Ltd,0
"Nigeria-Esan West Lga, Ekpoma",Kunimed Pharm. Ltd,0
Nigeria-NEZ Bauchi State,Lab. Put Ltd,0
"Nigeria-Edo,Ikpoba Okha L.G.A, Benin City",Laborate,0
Nigeria-(SWZ) OGUN,Laborate,0
"Nigeria-Egor Lga, Benin City",Laborate,0
Nigeria-Kwara,Laborate,0
Nigeria-Kwara,Laborate,0
Nigeria-Kwara,Laborate,0
Nigeria-NEZ Bauchi State,Laborate,0
Nigeria-North-West,Laborate,0
Nigeria-(SWZ) OGUN,LAMORATE PHARMACEUTICALS INDIA LTD,0
Nigeria-Kwara,Lesanto Laboratory,0
"Nigeria-Edo,Esan West L.G.A, Ekpoma",Lyn -Edge Pharmaceuticals Ltd,0
Nigeria-North-West,MAAN Pharmaceutical Limited,0
Nigeria-Kwara,Maccedos Pharm. Ltd,0
Nigeria-NEZ Bauchi State,Macleods,0
Nigeria-NEZ Bauchi State,Macleods,0
"Nigeria-Etsako West, Auchi",Macleods,0
Nigeria-(SWZ) OGUN,Macleods,0
Nigeria-Kwara,Macleods,0
Nigeria-Kwara,Macleods,0
Nigeria-Kwara,Macleods,0
Nigeria-Kwara,Macleods,0
Nigeria-Kwara,Macleods,0
Nigeria-Kwara,Macleods,0
Nigeria-Kwara,Macleods,0
Nigeria-Kwara,Macleods,0
Nigeria-Kwara,Macleods,0
Nigeria-Kwara,Macleods,0
Nigeria-North-West,Macleods,0
Nigeria-North-West,Macleods,0
Nigeria-North-West,Macleods,0
Nigeria-North-West,Macleods,0
Nigeria-North-West,Macleods,0
Nigeria-North-West,Macleods,0
Nigeria-North-West,Macleods,0
Nigeria-North-West,Macleods,0
Nigeria-North-West,Macleods,0
Nigeria-North-West,Macleods,0
Nigeria-NEZ Bauchi State,Maeleods Pharma. Ltd,0
Nigeria-NEZ Bauchi State,Maeleods Pharma. Ltd,0
Nigeria-NEZ Bauchi State,Maeleods Pharma. Ltd,0
"Nigeria-Esan Central, Irrua",Mancare Pharmaceuticals Pvt Ltd,0
Nigeria-(SEZ) ABIA,Maphar,0
Nigeria-(SEZ) ABIA,Maphar,0
Nigeria-(SEZ) ABIA,Maphar,0
Nigeria-(SEZ) ABIA,Maphar,0
Nigeria-(SEZ) ABIA,Maphar,0
Nigeria-(SEZ) ABIA,Maphar,0
Nigeria-(SEZ) ABIA,Maphar,0
Nigeria-(SEZ) ABIA,Maphar,0
Nigeria-(SEZ) ABIA,Maphar,0
Nigeria-(SEZ) ABIA,Maphar,0
Nigeria-(SEZ) ABIA,Maphar,0
Nigeria-(SWZ) OGUN,Maphar,0
Nigeria-(SWZ) OGUN,Maphar,0
Nigeria-(SWZ) OGUN,Maphar,0
Nigeria-(SWZ) OGUN,Maphar,0
Nigeria-Edo Egor L.G.A Benin City,Maphar,0
"Nigeria-Edo, Oredo Lga, Benin City",Maphar,0
"Nigeria-Edo, Oredo Lga, Benin City",Maphar,0
"Nigeria-Edo, Oredo Lga, Benin City",Maphar,0
"Nigeria-Edo, Oredo Lga, Benin City",Maphar,0
"Nigeria-Edo, Oredo Lga, Benin City",Maphar,0
"Nigeria-Edo, Oredo Lga, Benin City",Maphar,0
"Nigeria-Edo, Oredo Lga, Benin City",Maphar,0
"Nigeria-Edo,Egor L.G.A, Benin City",Maphar,0
"Nigeria-Edo,Etsako West L.G.A, Auchi",Maphar,0
"Nigeria-Edo,Uhunwode L,G,A Benin City",Maphar,0
"Nigeria-Esan West Lga, Ekpoma",Maphar,0
"Nigeria-Esan West Lga, Ekpoma",Maphar,0
Nigeria-Kwara,Maphar,0
Nigeria-Kwara,Maphar,0
Nigeria-Kwara,Maphar,0
Nigeria-Kwara,Maphar,0
Nigeria-Kwara,Maphar,0
Nigeria-Kwara,Maphar,0
Nigeria-NEZ Bauchi State,Maphar,0
Nigeria-SEZ (ABIA),Maphar,0
Nigeria-SEZ (ABIA),Maphar,0
Nigeria-SEZ (ABIA),Maphar,0
Nigeria-SEZ (ABIA),Maphar,0
Nigeria-SEZ (ABIA),Maphar,0
Nigeria-SEZ (ABIA),Maphar,0
Nigeria-(SEZ) ABIA,Maphar,0
Nigeria-(SEZ) ABIA,Maphar,0
Nigeria-(SEZ) ABIA,Maphar,0
Nigeria-(SEZ) ABIA,Maphar,0
Nigeria-NEZ Bauchi State,Maphar,0
Nigeria-North-West,Maphar,0
Nigeria-North-West,Maphar,0
Nigeria-North-West,Maphar,0
Nigeria-North-West,Maphar,0
Nigeria-North-West,Maphar,0
Nigeria-Uhunwode Benin City,Maxheal,0
Nigeria-(SWZ) OGUN,Maxheal,0
"Nigeria-Edo,Ikpoba Okha L.G.A, Benin City",Maxheal,0
Nigeria-Kwara,Maxheal,0
Nigeria-NEZ Bauchi State,Maxheal,0
Nigeria-NEZ Bauchi State,Maxheal,0
Nigeria-NEZ Bauchi State,Maxheal,0
Nigeria-NEZ Bauchi State,Maxheal,0
"Nigeria-Edo, Ovia North East Benin City",Maxheal,0
Nigeria-(SWZ) OGUN,MAY & BAKER NIGERA PLC,0
Nigeria-(SWZ) OGUN,MAY & BAKER NIGERA PLC,0
Nigeria-(SWZ) OGUN,Maydon Pharmaceuticals Ltd,0
Nigeria-Kwara,Mcw Health Care(P) Ltd,0
Nigeria-NEZ Bauchi State,Me Cure Industries Ltd,0
Nigeria-NEZ Bauchi State,Me Cure Industries Ltd,0
Nigeria-North-West,Mecure Ind. Ltd,0
Nigeria-(SWZ) OGUN,Me-Cure Industry Co. Ltd,0
Nigeria-North-West,Medico Remedies Pvt. Ltd,0
Nigeria-NEZ Bauchi State,Medico Remedies Pvt. Ltd,0
Nigeria-(SEZ) ABIA,Medreich Ltd.,0
Nigeria-(SEZ) ABIA,Medreich Ltd.,0
Nigeria-(SEZ) ABIA,Medreich Ltd.,0
Nigeria-(SEZ) ABIA,Medreich Ltd.,0
"Nigeria-Edo, Egor Benin City",Medreich Ltd.,0
"Nigeria-Edo, Egor Benin City",Medreich Ltd.,0
"Nigeria-Edo, Oredo Lga, Benin City",Medreich Ltd.,0
"Nigeria-Egor Lga, Benin City",Medreich Ltd.,0
Nigeria-North-West,Medreich Ltd.,0
Nigeria-(SEZ) ABIA,Medreich Ltd.,0
Nigeria-(SEZ) ABIA,Medreich Ltd.,0
Nigeria-(SWZ) OGUN,Medreich Ltd.,0
"Nigeria-Edo,Egor L.G.A, Benin City",Medreich Ltd.,0
"Nigeria-Edo,Esan West L.G.A, Ekpoma",Medreich Ltd.,0
"Nigeria-Edo, Egor Benin City",Medreich Ltd.,0
Nigeria-North-West,Mekophar Chemical Pharmaceutical Joint-Stock Co.,0
Nigeria-NEZ Bauchi State,Mekophar Chemical Pharmaceutical Joint-Stock Co.,0
Nigeria-Kwara,Mekophar Chemical Pharmaceutical Joint-Stock Co.,0
Nigeria-Kwara,Mekophar Chemical Pharmaceutical Joint-Stock Co.,0
"Nigeria-Esan West Lga, Ekpoma",Mekophar Chemical Pharmaceutical Joint-Stock Co.,0
Nigeria-(SEZ) ABIA,Mekophar Chemical Pharmaceutical Joint-Stock Co.,0
Nigeria-(SEZ) ABIA,Mekophar Chemical Pharmaceutical Joint-Stock Co.,0
Nigeria-(SWZ) OGUN,Mekophar Chemical Pharmaceutical Joint-Stock Co.,0
Nigeria-NEZ Bauchi State,Mekophar Chemical Pharmaceutical Joint-Stock Co.,0
Nigeria-North-West,Mekophar Chemical Pharmaceutical Joint-Stock Co.,0
Nigeria-(SEZ) ABIA,Mepha Ltd.,0
Nigeria-NEZ Bauchi State,Microlabs,0
Nigeria-NEZ Bauchi State,Microlabs,0
Nigeria-(SEZ) ABIA,Microlabs,0
Nigeria-(SEZ) ABIA,Microlabs,0
Nigeria-(SEZ) ABIA,Microlabs,0
Nigeria-(SEZ) ABIA,Microlabs,0
Nigeria-(SEZ) ABIA,Microlabs,0
Nigeria-(SEZ) ABIA,Microlabs,0
Nigeria-(SEZ) ABIA,Microlabs,0
"Nigeria-Edo, Oredo Lga, Benin City",Microlabs,0
"Nigeria-Edo,Esan North East L.G.A,Uromi",Microlabs,0
"Nigeria-Edo,Esan West L.G.A, Ekpoma",Microlabs,0
"Nigeria-Edo,Esan West L.G.A, Ekpoma",Microlabs,0
Nigeria-(SWZ) OGUN,Microlabs,0
Nigeria-(SWZ) OGUN,Microlabs,0
Nigeria-(SWZ) OGUN,Microlabs,0
Nigeria-(SWZ) OGUN,Microlabs,0
Nigeria-(SWZ) OGUN,Microlabs,0
Nigeria-Kwara,Microlabs,0
Nigeria-Kwara,Microlabs,0
Nigeria-Kwara,Microlabs,0
Nigeria-Kwara,Microlabs,0
Nigeria-Kwara,Microlabs,0
Nigeria-Kwara,Microlabs,0
Nigeria-Kwara,Microlabs,0
Nigeria-Kwara,Microlabs,0
Nigeria-(SWZ) OGUN,Microlabs,0
Nigeria-(SWZ) OGUN,Microlabs,0
Nigeria-NEZ Bauchi State,Microlabs,0
Nigeria-(SEZ) ABIA,Unknown,0
Nigeria-(SEZ) ABIA,Unknown,0
Nigeria-(SEZ) ABIA,Unknown,0
Nigeria-Kwara,Unknown,0
Nigeria-Kwara,Unknown,0
Nigeria-North-West,Nem Lab. Pvt India,0
"Nigeria-Egor Lga, Benin City",Nem Laboratories Pvt Ltd,0
Nigeria-Kwara,North China Pharmaceutical Group,0
Nigeria-North-West,North China Pharmaceutical Group,0
Nigeria-North-West,North China Pharmaceutical Group,0
Nigeria-(SWZ) OGUN,North China Pharmaceutical Group,0
Nigeria-(SEZ) ABIA,NOVANTIS SAGLIK,0
Nigeria-(SEZ) ABIA,Novartis,0
Nigeria-North-West,Novartis,0
"Nigeria-Edo, Oredo Lga, Benin City",Novartis,0
"Nigeria-Edo, Oredo Lga, Benin City",Novartis,0
"Nigeria-Esan West Lga, Ekpoma",Novartis,0
Nigeria-North-West,Novartis,0
Nigeria-North-West,Novartis,0
Nigeria-Kwara,Novartis,0
Nigeria-Kwara,Novartis,0
Nigeria-North-West,Novartis,0
Nigeria-North-West,Novartis,0
Nigeria-North-West,Novartis,0
Nigeria-(SEZ) ABIA,Novartis,0
Nigeria-(SEZ) ABIA,Novartis,0
Nigeria-(SEZ) ABIA,Novartis,0
Nigeria-(SWZ) OGUN,Novartis,0
Nigeria-(SWZ) OGUN,Novartis,0
Nigeria-(SWZ) OGUN,Novartis,0
Nigeria-Kwara,Novartis,0
Nigeria-Kwara,Novartis,0
Nigeria-Kwara,Novartis,0
Nigeria-Kwara,Novartis,0
Nigeria-North-West,Novartis,0
Nigeria-North-West,Novartis,0
Nigeria-North-West,Novartis,0
Nigeria-NEZ Bauchi State,Novartis,0
Nigeria-NEZ Bauchi State,Nuel Pharmaceutical Ltd,0
"Nigeria-Edo, Egor Benin City",Nuel Pharmaceutical Ltd,0
Nigeria-NEZ Bauchi State,Nuel Pharmaceutical Ltd,0
"Nigeria-Edo, Oredo Lga, Benin City",Olive Health Care,0
"Nigeria-Edo,Esan North L.G.A, Uromi",Olive Health Care,0
Nigeria-Kwara,Olive Health Care,0
Nigeria-Kwara,Olive Health Care,0
Nigeria-Kwara,Olive Health Care,0
Nigeria-Kwara,Olive Health Care,0
Nigeria-North-West,Olive Health Care,0
Nigeria-(SEZ) ABIA,Olive Health Care,0
Nigeria-(SEZ) ABIA,Olive Health Care,0
Nigeria-(SEZ) ABIA,Olive Health Care,0
Nigeria-(SWZ) OGUN,Olive Health Care,0
Nigeria-(SWZ) OGUN,Olive Health Care,0
Nigeria-(SWZ) OGUN,Olive Health Care,0
Nigeria-(SEZ) ABIA,OSALLA PHARM. PVT,0
Nigeria-NEZ Bauchi State,Pauco Pharmaceutical Industries Nigeria Ltd,0
Nigeria-North-West,Peace Pharm Ind Nigeria Ltd,0
Nigeria-NEZ Bauchi State,Petsow Laboratories Ltd,0
Nigeria-(SWZ) OGUN,Pfizer,0
Nigeria-North-West,Pfizer,0
Nigeria-Kwara,Pfizer,0
Nigeria-(SEZ) ABIA,Pharbaco Pharmaceutical JSC,0
"Nigeria-Edo,Esan West L.G.A, Ekpoma",Pharm Ethicals Ltd,0
Nigeria-(SWZ) OGUN,Pharm Ethilals Ltd,0
Nigeria-(SWZ) OGUN,Pharm Ethilals Ltd,0
Nigeria-(SWZ) OGUN,Pharm Ethilals Ltd,0
Nigeria-Kwara,Pharmacia Italia S.P.A,0
Nigeria-(SWZ) OGUN,Pharmatex Ind. Ltd,0
Nigeria-Kwara,Pil Phamptex Industries Ltd,0
Nigeria-North-West,Ranbaxy,0
Nigeria-Kwara,Remedica Ltd,0
Nigeria-NEZ Bauchi State,Remedica Ltd,0
Nigeria-NEZ Bauchi State,Remedica Ltd,0
"Nigeria-Edo, Oredo Lga, Benin City",Rhydburg Pharmaceuticals Ltd,0
Nigeria-(SWZ) OGUN,SAGA LABORATORIES,0
Nigeria-Kwara,Sam Pharmaceutical Limited,0
Nigeria-NEZ Bauchi State,Sanofi Aventis,0
"Nigeria-Ikpoba-Okha Lga, Benin-City",Saokim Pharmaceuticals Jsc,0
Nigeria-NEZ Bauchi State,Seagreen Pharm. Ltd,0
Nigeria-Edo Akoko-Edo Igarra,Seagreen Pharmaceuticals Ltd,0
Nigeria-(SWZ) OGUN,SHAIMIL LABORATORIES,0
Nigeria-Kwara,Shalim Laboratory Ltd,0
Nigeria-Kwara,Shalim Laboratory Ltd,0
Nigeria-(SWZ) OGUN,SHALINA LABORATORIES PVT LTD,0
Nigeria-Kwara,Shandong Yikang Pharmaceutical Co. Ltd,0
"Nigeria-Edo,Etsako West L.G.A, Auchi",Skant,0
Nigeria-North-West,SKG Pharma Limited,0
Nigeria-Kwara,SKG Pharma Limited,0
Nigeria-Kwara,SKG Pharma Limited,0
Nigeria-(SEZ) ABIA,SKG Pharma Limited,0
Nigeria-(SEZ) ABIA,SKG Pharma Limited,0
Nigeria-(SEZ) ABIA,SKG Pharma Limited,0
"Nigeria-Etsako West, Auchi",SKG Pharma Limited,0
"Nigeria-Edo, Oredo Lga, Benin City","Ss,Edo,Oredo L.G.A, Benin City",0
Nigeria-Kwara,Stallion,0
Nigeria-Kwara,Stallion,0
Nigeria-Kwara,Strides Arcolab Ltd,0
Nigeria-Kwara,Strides Arcolab Ltd,0
Nigeria-North-West,Strides Arcolab Ltd,0
Nigeria-North-West,Strides Arcolab Ltd,0
Nigeria-North-West,Strides Arcolab Ltd,0
Nigeria-North-West,Strides Arcolab Ltd,0
Nigeria-North-West,Strides Arcolab Ltd,0
Nigeria-(SWZ) OGUN,Strides Arcolab Ltd,0
Nigeria-(SWZ) OGUN,Strides Arcolab Ltd,0
Nigeria-Kwara,Strides Arcolab Ltd,0
Nigeria-Kwara,Strides Arcolab Ltd,0
Nigeria-Kwara,Strides Arcolab Ltd,0
Nigeria-(SEZ) ABIA,Swiss Pharmaceuticals Ltd,0
Nigeria-(SEZ) ABIA,Swiss Pharmaceuticals Ltd,0
Nigeria-Kwara,Swiss Pharmaceuticals Ltd,0
Nigeria-NEZ Bauchi State,Swiss Pharmaceuticals Ltd,0
Nigeria-(SEZ) ABIA,Swiss Pharmaceuticals Ltd,0
Nigeria-(SEZ) ABIA,Swiss Pharmaceuticals Ltd,0
Nigeria-(SWZ) OGUN,Swiss Pharmaceuticals Ltd,0
Nigeria-(SWZ) OGUN,Swiss Pharmaceuticals Ltd,0
Nigeria-(SWZ) OGUN,Swiss Pharmaceuticals Ltd,0
Nigeria-(SWZ) OGUN,Swiss Pharmaceuticals Ltd,0
Nigeria-(SWZ) OGUN,Swiss Pharmaceuticals Ltd,0
Nigeria-(SWZ) OGUN,Swiss Pharmaceuticals Ltd,0
"Nigeria-Edo,Esan Central L.G.A, Irrua",Swiss Pharmaceuticals Ltd,0
Nigeria-NEZ Bauchi State,Swiss Pharmaceuticals Ltd,0
Nigeria-NEZ Bauchi State,Swiss Pharmaceuticals Ltd,0
Nigeria-NEZ Bauchi State,Swiss Pharmaceuticals Ltd,0
Nigeria-North-West,Swiss Pharmaceuticals Ltd,0
Nigeria-North-West,Swiss Pharmaceuticals Ltd,0
Nigeria-North-West,Swiss Pharmaceuticals Ltd,0
Nigeria-(SEZ) ABIA,Swiss Pharmaceuticals Ltd,0
"Nigeria-Akoko-Edo, Igarra",Swiss Pharmaceuticals Ltd,0
"Nigeria-Ss, Edo State, Oredo Lga,Benin-City",Swiss Pharmaceuticals Ltd,0
Nigeria-NEZ Bauchi State,Swiss Pharmaceuticals Ltd,0
Nigeria-(SWZ) OGUN,TEVA UK LIMITED,0
"Nigeria-Esan West Lga, Ekpoma",The Madras Pharmaceuticals,0
Nigeria-Edo Ovia North East Benin City,TV Pharm Pharmaceutical Joint-Stock Co.,0
Nigeria-NEZ Bauchi State,TV Pharm Pharmaceutical Joint-Stock Co.,0
"Nigeria-Egor Lga, Benin City",TV Pharm Pharmaceutical Joint-Stock Co.,0
Nigeria-NEZ Bauchi State,TV Pharm Pharmaceutical Joint-Stock Co.,0
Nigeria-NEZ Bauchi State,TV Pharm Pharmaceutical Joint-Stock Co.,0
Nigeria-NEZ Bauchi State,Unicare Pharmaceutical Ltd,0
Nigeria-NEZ Bauchi State,Unicare Pharmaceutical Ltd,0
Nigeria-NEZ Bauchi State,Unicare Pharmaceutical Ltd,0
Nigeria-Kwara,Unicare Pharmaceutical Ltd,0
Nigeria-Kwara,Unicare Pharmaceutical Ltd,0
Nigeria-Kwara,Unicare Pharmaceutical Ltd,0
Nigeria-Kwara,Unicare Pharmaceutical Ltd,0
Nigeria-NEZ Bauchi State,Unicare Pharmaceutical Ltd,0
"Nigeria-Edo,Ikpoba Okha L.G.A, Benin City",Vitabiotics (Nig) Limited,0
Nigeria-(SWZ) OGUN,Vitabiotics Nigeria Ltd,0
Nigeria-Kwara,Watson Global Pharm Ind. Ltd,0
Nigeria-NEZ Bauchi State,Watson Global Pharmaceutical Industries Ltd,0
"Nigeria-Edo, Etsako West Lga, Auchi",Xl Laboratories Pvt. Ltd,0
Nigeria-Kwara,"Yanzhou Xier Kangtai Pharmaceutical Co., Ltd",0
Nigeria-North-West,Yanzou Xier kangtai Pharm Co Ltd,0
Nigeria-(SEZ) ABIA,Zhejiang Holley Nanhu,0
Nigeria-(SWZ) OGUN,Zota Healthcare Ltd,0
