Thailand-Ranong,"Acdhon Co., Ltd",1
Thailand-Chanthaburi,"Atlantic Laboratories Co., Ltd",1
Thailand-Nong Khai,"Atlantic Laboratories Co., Ltd",1
Thailand-Surat Thani ,"Atlantic Laboratories Co., Ltd",1
Thailand-Surat Thani ,"Atlantic Laboratories Co., Ltd",1
Thailand-Surat Thani ,"Atlantic Laboratories Co., Ltd",1
Thailand-Trat,"Atlantic Laboratories Co., Ltd",1
Thailand-Surin,Chankit Trading Ltd,1
Thailand-Nakhon Sawan,GPO,1
Thailand-Nakhon Sawan,GPO,1
Thailand-Nong Khai,GPO,1
Thailand-Nong Khai,GPO,1
Thailand-Songkhla,GPO,1
Thailand-Songkhla,GPO,1
Thailand-Songkhla,GPO,1
Thailand-Songkhla,GPO,1
Thailand-Surat Thani ,GPO,1
Thailand-Surat Thani ,GPO,1
Thailand-Surat Thani ,GPO,1
Thailand-Surat Thani ,GPO,1
Thailand-Surat Thani ,GPO,1
Thailand-Surat Thani ,GPO,1
Thailand-Surat Thani ,GPO,1
Thailand-Surat Thani ,GPO,1
Thailand-Surat Thani ,GPO,1
Thailand-Surat Thani ,GPO,1
Thailand-Surat Thani ,GPO,1
Thailand-Surat Thani ,GPO,1
Thailand-Surat Thani ,GPO,1
Thailand-Tak,GPO,1
Thailand-Tak,GPO,1
Thailand-Chanthaburi,Guilin Pharmaceuticals,1
Thailand-Nong Khai,HK Pharmaceutical,1
Thailand-Sa Kaeo,Lamthong Medical Ltd.,1
Thailand-Sa Kaeo,Lamthong Medical Ltd.,1
Thailand-Surin,Lamthong Medical Ltd.,1
Thailand-Mae Hong Son,Liwinner Pharmaceutical,1
Thailand-Mae Hong Son,Liwinner Pharmaceutical,1
Thailand-Surat Thani ,Liwinner Pharmaceutical,1
Thailand-Surat Thani ,"Macrophar Co., Ltd",1
Thailand-Tak,New Life Pharma,1
Thailand-Chanthaburi,Newcharoen Pharmaceutical LP,1
Thailand-Surat Thani ,Osoth Inter Laboratories,1
Thailand-Nong Khai,"Picco Pharma Co., Ltd",1
Thailand-Songkhla,"RPC International Co., Ltd",1
Thailand-Nong Khai,Seven Stars Pharmaceutical Co. Ltd,1
Thailand-Nong Khai,Seven Stars Pharmaceutical Co. Ltd,1
Thailand-Nong Khai,Siam Medicare Co.,1
Thailand-Nong Khai,Siam Pharmaceutical Co.,1
Thailand-Nong Khai,T-Man Pharmaceuticals Ltd,1
Thailand-Tak,"T.O. Pharma Co, Ltd",1
Thailand-Nong Khai,"Unilab Pharmaceutical Co., Ltd.",1
Thailand-Nong Khai,"Unison Laboratories Co., Ltd",1
Thailand-Tak,Unknown,1
Thailand-Tak,Unknown,1
Thailand-Ubon Ratchathani,Unknown,1
Thailand-Sisaket,Vesco Pharmaceutical Ltd Part,1
Thailand-Nakhon Sawan,??????? ????? ?????,1
Thailand-Bangkok ,A.N.H. Products LTD,0
Thailand-Sa Kaeo,"Accon Co., Ltd",0
Thailand-Sa Kaeo,"Accon Co., Ltd",0
Thailand-Sa Kaeo,"Accon Co., Ltd",0
Thailand-Sa Kaeo,"Accon Co., Ltd",0
Thailand-Sa Kaeo,"Accon Co., Ltd",0
Thailand-Sa Kaeo,"Accon Co., Ltd",0
Thailand-Sa Kaeo,"Accon Co., Ltd",0
Thailand-Sa Kaeo,"Accon Co., Ltd",0
Thailand-Trat,"Accon Co., Ltd",0
Thailand-Chanthaburi,"Acdhon Co., Ltd",0
Thailand-Chanthaburi,"Acdhon Co., Ltd",0
Thailand-Chanthaburi,"Acdhon Co., Ltd",0
Thailand-Chanthaburi,"Acdhon Co., Ltd",0
Thailand-Chanthaburi,"Acdhon Co., Ltd",0
Thailand-Chanthaburi,"Acdhon Co., Ltd",0
Thailand-Chanthaburi,"Acdhon Co., Ltd",0
Thailand-Chanthaburi,"Acdhon Co., Ltd",0
Thailand-Chanthaburi,"Acdhon Co., Ltd",0
Thailand-Chanthaburi,"Acdhon Co., Ltd",0
Thailand-Chanthaburi,"Acdhon Co., Ltd",0
Thailand-Chanthaburi,"Acdhon Co., Ltd",0
Thailand-Chanthaburi,"Acdhon Co., Ltd",0
Thailand-Chanthaburi,"Acdhon Co., Ltd",0
Thailand-Kanchanaburi ,"Acdhon Co., Ltd",0
Thailand-Kanchanaburi ,"Acdhon Co., Ltd",0
Thailand-Ranong,"Acdhon Co., Ltd",0
Thailand-Ranong,"Acdhon Co., Ltd",0
Thailand-Sa Kaeo,"Acdhon Co., Ltd",0
Thailand-Sa Kaeo,"Acdhon Co., Ltd",0
Thailand-Sa Kaeo,"Acdhon Co., Ltd",0
Thailand-Songkhla,"Acdhon Co., Ltd",0
Thailand-Trat,"Acdhon Co., Ltd",0
Thailand-Trat,"Acdhon Co., Ltd",0
Thailand-Trat,"Acdhon Co., Ltd",0
Thailand-Ubon Ratchathani,"Acdhon Co., Ltd",0
Thailand-Chanthaburi,American British Company,0
Thailand-Chanthaburi,"Ameron Enterprise Co., Ltd ",0
Thailand-Chanthaburi,ANB Laboratories,0
Thailand-Chanthaburi,ANB Laboratories,0
Thailand-Chanthaburi,ANB Laboratories,0
Thailand-Chanthaburi,ANB Laboratories,0
Thailand-Chiang Mai,ANB Laboratories,0
Thailand-Chiang Mai,ANB Laboratories,0
Thailand-Chiang Mai,ANB Laboratories,0
Thailand-Chiang Mai,ANB Laboratories,0
Thailand-Chiang Mai,ANB Laboratories,0
Thailand-Kanchanaburi ,ANB Laboratories,0
Thailand-Kanchanaburi ,ANB Laboratories,0
Thailand-Kanchanaburi ,ANB Laboratories,0
Thailand-Mae Hong Son,ANB Laboratories,0
Thailand-Mae Hong Son,ANB Laboratories,0
Thailand-Nong Khai,ANB Laboratories,0
Thailand-Nong Khai,ANB Laboratories,0
Thailand-Ranong,ANB Laboratories,0
Thailand-Ranong,ANB Laboratories,0
Thailand-Ranong,ANB Laboratories,0
Thailand-Ranong,ANB Laboratories,0
Thailand-Ranong,ANB Laboratories,0
Thailand-Ranong,ANB Laboratories,0
Thailand-Ranong,ANB Laboratories,0
Thailand-Ranong,ANB Laboratories,0
Thailand-Ranong,ANB Laboratories,0
Thailand-Sa Kaeo,ANB Laboratories,0
Thailand-Sa Kaeo,ANB Laboratories,0
Thailand-Sa Kaeo,ANB Laboratories,0
Thailand-Sa Kaeo,ANB Laboratories,0
Thailand-Sa Kaeo,ANB Laboratories,0
Thailand-Sa Kaeo,ANB Laboratories,0
Thailand-Sa Kaeo,ANB Laboratories,0
Thailand-Sa Kaeo,ANB Laboratories,0
Thailand-Sa Kaeo,ANB Laboratories,0
Thailand-Sa Kaeo,ANB Laboratories,0
Thailand-Sa Kaeo,ANB Laboratories,0
Thailand-Sisaket,ANB Laboratories,0
Thailand-Sisaket,ANB Laboratories,0
Thailand-Sisaket,ANB Laboratories,0
Thailand-Songkhla,ANB Laboratories,0
Thailand-Surat Thani ,ANB Laboratories,0
Thailand-Surin,ANB Laboratories,0
Thailand-Tak,ANB Laboratories,0
Thailand-Tak,ANB Laboratories,0
Thailand-Tak,ANB Laboratories,0
Thailand-Trat,ANB Laboratories,0
Thailand-Ubon Ratchathani,ANB Laboratories,0
Thailand-Bangkok ,"Asian Union Laboratories Co., Ltd",0
Thailand-Bangkok ,"Asian Union Laboratories Co., Ltd",0
Thailand-Bangkok ,"Asian Union Laboratories Co., Ltd",0
Thailand-Buriram,"Asian Union Laboratories Co., Ltd",0
Thailand-Buriram,"Asian Union Laboratories Co., Ltd",0
Thailand-Buriram,"Asian Union Laboratories Co., Ltd",0
Thailand-Chanthaburi,"Asian Union Laboratories Co., Ltd",0
Thailand-Chanthaburi,"Asian Union Laboratories Co., Ltd",0
Thailand-Chanthaburi,"Asian Union Laboratories Co., Ltd",0
Thailand-Chanthaburi,"Asian Union Laboratories Co., Ltd",0
Thailand-Chanthaburi,"Asian Union Laboratories Co., Ltd",0
Thailand-Chanthaburi,"Asian Union Laboratories Co., Ltd",0
Thailand-Chanthaburi,"Asian Union Laboratories Co., Ltd",0
Thailand-Chanthaburi,"Asian Union Laboratories Co., Ltd",0
Thailand-Chanthaburi,"Asian Union Laboratories Co., Ltd",0
Thailand-Kanchanaburi ,"Asian Union Laboratories Co., Ltd",0
Thailand-Kanchanaburi ,"Asian Union Laboratories Co., Ltd",0
Thailand-Kanchanaburi ,"Asian Union Laboratories Co., Ltd",0
Thailand-Kanchanaburi ,"Asian Union Laboratories Co., Ltd",0
Thailand-Kanchanaburi ,"Asian Union Laboratories Co., Ltd",0
Thailand-Kanchanaburi ,"Asian Union Laboratories Co., Ltd",0
Thailand-Kanchanaburi ,"Asian Union Laboratories Co., Ltd",0
Thailand-Kanchanaburi ,"Asian Union Laboratories Co., Ltd",0
Thailand-Mae Hong Son,"Asian Union Laboratories Co., Ltd",0
Thailand-Nakhon Sawan,"Asian Union Laboratories Co., Ltd",0
Thailand-Ranong,"Asian Union Laboratories Co., Ltd",0
Thailand-Sa Kaeo,"Asian Union Laboratories Co., Ltd",0
Thailand-Sa Kaeo,"Asian Union Laboratories Co., Ltd",0
Thailand-Sa Kaeo,"Asian Union Laboratories Co., Ltd",0
Thailand-Sa Kaeo,"Asian Union Laboratories Co., Ltd",0
Thailand-Sa Kaeo,"Asian Union Laboratories Co., Ltd",0
Thailand-Sa Kaeo,"Asian Union Laboratories Co., Ltd",0
Thailand-Sa Kaeo,"Asian Union Laboratories Co., Ltd",0
Thailand-Sa Kaeo,"Asian Union Laboratories Co., Ltd",0
Thailand-Sa Kaeo,"Asian Union Laboratories Co., Ltd",0
Thailand-Sa Kaeo,"Asian Union Laboratories Co., Ltd",0
Thailand-Sa Kaeo,"Asian Union Laboratories Co., Ltd",0
Thailand-Sa Kaeo,"Asian Union Laboratories Co., Ltd",0
Thailand-Saraburi,"Asian Union Laboratories Co., Ltd",0
Thailand-Saraburi,"Asian Union Laboratories Co., Ltd",0
Thailand-Saraburi,"Asian Union Laboratories Co., Ltd",0
Thailand-Saraburi,"Asian Union Laboratories Co., Ltd",0
Thailand-Songkhla,"Asian Union Laboratories Co., Ltd",0
Thailand-Songkhla,"Asian Union Laboratories Co., Ltd",0
Thailand-Surat Thani ,"Asian Union Laboratories Co., Ltd",0
Thailand-Tak,"Asian Union Laboratories Co., Ltd",0
Thailand-Trat,"Asian Union Laboratories Co., Ltd",0
Thailand-Trat,"Asian Union Laboratories Co., Ltd",0
Thailand-Trat,"Asian Union Laboratories Co., Ltd",0
Thailand-Trat,"Asian Union Laboratories Co., Ltd",0
Thailand-Trat,"Asian Union Laboratories Co., Ltd",0
Thailand-Bangkok ,"Atlantic Laboratories Co., Ltd",0
Thailand-Bangkok ,"Atlantic Laboratories Co., Ltd",0
Thailand-Buriram,"Atlantic Laboratories Co., Ltd",0
Thailand-Buriram,"Atlantic Laboratories Co., Ltd",0
Thailand-Buriram,"Atlantic Laboratories Co., Ltd",0
Thailand-Buriram,"Atlantic Laboratories Co., Ltd",0
Thailand-Buriram,"Atlantic Laboratories Co., Ltd",0
Thailand-Buriram,"Atlantic Laboratories Co., Ltd",0
Thailand-Buriram,"Atlantic Laboratories Co., Ltd",0
Thailand-Buriram,"Atlantic Laboratories Co., Ltd",0
Thailand-Chanthaburi,"Atlantic Laboratories Co., Ltd",0
Thailand-Chanthaburi,"Atlantic Laboratories Co., Ltd",0
Thailand-Chanthaburi,"Atlantic Laboratories Co., Ltd",0
Thailand-Chanthaburi,"Atlantic Laboratories Co., Ltd",0
Thailand-Chanthaburi,"Atlantic Laboratories Co., Ltd",0
Thailand-Chanthaburi,"Atlantic Laboratories Co., Ltd",0
Thailand-Chanthaburi,"Atlantic Laboratories Co., Ltd",0
Thailand-Chanthaburi,"Atlantic Laboratories Co., Ltd",0
Thailand-Chanthaburi,"Atlantic Laboratories Co., Ltd",0
Thailand-Chanthaburi,"Atlantic Laboratories Co., Ltd",0
Thailand-Chanthaburi,"Atlantic Laboratories Co., Ltd",0
Thailand-Chanthaburi,"Atlantic Laboratories Co., Ltd",0
Thailand-Chanthaburi,"Atlantic Laboratories Co., Ltd",0
Thailand-Chanthaburi,"Atlantic Laboratories Co., Ltd",0
Thailand-Chanthaburi,"Atlantic Laboratories Co., Ltd",0
Thailand-Chanthaburi,"Atlantic Laboratories Co., Ltd",0
Thailand-Chanthaburi,"Atlantic Laboratories Co., Ltd",0
Thailand-Chanthaburi,"Atlantic Laboratories Co., Ltd",0
Thailand-Chanthaburi,"Atlantic Laboratories Co., Ltd",0
Thailand-Chanthaburi,"Atlantic Laboratories Co., Ltd",0
Thailand-Chanthaburi,"Atlantic Laboratories Co., Ltd",0
Thailand-Chanthaburi,"Atlantic Laboratories Co., Ltd",0
Thailand-Chanthaburi,"Atlantic Laboratories Co., Ltd",0
Thailand-Chanthaburi,"Atlantic Laboratories Co., Ltd",0
Thailand-Chanthaburi,"Atlantic Laboratories Co., Ltd",0
Thailand-Chanthaburi,"Atlantic Laboratories Co., Ltd",0
Thailand-Chanthaburi,"Atlantic Laboratories Co., Ltd",0
Thailand-Chanthaburi,"Atlantic Laboratories Co., Ltd",0
Thailand-Chanthaburi,"Atlantic Laboratories Co., Ltd",0
Thailand-Chanthaburi,"Atlantic Laboratories Co., Ltd",0
Thailand-Chanthaburi,"Atlantic Laboratories Co., Ltd",0
Thailand-Chanthaburi,"Atlantic Laboratories Co., Ltd",0
Thailand-Chanthaburi,"Atlantic Laboratories Co., Ltd",0
Thailand-Chanthaburi,"Atlantic Laboratories Co., Ltd",0
Thailand-Chanthaburi,"Atlantic Laboratories Co., Ltd",0
Thailand-Chanthaburi,"Atlantic Laboratories Co., Ltd",0
Thailand-Chanthaburi,"Atlantic Laboratories Co., Ltd",0
Thailand-Chanthaburi,"Atlantic Laboratories Co., Ltd",0
Thailand-Chanthaburi,"Atlantic Laboratories Co., Ltd",0
Thailand-Chanthaburi,"Atlantic Laboratories Co., Ltd",0
Thailand-Chanthaburi,"Atlantic Laboratories Co., Ltd",0
Thailand-Chanthaburi,"Atlantic Laboratories Co., Ltd",0
Thailand-Chanthaburi,"Atlantic Laboratories Co., Ltd",0
Thailand-Chiang Mai,"Atlantic Laboratories Co., Ltd",0
Thailand-Kanchanaburi ,"Atlantic Laboratories Co., Ltd",0
Thailand-Kanchanaburi ,"Atlantic Laboratories Co., Ltd",0
Thailand-Kanchanaburi ,"Atlantic Laboratories Co., Ltd",0
Thailand-Kanchanaburi ,"Atlantic Laboratories Co., Ltd",0
Thailand-Kanchanaburi ,"Atlantic Laboratories Co., Ltd",0
Thailand-Kanchanaburi ,"Atlantic Laboratories Co., Ltd",0
Thailand-Kanchanaburi ,"Atlantic Laboratories Co., Ltd",0
Thailand-Kanchanaburi ,"Atlantic Laboratories Co., Ltd",0
Thailand-Kanchanaburi ,"Atlantic Laboratories Co., Ltd",0
Thailand-Kanchanaburi ,"Atlantic Laboratories Co., Ltd",0
Thailand-Kanchanaburi ,"Atlantic Laboratories Co., Ltd",0
Thailand-Kanchanaburi ,"Atlantic Laboratories Co., Ltd",0
Thailand-Kanchanaburi ,"Atlantic Laboratories Co., Ltd",0
Thailand-Kanchanaburi ,"Atlantic Laboratories Co., Ltd",0
Thailand-Kanchanaburi ,"Atlantic Laboratories Co., Ltd",0
Thailand-Kanchanaburi ,"Atlantic Laboratories Co., Ltd",0
Thailand-Kanchanaburi ,"Atlantic Laboratories Co., Ltd",0
Thailand-Kanchanaburi ,"Atlantic Laboratories Co., Ltd",0
Thailand-Mae Hong Son,"Atlantic Laboratories Co., Ltd",0
Thailand-Mae Hong Son,"Atlantic Laboratories Co., Ltd",0
Thailand-Mae Hong Son,"Atlantic Laboratories Co., Ltd",0
Thailand-Mae Hong Son,"Atlantic Laboratories Co., Ltd",0
Thailand-Nakhon Sawan,"Atlantic Laboratories Co., Ltd",0
Thailand-Nakhon Sawan,"Atlantic Laboratories Co., Ltd",0
Thailand-Nakhon Sawan,"Atlantic Laboratories Co., Ltd",0
Thailand-Nakhon Sawan,"Atlantic Laboratories Co., Ltd",0
Thailand-Nong Khai,"Atlantic Laboratories Co., Ltd",0
Thailand-Nong Khai,"Atlantic Laboratories Co., Ltd",0
Thailand-Ranong,"Atlantic Laboratories Co., Ltd",0
Thailand-Ranong,"Atlantic Laboratories Co., Ltd",0
Thailand-Ranong,"Atlantic Laboratories Co., Ltd",0
Thailand-Ranong,"Atlantic Laboratories Co., Ltd",0
Thailand-Ranong,"Atlantic Laboratories Co., Ltd",0
Thailand-Sa Kaeo,"Atlantic Laboratories Co., Ltd",0
Thailand-Sa Kaeo,"Atlantic Laboratories Co., Ltd",0
Thailand-Sa Kaeo,"Atlantic Laboratories Co., Ltd",0
Thailand-Sa Kaeo,"Atlantic Laboratories Co., Ltd",0
Thailand-Sa Kaeo,"Atlantic Laboratories Co., Ltd",0
Thailand-Saraburi,"Atlantic Laboratories Co., Ltd",0
Thailand-Songkhla,"Atlantic Laboratories Co., Ltd",0
Thailand-Songkhla,"Atlantic Laboratories Co., Ltd",0
Thailand-Songkhla,"Atlantic Laboratories Co., Ltd",0
Thailand-Songkhla,"Atlantic Laboratories Co., Ltd",0
Thailand-Songkhla,"Atlantic Laboratories Co., Ltd",0
Thailand-Surat Thani ,"Atlantic Laboratories Co., Ltd",0
Thailand-Surat Thani ,"Atlantic Laboratories Co., Ltd",0
Thailand-Surat Thani ,"Atlantic Laboratories Co., Ltd",0
Thailand-Surin,"Atlantic Laboratories Co., Ltd",0
Thailand-Surin,"Atlantic Laboratories Co., Ltd",0
Thailand-Surin,"Atlantic Laboratories Co., Ltd",0
Thailand-Surin,"Atlantic Laboratories Co., Ltd",0
Thailand-Surin,"Atlantic Laboratories Co., Ltd",0
Thailand-Tak,"Atlantic Laboratories Co., Ltd",0
Thailand-Tak,"Atlantic Laboratories Co., Ltd",0
Thailand-Tak,"Atlantic Laboratories Co., Ltd",0
Thailand-Tak,"Atlantic Laboratories Co., Ltd",0
Thailand-Tak,"Atlantic Laboratories Co., Ltd",0
Thailand-Tak,"Atlantic Laboratories Co., Ltd",0
Thailand-Tak,"Atlantic Laboratories Co., Ltd",0
Thailand-Tak,"Atlantic Laboratories Co., Ltd",0
Thailand-Tak,"Atlantic Laboratories Co., Ltd",0
Thailand-Tak,"Atlantic Laboratories Co., Ltd",0
Thailand-Tak,"Atlantic Laboratories Co., Ltd",0
Thailand-Tak,"Atlantic Laboratories Co., Ltd",0
Thailand-Trat,"Atlantic Laboratories Co., Ltd",0
Thailand-Trat,"Atlantic Laboratories Co., Ltd",0
Thailand-Trat,"Atlantic Laboratories Co., Ltd",0
Thailand-Trat,"Atlantic Laboratories Co., Ltd",0
Thailand-Trat,"Atlantic Laboratories Co., Ltd",0
Thailand-Trat,"Atlantic Laboratories Co., Ltd",0
Thailand-Trat,"Atlantic Laboratories Co., Ltd",0
Thailand-Trat,"Atlantic Laboratories Co., Ltd",0
Thailand-Trat,"Atlantic Laboratories Co., Ltd",0
Thailand-Trat,"Atlantic Laboratories Co., Ltd",0
Thailand-Trat,"Atlantic Laboratories Co., Ltd",0
Thailand-Trat,"Atlantic Laboratories Co., Ltd",0
Thailand-Trat,"Atlantic Laboratories Co., Ltd",0
Thailand-Trat,"Atlantic Laboratories Co., Ltd",0
Thailand-Ubon Ratchathani,"Atlantic Laboratories Co., Ltd",0
Thailand-Ubon Ratchathani,"Atlantic Laboratories Co., Ltd",0
Thailand-Songkhla,B.J. Limited Partnership,0
Thailand-Songkhla,B.J. Limited Partnership,0
Thailand-Surat Thani ,B.J. Limited Partnership,0
Thailand-Nakhon Sawan,Bankok Lab & Cosmetic Co. LTD,0
Thailand-Nakhon Sawan,Bankok Lab & Cosmetic Co. LTD,0
Thailand-Nong Khai,Bankok Lab & Cosmetic Co. LTD,0
Thailand-Songkhla,Bankok Lab & Cosmetic Co. LTD,0
Thailand-Nakhon Sawan,Bayer S.A.,0
Thailand-Ranong,"Bemed Pharmaceuticals Ltd, Part",0
Thailand-Ranong,"Bemed Pharmaceuticals Ltd, Part",0
Thailand-Surin,"Binh Dinh Medical Materials Pharmaceutical Co,Lt.",0
Thailand-Tak,Biolab,0
Thailand-Sa Kaeo,"Book Ka Lo Co., Ltd",0
Thailand-Sa Kaeo,"Book Ka Lo Co., Ltd",0
Thailand-Chanthaburi,"Bukaloe Trading Co., Ltd",0
Thailand-Nong Khai,"Bukaloe Trading Co., Ltd",0
Thailand-Sa Kaeo,"Bukaloe Trading Co., Ltd",0
Thailand-Sa Kaeo,"Bukaloe Trading Co., Ltd",0
Thailand-Sa Kaeo,"Bukaloe Trading Co., Ltd",0
Thailand-Sa Kaeo,"Bukaloe Trading Co., Ltd",0
Thailand-Saraburi,"Bukaloe Trading Co., Ltd",0
Thailand-Surat Thani ,"Bukaloe Trading Co., Ltd",0
Thailand-Bangkok ,"Burapha Dispensary Co, Ltd",0
Thailand-Buriram,"Burapha Dispensary Co, Ltd",0
Thailand-Buriram,"Burapha Dispensary Co, Ltd",0
Thailand-Buriram,"Burapha Dispensary Co, Ltd",0
Thailand-Chanthaburi,"Burapha Dispensary Co, Ltd",0
Thailand-Chanthaburi,"Burapha Dispensary Co, Ltd",0
Thailand-Chanthaburi,"Burapha Dispensary Co, Ltd",0
Thailand-Chanthaburi,"Burapha Dispensary Co, Ltd",0
Thailand-Chanthaburi,"Burapha Dispensary Co, Ltd",0
Thailand-Chanthaburi,"Burapha Dispensary Co, Ltd",0
Thailand-Chanthaburi,"Burapha Dispensary Co, Ltd",0
Thailand-Chiang Mai,"Burapha Dispensary Co, Ltd",0
Thailand-Chiang Mai,"Burapha Dispensary Co, Ltd",0
Thailand-Chiang Mai,"Burapha Dispensary Co, Ltd",0
Thailand-Kanchanaburi ,"Burapha Dispensary Co, Ltd",0
Thailand-Nakhon Sawan,"Burapha Dispensary Co, Ltd",0
Thailand-Nong Khai,"Burapha Dispensary Co, Ltd",0
Thailand-Nong Khai,"Burapha Dispensary Co, Ltd",0
Thailand-Ranong,"Burapha Dispensary Co, Ltd",0
Thailand-Sa Kaeo,"Burapha Dispensary Co, Ltd",0
Thailand-Sa Kaeo,"Burapha Dispensary Co, Ltd",0
Thailand-Sa Kaeo,"Burapha Dispensary Co, Ltd",0
Thailand-Sa Kaeo,"Burapha Dispensary Co, Ltd",0
Thailand-Sa Kaeo,"Burapha Dispensary Co, Ltd",0
Thailand-Sa Kaeo,"Burapha Dispensary Co, Ltd",0
Thailand-Sa Kaeo,"Burapha Dispensary Co, Ltd",0
Thailand-Sisaket,"Burapha Dispensary Co, Ltd",0
Thailand-Sisaket,"Burapha Dispensary Co, Ltd",0
Thailand-Sisaket,"Burapha Dispensary Co, Ltd",0
Thailand-Surin,"Burapha Dispensary Co, Ltd",0
Thailand-Surin,"Burapha Dispensary Co, Ltd",0
Thailand-Surin,"Burapha Dispensary Co, Ltd",0
Thailand-Ubon Ratchathani,"Burapha Dispensary Co, Ltd",0
Thailand-Ubon Ratchathani,"Burapha Dispensary Co, Ltd",0
Thailand-Kanchanaburi ,Central Poly Trading Co. Ltd,0
Thailand-Nong Khai,Central Poly Trading Co. Ltd,0
Thailand-Nong Khai,Central Poly Trading Co. Ltd,0
Thailand-Buriram,Chankit Trading Ltd,0
Thailand-Nong Khai,Chankit Trading Ltd,0
Thailand-Nong Khai,Chankit Trading Ltd,0
Thailand-Surin,Chankit Trading Ltd,0
Thailand-Chanthaburi,"Chew Brothers & Co., Ltd",0
Thailand-Mae Hong Son,"Chew Brothers & Co., Ltd",0
Thailand-Sa Kaeo,"Chew Brothers & Co., Ltd",0
Thailand-Bangkok ,"Chinta Trading Co, Ltd",0
Thailand-Chiang Mai,"Chinta Trading Co, Ltd",0
Thailand-Songkhla,"Chinta Trading Co, Ltd",0
Thailand-Surat Thani ,Chumchon Phamacy,0
Thailand-Saraburi,"Community Pharmacy Public Co., Ltd",0
Thailand-Saraburi,"Community Pharmacy Public Co., Ltd",0
Thailand-Songkhla,"Community Pharmacy Public Co., Ltd",0
Thailand-Songkhla,"Community Pharmacy Public Co., Ltd",0
Thailand-Songkhla,"Community Pharmacy Public Co., Ltd",0
Thailand-Songkhla,"Community Pharmacy Public Co., Ltd",0
Thailand-Songkhla,"Community Pharmacy Public Co., Ltd",0
Thailand-Songkhla,"Community Pharmacy Public Co., Ltd",0
Thailand-Songkhla,"Community Pharmacy Public Co., Ltd",0
Thailand-Ubon Ratchathani,"Community Pharmacy Public Co., Ltd",0
Thailand-Nong Khai,"Dada Pharmaceutical Co, Ltd",0
Thailand-Surat Thani ,"Dada Pharmaceutical Co, Ltd",0
Thailand-Ubon Ratchathani,"Dada Pharmaceutical Co, Ltd",0
Thailand-Nakhon Sawan,Edwards,0
Thailand-Nakhon Sawan,Edwards,0
Thailand-Chiang Mai,F. Hoffman-La Roche,0
Thailand-Nakhon Sawan,F. Hoffman-La Roche,0
Thailand-Ubon Ratchathani,F. Hoffman-La Roche,0
Thailand-Bangkok ,"General Drugs House Co., Ltd",0
Thailand-Bangkok ,"General Drugs House Co., Ltd",0
Thailand-Chanthaburi,"General Drugs House Co., Ltd",0
Thailand-Chanthaburi,"General Drugs House Co., Ltd",0
Thailand-Chanthaburi,"General Drugs House Co., Ltd",0
Thailand-Chanthaburi,"General Drugs House Co., Ltd",0
Thailand-Chanthaburi,"General Drugs House Co., Ltd",0
Thailand-Kanchanaburi ,"General Drugs House Co., Ltd",0
Thailand-Mae Hong Son,"General Drugs House Co., Ltd",0
Thailand-Nong Khai,"General Drugs House Co., Ltd",0
Thailand-Sa Kaeo,"General Drugs House Co., Ltd",0
Thailand-Sa Kaeo,"General Drugs House Co., Ltd",0
Thailand-Sa Kaeo,"General Drugs House Co., Ltd",0
Thailand-Sa Kaeo,"General Drugs House Co., Ltd",0
Thailand-Songkhla,"General Drugs House Co., Ltd",0
Thailand-Songkhla,"General Drugs House Co., Ltd",0
Thailand-Songkhla,"General Drugs House Co., Ltd",0
Thailand-Songkhla,"General Drugs House Co., Ltd",0
Thailand-Songkhla,"General Drugs House Co., Ltd",0
Thailand-Surat Thani ,"General Drugs House Co., Ltd",0
Thailand-Tak,"General Drugs House Co., Ltd",0
Thailand-Tak,"General Drugs House Co., Ltd",0
Thailand-Trat,"General Drugs House Co., Ltd",0
Thailand-Trat,"General Drugs House Co., Ltd",0
Thailand-Trat,"General Drugs House Co., Ltd",0
Thailand-Surat Thani ,General Treat House,0
Thailand-Nakhon Sawan,GlaxoSmithKline,0
Thailand-Songkhla,GlaxoSmithKline,0
Thailand-Buriram,Golden Cup Pharmaceutical ,0
Thailand-Chanthaburi,Golden Cup Pharmaceutical ,0
Thailand-Kanchanaburi ,Golden Cup Pharmaceutical ,0
Thailand-Trat,Golden Cup Pharmaceutical ,0
Thailand-Trat,Golden Cup Pharmaceutical ,0
Thailand-Bangkok ,GPO,0
Thailand-Bangkok ,GPO,0
Thailand-Bangkok ,GPO,0
Thailand-Bangkok ,GPO,0
Thailand-Bangkok ,GPO,0
Thailand-Bangkok ,GPO,0
Thailand-Buriram,GPO,0
Thailand-Buriram,GPO,0
Thailand-Buriram,GPO,0
Thailand-Buriram,GPO,0
Thailand-Buriram,GPO,0
Thailand-Buriram,GPO,0
Thailand-Buriram,GPO,0
Thailand-Buriram,GPO,0
Thailand-Buriram,GPO,0
Thailand-Buriram,GPO,0
Thailand-Buriram,GPO,0
Thailand-Buriram,GPO,0
Thailand-Buriram,GPO,0
Thailand-Buriram,GPO,0
Thailand-Buriram,GPO,0
Thailand-Buriram,GPO,0
Thailand-Buriram,GPO,0
Thailand-Buriram,GPO,0
Thailand-Buriram,GPO,0
Thailand-Buriram,GPO,0
Thailand-Buriram,GPO,0
Thailand-Buriram,GPO,0
Thailand-Buriram,GPO,0
Thailand-Buriram,GPO,0
Thailand-Buriram,GPO,0
Thailand-Buriram,GPO,0
Thailand-Buriram,GPO,0
Thailand-Buriram,GPO,0
Thailand-Buriram,GPO,0
Thailand-Buriram,GPO,0
Thailand-Buriram,GPO,0
Thailand-Buriram,GPO,0
Thailand-Buriram,GPO,0
Thailand-Buriram,GPO,0
Thailand-Buriram,GPO,0
Thailand-Buriram,GPO,0
Thailand-Buriram,GPO,0
Thailand-Buriram,GPO,0
Thailand-Chanthaburi,GPO,0
Thailand-Chanthaburi,GPO,0
Thailand-Chanthaburi,GPO,0
Thailand-Chanthaburi,GPO,0
Thailand-Chanthaburi,GPO,0
Thailand-Chanthaburi,GPO,0
Thailand-Chanthaburi,GPO,0
Thailand-Chanthaburi,GPO,0
Thailand-Chanthaburi,GPO,0
Thailand-Chanthaburi,GPO,0
Thailand-Chanthaburi,GPO,0
Thailand-Chanthaburi,GPO,0
Thailand-Chanthaburi,GPO,0
Thailand-Chanthaburi,GPO,0
Thailand-Chanthaburi,GPO,0
Thailand-Chanthaburi,GPO,0
Thailand-Chanthaburi,GPO,0
Thailand-Chanthaburi,GPO,0
Thailand-Chanthaburi,GPO,0
Thailand-Chanthaburi,GPO,0
Thailand-Chanthaburi,GPO,0
Thailand-Chanthaburi,GPO,0
Thailand-Chanthaburi,GPO,0
Thailand-Chanthaburi,GPO,0
Thailand-Chanthaburi,GPO,0
Thailand-Chanthaburi,GPO,0
Thailand-Chanthaburi,GPO,0
Thailand-Chanthaburi,GPO,0
Thailand-Chanthaburi,GPO,0
Thailand-Chanthaburi,GPO,0
Thailand-Chanthaburi,GPO,0
Thailand-Chanthaburi,GPO,0
Thailand-Chanthaburi,GPO,0
Thailand-Chanthaburi,GPO,0
Thailand-Chanthaburi,GPO,0
Thailand-Chanthaburi,GPO,0
Thailand-Chanthaburi,GPO,0
Thailand-Chanthaburi,GPO,0
Thailand-Chanthaburi,GPO,0
Thailand-Chanthaburi,GPO,0
Thailand-Chanthaburi,GPO,0
Thailand-Chanthaburi,GPO,0
Thailand-Chanthaburi,GPO,0
Thailand-Chanthaburi,GPO,0
Thailand-Chanthaburi,GPO,0
Thailand-Chanthaburi,GPO,0
Thailand-Chanthaburi,GPO,0
Thailand-Chanthaburi,GPO,0
Thailand-Chanthaburi,GPO,0
Thailand-Chanthaburi,GPO,0
Thailand-Chanthaburi,GPO,0
Thailand-Chanthaburi,GPO,0
Thailand-Chanthaburi,GPO,0
Thailand-Chanthaburi,GPO,0
Thailand-Chanthaburi,GPO,0
Thailand-Chanthaburi,GPO,0
Thailand-Chanthaburi,GPO,0
Thailand-Chanthaburi,GPO,0
Thailand-Chanthaburi,GPO,0
Thailand-Chanthaburi,GPO,0
Thailand-Chanthaburi,GPO,0
Thailand-Chanthaburi,GPO,0
Thailand-Chanthaburi,GPO,0
Thailand-Chanthaburi,GPO,0
Thailand-Chanthaburi,GPO,0
Thailand-Chanthaburi,GPO,0
Thailand-Chanthaburi,GPO,0
Thailand-Chanthaburi,GPO,0
Thailand-Chanthaburi,GPO,0
Thailand-Chanthaburi,GPO,0
Thailand-Chanthaburi,GPO,0
Thailand-Chanthaburi,GPO,0
Thailand-Chanthaburi,GPO,0
Thailand-Chanthaburi,GPO,0
Thailand-Chanthaburi,GPO,0
Thailand-Chanthaburi,GPO,0
Thailand-Chanthaburi,GPO,0
Thailand-Chanthaburi,GPO,0
Thailand-Chanthaburi,GPO,0
Thailand-Chanthaburi,GPO,0
Thailand-Chanthaburi,GPO,0
Thailand-Chanthaburi,GPO,0
Thailand-Chanthaburi,GPO,0
Thailand-Chanthaburi,GPO,0
Thailand-Chiang Mai,GPO,0
Thailand-Chiang Mai,GPO,0
Thailand-Chiang Mai,GPO,0
Thailand-Chiang Mai,GPO,0
Thailand-Chiang Mai,GPO,0
Thailand-Chiang Mai,GPO,0
Thailand-Chiang Mai,GPO,0
Thailand-Chiang Mai,GPO,0
Thailand-Chiang Mai,GPO,0
Thailand-Chiang Mai,GPO,0
Thailand-Chiang Mai,GPO,0
Thailand-Chiang Mai,GPO,0
Thailand-Kanchanaburi ,GPO,0
Thailand-Kanchanaburi ,GPO,0
Thailand-Kanchanaburi ,GPO,0
Thailand-Kanchanaburi ,GPO,0
Thailand-Kanchanaburi ,GPO,0
Thailand-Kanchanaburi ,GPO,0
Thailand-Kanchanaburi ,GPO,0
Thailand-Kanchanaburi ,GPO,0
Thailand-Kanchanaburi ,GPO,0
Thailand-Kanchanaburi ,GPO,0
Thailand-Kanchanaburi ,GPO,0
Thailand-Kanchanaburi ,GPO,0
Thailand-Kanchanaburi ,GPO,0
Thailand-Kanchanaburi ,GPO,0
Thailand-Kanchanaburi ,GPO,0
Thailand-Kanchanaburi ,GPO,0
Thailand-Kanchanaburi ,GPO,0
Thailand-Kanchanaburi ,GPO,0
Thailand-Kanchanaburi ,GPO,0
Thailand-Kanchanaburi ,GPO,0
Thailand-Kanchanaburi ,GPO,0
Thailand-Kanchanaburi ,GPO,0
Thailand-Kanchanaburi ,GPO,0
Thailand-Kanchanaburi ,GPO,0
Thailand-Kanchanaburi ,GPO,0
Thailand-Kanchanaburi ,GPO,0
Thailand-Kanchanaburi ,GPO,0
Thailand-Kanchanaburi ,GPO,0
Thailand-Kanchanaburi ,GPO,0
Thailand-Kanchanaburi ,GPO,0
Thailand-Kanchanaburi ,GPO,0
Thailand-Kanchanaburi ,GPO,0
Thailand-Kanchanaburi ,GPO,0
Thailand-Kanchanaburi ,GPO,0
Thailand-Kanchanaburi ,GPO,0
Thailand-Kanchanaburi ,GPO,0
Thailand-Kanchanaburi ,GPO,0
Thailand-Kanchanaburi ,GPO,0
Thailand-Kanchanaburi ,GPO,0
Thailand-Kanchanaburi ,GPO,0
Thailand-Kanchanaburi ,GPO,0
Thailand-Kanchanaburi ,GPO,0
Thailand-Kanchanaburi ,GPO,0
Thailand-Kanchanaburi ,GPO,0
Thailand-Kanchanaburi ,GPO,0
Thailand-Kanchanaburi ,GPO,0
Thailand-Kanchanaburi ,GPO,0
Thailand-Kanchanaburi ,GPO,0
Thailand-Kanchanaburi ,GPO,0
Thailand-Kanchanaburi ,GPO,0
Thailand-Kanchanaburi ,GPO,0
Thailand-Kanchanaburi ,GPO,0
Thailand-Kanchanaburi ,GPO,0
Thailand-Kanchanaburi ,GPO,0
Thailand-Kanchanaburi ,GPO,0
Thailand-Kanchanaburi ,GPO,0
Thailand-Kanchanaburi ,GPO,0
Thailand-Kanchanaburi ,GPO,0
Thailand-Kanchanaburi ,GPO,0
Thailand-Kanchanaburi ,GPO,0
Thailand-Kanchanaburi ,GPO,0
Thailand-Kanchanaburi ,GPO,0
Thailand-Kanchanaburi ,GPO,0
Thailand-Kanchanaburi ,GPO,0
Thailand-Kanchanaburi ,GPO,0
Thailand-Kanchanaburi ,GPO,0
Thailand-Kanchanaburi ,GPO,0
Thailand-Kanchanaburi ,GPO,0
Thailand-Kanchanaburi ,GPO,0
Thailand-Kanchanaburi ,GPO,0
Thailand-Kanchanaburi ,GPO,0
Thailand-Kanchanaburi ,GPO,0
Thailand-Kanchanaburi ,GPO,0
Thailand-Kanchanaburi ,GPO,0
Thailand-Kanchanaburi ,GPO,0
Thailand-Kanchanaburi ,GPO,0
Thailand-Kanchanaburi ,GPO,0
Thailand-Kanchanaburi ,GPO,0
Thailand-Kanchanaburi ,GPO,0
Thailand-Kanchanaburi ,GPO,0
Thailand-Kanchanaburi ,GPO,0
Thailand-Kanchanaburi ,GPO,0
Thailand-Kanchanaburi ,GPO,0
Thailand-Kanchanaburi ,GPO,0
Thailand-Kanchanaburi ,GPO,0
Thailand-Kanchanaburi ,GPO,0
Thailand-Kanchanaburi ,GPO,0
Thailand-Kanchanaburi ,GPO,0
Thailand-Kanchanaburi ,GPO,0
Thailand-Kanchanaburi ,GPO,0
Thailand-Kanchanaburi ,GPO,0
Thailand-Kanchanaburi ,GPO,0
Thailand-Kanchanaburi ,GPO,0
Thailand-Kanchanaburi ,GPO,0
Thailand-Kanchanaburi ,GPO,0
Thailand-Kanchanaburi ,GPO,0
Thailand-Kanchanaburi ,GPO,0
Thailand-Kanchanaburi ,GPO,0
Thailand-Kanchanaburi ,GPO,0
Thailand-Kanchanaburi ,GPO,0
Thailand-Kanchanaburi ,GPO,0
Thailand-Kanchanaburi ,GPO,0
Thailand-Kanchanaburi ,GPO,0
Thailand-Kanchanaburi ,GPO,0
Thailand-Kanchanaburi ,GPO,0
Thailand-Kanchanaburi ,GPO,0
Thailand-Kanchanaburi ,GPO,0
Thailand-Kanchanaburi ,GPO,0
Thailand-Kanchanaburi ,GPO,0
Thailand-Nakhon Sawan,GPO,0
Thailand-Nakhon Sawan,GPO,0
Thailand-Nakhon Sawan,GPO,0
Thailand-Nakhon Sawan,GPO,0
Thailand-Nakhon Sawan,GPO,0
Thailand-Nakhon Sawan,GPO,0
Thailand-Nakhon Sawan,GPO,0
Thailand-Nakhon Sawan,GPO,0
Thailand-Nakhon Sawan,GPO,0
Thailand-Nakhon Sawan,GPO,0
Thailand-Nakhon Sawan,GPO,0
Thailand-Nakhon Sawan,GPO,0
Thailand-Nakhon Sawan,GPO,0
Thailand-Nakhon Sawan,GPO,0
Thailand-Nakhon Sawan,GPO,0
Thailand-Nakhon Sawan,GPO,0
Thailand-Nakhon Sawan,GPO,0
Thailand-Nakhon Sawan,GPO,0
Thailand-Nakhon Sawan,GPO,0
Thailand-Nakhon Sawan,GPO,0
Thailand-Nakhon Sawan,GPO,0
Thailand-Nakhon Sawan,GPO,0
Thailand-Nakhon Sawan,GPO,0
Thailand-Nakhon Sawan,GPO,0
Thailand-Nakhon Sawan,GPO,0
Thailand-Nakhon Sawan,GPO,0
Thailand-Nakhon Sawan,GPO,0
Thailand-Nakhon Sawan,GPO,0
Thailand-Nakhon Sawan,GPO,0
Thailand-Nakhon Sawan,GPO,0
Thailand-Nakhon Sawan,GPO,0
Thailand-Nakhon Sawan,GPO,0
Thailand-Nakhon Sawan,GPO,0
Thailand-Nakhon Sawan,GPO,0
Thailand-Nakhon Sawan,GPO,0
Thailand-Nakhon Sawan,GPO,0
Thailand-Nakhon Sawan,GPO,0
Thailand-Nakhon Sawan,GPO,0
Thailand-Nakhon Sawan,GPO,0
Thailand-Nakhon Sawan,GPO,0
Thailand-Nakhon Sawan,GPO,0
Thailand-Nakhon Sawan,GPO,0
Thailand-Nakhon Sawan,GPO,0
Thailand-Nakhon Sawan,GPO,0
Thailand-Nakhon Sawan,GPO,0
Thailand-Nakhon Sawan,GPO,0
Thailand-Nakhon Sawan,GPO,0
Thailand-Nakhon Sawan,GPO,0
Thailand-Nakhon Sawan,GPO,0
Thailand-Nakhon Sawan,GPO,0
Thailand-Nakhon Sawan,GPO,0
Thailand-Nakhon Sawan,GPO,0
Thailand-Nakhon Sawan,GPO,0
Thailand-Nakhon Sawan,GPO,0
Thailand-Nakhon Sawan,GPO,0
Thailand-Nakhon Sawan,GPO,0
Thailand-Nakhon Sawan,GPO,0
Thailand-Nakhon Sawan,GPO,0
Thailand-Nakhon Sawan,GPO,0
Thailand-Nakhon Sawan,GPO,0
Thailand-Nakhon Sawan,GPO,0
Thailand-Nakhon Sawan,GPO,0
Thailand-Nakhon Sawan,GPO,0
Thailand-Nakhon Sawan,GPO,0
Thailand-Nakhon Sawan,GPO,0
Thailand-Nakhon Sawan,GPO,0
Thailand-Nakhon Sawan,GPO,0
Thailand-Nong Khai,GPO,0
Thailand-Nong Khai,GPO,0
Thailand-Nong Khai,GPO,0
Thailand-Nong Khai,GPO,0
Thailand-Nong Khai,GPO,0
Thailand-Nong Khai,GPO,0
Thailand-Nong Khai,GPO,0
Thailand-Nong Khai,GPO,0
Thailand-Nong Khai,GPO,0
Thailand-Nong Khai,GPO,0
Thailand-Nong Khai,GPO,0
Thailand-Nong Khai,GPO,0
Thailand-Nong Khai,GPO,0
Thailand-Nong Khai,GPO,0
Thailand-Nong Khai,GPO,0
Thailand-Nong Khai,GPO,0
Thailand-Nong Khai,GPO,0
Thailand-Nong Khai,GPO,0
Thailand-Nong Khai,GPO,0
Thailand-Nong Khai,GPO,0
Thailand-Nong Khai,GPO,0
Thailand-Nong Khai,GPO,0
Thailand-Nong Khai,GPO,0
Thailand-Nong Khai,GPO,0
Thailand-Nong Khai,GPO,0
Thailand-Nong Khai,GPO,0
Thailand-Nong Khai,GPO,0
Thailand-Nong Khai,GPO,0
Thailand-Nong Khai,GPO,0
Thailand-Nong Khai,GPO,0
Thailand-Nong Khai,GPO,0
Thailand-Nong Khai,GPO,0
Thailand-Nong Khai,GPO,0
Thailand-Ranong,GPO,0
Thailand-Ranong,GPO,0
Thailand-Ranong,GPO,0
Thailand-Ranong,GPO,0
Thailand-Ranong,GPO,0
Thailand-Sa Kaeo,GPO,0
Thailand-Sa Kaeo,GPO,0
Thailand-Sa Kaeo,GPO,0
Thailand-Sa Kaeo,GPO,0
Thailand-Sa Kaeo,GPO,0
Thailand-Sa Kaeo,GPO,0
Thailand-Sa Kaeo,GPO,0
Thailand-Sa Kaeo,GPO,0
Thailand-Saraburi,GPO,0
Thailand-Saraburi,GPO,0
Thailand-Saraburi,GPO,0
Thailand-Saraburi,GPO,0
Thailand-Saraburi,GPO,0
Thailand-Saraburi,GPO,0
Thailand-Saraburi,GPO,0
Thailand-Saraburi,GPO,0
Thailand-Saraburi,GPO,0
Thailand-Saraburi,GPO,0
Thailand-Saraburi,GPO,0
Thailand-Saraburi,GPO,0
Thailand-Saraburi,GPO,0
Thailand-Saraburi,GPO,0
Thailand-Sisaket,GPO,0
Thailand-Sisaket,GPO,0
Thailand-Sisaket,GPO,0
Thailand-Sisaket,GPO,0
Thailand-Sisaket,GPO,0
Thailand-Sisaket,GPO,0
Thailand-Sisaket,GPO,0
Thailand-Sisaket,GPO,0
Thailand-Sisaket,GPO,0
Thailand-Sisaket,GPO,0
Thailand-Sisaket,GPO,0
Thailand-Sisaket,GPO,0
Thailand-Sisaket,GPO,0
Thailand-Songkhla,GPO,0
Thailand-Songkhla,GPO,0
Thailand-Songkhla,GPO,0
Thailand-Songkhla,GPO,0
Thailand-Songkhla,GPO,0
Thailand-Songkhla,GPO,0
Thailand-Songkhla,GPO,0
Thailand-Songkhla,GPO,0
Thailand-Songkhla,GPO,0
Thailand-Songkhla,GPO,0
Thailand-Songkhla,GPO,0
Thailand-Songkhla,GPO,0
Thailand-Songkhla,GPO,0
Thailand-Songkhla,GPO,0
Thailand-Songkhla,GPO,0
Thailand-Songkhla,GPO,0
Thailand-Songkhla,GPO,0
Thailand-Songkhla,GPO,0
Thailand-Songkhla,GPO,0
Thailand-Songkhla,GPO,0
Thailand-Songkhla,GPO,0
Thailand-Songkhla,GPO,0
Thailand-Songkhla,GPO,0
Thailand-Songkhla,GPO,0
Thailand-Songkhla,GPO,0
Thailand-Songkhla,GPO,0
Thailand-Songkhla,GPO,0
Thailand-Songkhla,GPO,0
Thailand-Songkhla,GPO,0
Thailand-Songkhla,GPO,0
Thailand-Songkhla,GPO,0
Thailand-Songkhla,GPO,0
Thailand-Songkhla,GPO,0
Thailand-Songkhla,GPO,0
Thailand-Songkhla,GPO,0
Thailand-Songkhla,GPO,0
Thailand-Songkhla,GPO,0
Thailand-Songkhla,GPO,0
Thailand-Songkhla,GPO,0
Thailand-Songkhla,GPO,0
Thailand-Surat Thani ,GPO,0
Thailand-Surat Thani ,GPO,0
Thailand-Surat Thani ,GPO,0
Thailand-Surat Thani ,GPO,0
Thailand-Surat Thani ,GPO,0
Thailand-Surat Thani ,GPO,0
Thailand-Surat Thani ,GPO,0
Thailand-Surat Thani ,GPO,0
Thailand-Surat Thani ,GPO,0
Thailand-Surat Thani ,GPO,0
Thailand-Surat Thani ,GPO,0
Thailand-Surat Thani ,GPO,0
Thailand-Surat Thani ,GPO,0
Thailand-Surat Thani ,GPO,0
Thailand-Surat Thani ,GPO,0
Thailand-Surat Thani ,GPO,0
Thailand-Surat Thani ,GPO,0
Thailand-Surat Thani ,GPO,0
Thailand-Surat Thani ,GPO,0
Thailand-Surat Thani ,GPO,0
Thailand-Surat Thani ,GPO,0
Thailand-Surat Thani ,GPO,0
Thailand-Surat Thani ,GPO,0
Thailand-Surat Thani ,GPO,0
Thailand-Surat Thani ,GPO,0
Thailand-Surat Thani ,GPO,0
Thailand-Surat Thani ,GPO,0
Thailand-Surat Thani ,GPO,0
Thailand-Surat Thani ,GPO,0
Thailand-Surat Thani ,GPO,0
Thailand-Surat Thani ,GPO,0
Thailand-Surat Thani ,GPO,0
Thailand-Surat Thani ,GPO,0
Thailand-Surat Thani ,GPO,0
Thailand-Surat Thani ,GPO,0
Thailand-Surat Thani ,GPO,0
Thailand-Surat Thani ,GPO,0
Thailand-Surat Thani ,GPO,0
Thailand-Surat Thani ,GPO,0
Thailand-Surat Thani ,GPO,0
Thailand-Surat Thani ,GPO,0
Thailand-Surat Thani ,GPO,0
Thailand-Surat Thani ,GPO,0
Thailand-Surat Thani ,GPO,0
Thailand-Surat Thani ,GPO,0
Thailand-Surat Thani ,GPO,0
Thailand-Surat Thani ,GPO,0
Thailand-Surat Thani ,GPO,0
Thailand-Surat Thani ,GPO,0
Thailand-Surat Thani ,GPO,0
Thailand-Surat Thani ,GPO,0
Thailand-Surat Thani ,GPO,0
Thailand-Surat Thani ,GPO,0
Thailand-Surat Thani ,GPO,0
Thailand-Surat Thani ,GPO,0
Thailand-Surat Thani ,GPO,0
Thailand-Surat Thani ,GPO,0
Thailand-Surat Thani ,GPO,0
Thailand-Surat Thani ,GPO,0
Thailand-Surat Thani ,GPO,0
Thailand-Surat Thani ,GPO,0
Thailand-Surat Thani ,GPO,0
Thailand-Surat Thani ,GPO,0
Thailand-Surat Thani ,GPO,0
Thailand-Surat Thani ,GPO,0
Thailand-Surat Thani ,GPO,0
Thailand-Surat Thani ,GPO,0
Thailand-Surat Thani ,GPO,0
Thailand-Surat Thani ,GPO,0
Thailand-Surat Thani ,GPO,0
Thailand-Surin,GPO,0
Thailand-Surin,GPO,0
Thailand-Surin,GPO,0
Thailand-Surin,GPO,0
Thailand-Surin,GPO,0
Thailand-Surin,GPO,0
Thailand-Surin,GPO,0
Thailand-Surin,GPO,0
Thailand-Surin,GPO,0
Thailand-Surin,GPO,0
Thailand-Surin,GPO,0
Thailand-Surin,GPO,0
Thailand-Surin,GPO,0
Thailand-Surin,GPO,0
Thailand-Surin,GPO,0
Thailand-Surin,GPO,0
Thailand-Surin,GPO,0
Thailand-Surin,GPO,0
Thailand-Surin,GPO,0
Thailand-Surin,GPO,0
Thailand-Surin,GPO,0
Thailand-Surin,GPO,0
Thailand-Surin,GPO,0
Thailand-Surin,GPO,0
Thailand-Surin,GPO,0
Thailand-Surin,GPO,0
Thailand-Surin,GPO,0
Thailand-Surin,GPO,0
Thailand-Surin,GPO,0
Thailand-Surin,GPO,0
Thailand-Surin,GPO,0
Thailand-Surin,GPO,0
Thailand-Surin,GPO,0
Thailand-Surin,GPO,0
Thailand-Surin,GPO,0
Thailand-Surin,GPO,0
Thailand-Surin,GPO,0
Thailand-Tak,GPO,0
Thailand-Tak,GPO,0
Thailand-Tak,GPO,0
Thailand-Tak,GPO,0
Thailand-Tak,GPO,0
Thailand-Tak,GPO,0
Thailand-Tak,GPO,0
Thailand-Tak,GPO,0
Thailand-Tak,GPO,0
Thailand-Tak,GPO,0
Thailand-Tak,GPO,0
Thailand-Tak,GPO,0
Thailand-Tak,GPO,0
Thailand-Tak,GPO,0
Thailand-Tak,GPO,0
Thailand-Tak,GPO,0
Thailand-Tak,GPO,0
Thailand-Tak,GPO,0
Thailand-Tak,GPO,0
Thailand-Tak,GPO,0
Thailand-Tak,GPO,0
Thailand-Tak,GPO,0
Thailand-Tak,GPO,0
Thailand-Tak,GPO,0
Thailand-Tak,GPO,0
Thailand-Tak,GPO,0
Thailand-Tak,GPO,0
Thailand-Tak,GPO,0
Thailand-Tak,GPO,0
Thailand-Tak,GPO,0
Thailand-Tak,GPO,0
Thailand-Tak,GPO,0
Thailand-Tak,GPO,0
Thailand-Tak,GPO,0
Thailand-Tak,GPO,0
Thailand-Tak,GPO,0
Thailand-Tak,GPO,0
Thailand-Tak,GPO,0
Thailand-Tak,GPO,0
Thailand-Tak,GPO,0
Thailand-Tak,GPO,0
Thailand-Tak,GPO,0
Thailand-Tak,GPO,0
Thailand-Tak,GPO,0
Thailand-Tak,GPO,0
Thailand-Tak,GPO,0
Thailand-Trat,GPO,0
Thailand-Trat,GPO,0
Thailand-Trat,GPO,0
Thailand-Trat,GPO,0
Thailand-Trat,GPO,0
Thailand-Trat,GPO,0
Thailand-Trat,GPO,0
Thailand-Trat,GPO,0
Thailand-Trat,GPO,0
Thailand-Trat,GPO,0
Thailand-Trat,GPO,0
Thailand-Trat,GPO,0
Thailand-Trat,GPO,0
Thailand-Trat,GPO,0
Thailand-Trat,GPO,0
Thailand-Trat,GPO,0
Thailand-Trat,GPO,0
Thailand-Trat,GPO,0
Thailand-Ubon Ratchathani,GPO,0
Thailand-Ubon Ratchathani,GPO,0
Thailand-Ubon Ratchathani,GPO,0
Thailand-Ubon Ratchathani,GPO,0
Thailand-Ubon Ratchathani,GPO,0
Thailand-Ubon Ratchathani,GPO,0
Thailand-Ubon Ratchathani,GPO,0
Thailand-Ubon Ratchathani,GPO,0
Thailand-Ubon Ratchathani,GPO,0
Thailand-Ubon Ratchathani,GPO,0
Thailand-Ubon Ratchathani,GPO,0
Thailand-Ubon Ratchathani,GPO,0
Thailand-Ubon Ratchathani,GPO,0
Thailand-Ubon Ratchathani,GPO,0
Thailand-Ubon Ratchathani,GPO,0
Thailand-Ubon Ratchathani,GPO,0
Thailand-Ubon Ratchathani,GPO,0
Thailand-Ubon Ratchathani,GPO,0
Thailand-Ubon Ratchathani,GPO,0
Thailand-Ubon Ratchathani,GPO,0
Thailand-Ubon Ratchathani,GPO,0
Thailand-Ubon Ratchathani,GPO,0
Thailand-Ubon Ratchathani,GPO,0
Thailand-Ubon Ratchathani,GPO,0
Thailand-Ubon Ratchathani,GPO,0
Thailand-Ubon Ratchathani,GPO,0
Thailand-Ubon Ratchathani,GPO,0
Thailand-Ubon Ratchathani,GPO,0
Thailand-Ubon Ratchathani,GPO,0
Thailand-Ubon Ratchathani,GPO,0
Thailand-Ubon Ratchathani,GPO,0
Thailand-Songkhla,Greater Pharma Limited Partnership,0
Thailand-Chanthaburi,Guilin Pharmaceuticals,0
Thailand-Chanthaburi,Guilin Pharmaceuticals,0
Thailand-Chanthaburi,Guilin Pharmaceuticals,0
Thailand-Chanthaburi,Guilin Pharmaceuticals,0
Thailand-Chanthaburi,Guilin Pharmaceuticals,0
Thailand-Chanthaburi,Guilin Pharmaceuticals,0
Thailand-Chiang Mai,Guilin Pharmaceuticals,0
Thailand-Kanchanaburi ,Guilin Pharmaceuticals,0
Thailand-Kanchanaburi ,Guilin Pharmaceuticals,0
Thailand-Kanchanaburi ,Guilin Pharmaceuticals,0
Thailand-Kanchanaburi ,Guilin Pharmaceuticals,0
Thailand-Kanchanaburi ,Guilin Pharmaceuticals,0
Thailand-Kanchanaburi ,Guilin Pharmaceuticals,0
Thailand-Kanchanaburi ,Guilin Pharmaceuticals,0
Thailand-Kanchanaburi ,Guilin Pharmaceuticals,0
Thailand-Kanchanaburi ,Guilin Pharmaceuticals,0
Thailand-Kanchanaburi ,Guilin Pharmaceuticals,0
Thailand-Kanchanaburi ,Guilin Pharmaceuticals,0
Thailand-Kanchanaburi ,Guilin Pharmaceuticals,0
Thailand-Kanchanaburi ,Guilin Pharmaceuticals,0
Thailand-Kanchanaburi ,Guilin Pharmaceuticals,0
Thailand-Kanchanaburi ,Guilin Pharmaceuticals,0
Thailand-Kanchanaburi ,Guilin Pharmaceuticals,0
Thailand-Kanchanaburi ,Guilin Pharmaceuticals,0
Thailand-Kanchanaburi ,Guilin Pharmaceuticals,0
Thailand-Kanchanaburi ,Guilin Pharmaceuticals,0
Thailand-Kanchanaburi ,Guilin Pharmaceuticals,0
Thailand-Kanchanaburi ,Guilin Pharmaceuticals,0
Thailand-Kanchanaburi ,Guilin Pharmaceuticals,0
Thailand-Kanchanaburi ,Guilin Pharmaceuticals,0
Thailand-Kanchanaburi ,Guilin Pharmaceuticals,0
Thailand-Kanchanaburi ,Guilin Pharmaceuticals,0
Thailand-Kanchanaburi ,Guilin Pharmaceuticals,0
Thailand-Kanchanaburi ,Guilin Pharmaceuticals,0
Thailand-Kanchanaburi ,Guilin Pharmaceuticals,0
Thailand-Mae Hong Son,Guilin Pharmaceuticals,0
Thailand-Mae Hong Son,Guilin Pharmaceuticals,0
Thailand-Mae Hong Son,Guilin Pharmaceuticals,0
Thailand-Mae Hong Son,Guilin Pharmaceuticals,0
Thailand-Nakhon Sawan,Guilin Pharmaceuticals,0
Thailand-Ranong,Guilin Pharmaceuticals,0
Thailand-Sa Kaeo,Guilin Pharmaceuticals,0
Thailand-Sa Kaeo,Guilin Pharmaceuticals,0
Thailand-Sa Kaeo,Guilin Pharmaceuticals,0
Thailand-Sa Kaeo,Guilin Pharmaceuticals,0
Thailand-Surin,Guilin Pharmaceuticals,0
Thailand-Surin,Guilin Pharmaceuticals,0
Thailand-Surin,Guilin Pharmaceuticals,0
Thailand-Surin,Guilin Pharmaceuticals,0
Thailand-Surin,Guilin Pharmaceuticals,0
Thailand-Surin,Guilin Pharmaceuticals,0
Thailand-Surin,Guilin Pharmaceuticals,0
Thailand-Surin,Guilin Pharmaceuticals,0
Thailand-Tak,Guilin Pharmaceuticals,0
Thailand-Tak,Guilin Pharmaceuticals,0
Thailand-Tak,Guilin Pharmaceuticals,0
Thailand-Tak,Guilin Pharmaceuticals,0
Thailand-Tak,Guilin Pharmaceuticals,0
Thailand-Tak,Guilin Pharmaceuticals,0
Thailand-Tak,Guilin Pharmaceuticals,0
Thailand-Tak,Guilin Pharmaceuticals,0
Thailand-Tak,Guilin Pharmaceuticals,0
Thailand-Tak,Guilin Pharmaceuticals,0
Thailand-Tak,Guilin Pharmaceuticals,0
Thailand-Tak,Guilin Pharmaceuticals,0
Thailand-Tak,Guilin Pharmaceuticals,0
Thailand-Tak,Guilin Pharmaceuticals,0
Thailand-Tak,Guilin Pharmaceuticals,0
Thailand-Tak,Guilin Pharmaceuticals,0
Thailand-Tak,Guilin Pharmaceuticals,0
Thailand-Tak,Guilin Pharmaceuticals,0
Thailand-Trat,Guilin Pharmaceuticals,0
Thailand-Trat,Guilin Pharmaceuticals,0
Thailand-Trat,Guilin Pharmaceuticals,0
Thailand-Trat,Guilin Pharmaceuticals,0
Thailand-Trat,Guilin Pharmaceuticals,0
Thailand-Trat,Guilin Pharmaceuticals,0
Thailand-Trat,Guilin Pharmaceuticals,0
Thailand-Trat,Guilin Pharmaceuticals,0
Thailand-Trat,Guilin Pharmaceuticals,0
Thailand-Trat,Guilin Pharmaceuticals,0
Thailand-Trat,Guilin Pharmaceuticals,0
Thailand-Trat,Guilin Pharmaceuticals,0
Thailand-Trat,Guilin Pharmaceuticals,0
Thailand-Trat,Guilin Pharmaceuticals,0
Thailand-Trat,Guilin Pharmaceuticals,0
Thailand-Nakhon Sawan,Guilin Pharmaceuticals,0
Thailand-Nakhon Sawan,Guilin Pharmaceuticals,0
Thailand-Buriram,"Heromycin Pharma Co., Ltd",0
Thailand-Buriram,"Heromycin Pharma Co., Ltd",0
Thailand-Nakhon Sawan,"Heromycin Pharma Co., Ltd",0
Thailand-Nong Khai,"Heromycin Pharma Co., Ltd",0
Thailand-Nong Khai,"Heromycin Pharma Co., Ltd",0
Thailand-Songkhla,"Heromycin Pharma Co., Ltd",0
Thailand-Trat,"Heromycin Pharma Co., Ltd",0
Thailand-Buriram,HK Pharmaceutical,0
Thailand-Chanthaburi,HK Pharmaceutical,0
Thailand-Kanchanaburi ,HK Pharmaceutical,0
Thailand-Kanchanaburi ,HK Pharmaceutical,0
Thailand-Kanchanaburi ,HK Pharmaceutical,0
Thailand-Nong Khai,HK Pharmaceutical,0
Thailand-Nong Khai,HK Pharmaceutical,0
Thailand-Nong Khai,HK Pharmaceutical,0
Thailand-Sa Kaeo,HK Pharmaceutical,0
Thailand-Saraburi,HK Pharmaceutical,0
Thailand-Saraburi,HK Pharmaceutical,0
Thailand-Songkhla,HK Pharmaceutical,0
Thailand-Songkhla,HK Pharmaceutical,0
Thailand-Songkhla,HK Pharmaceutical,0
Thailand-Songkhla,HK Pharmaceutical,0
Thailand-Surin,HK Pharmaceutical,0
Thailand-Ranong,Hlamthong Medical,0
Thailand-Chanthaburi,IDS manufacturing,0
Thailand-Chanthaburi,IDS manufacturing,0
Thailand-Chiang Mai,IDS manufacturing,0
Thailand-Chiang Mai,IDS manufacturing,0
Thailand-Sa Kaeo,IDS manufacturing,0
Thailand-Songkhla,IDS manufacturing,0
Thailand-Trat,IDS manufacturing,0
Thailand-Trat,IDS manufacturing,0
Thailand-Trat,IDS manufacturing,0
Thailand-Trat,IDS manufacturing,0
Thailand-Trat,IDS manufacturing,0
Thailand-Trat,IDS manufacturing,0
Thailand-Trat,IDS manufacturing,0
Thailand-Trat,IDS manufacturing,0
Thailand-Trat,IDS manufacturing,0
Thailand-Trat,IDS manufacturing,0
Thailand-Mae Hong Son,"Impact Pharma Co., Ltd",0
Thailand-Buriram,"Jawaraj Dispensary Co., Ltd",0
Thailand-Buriram,"Jawaraj Dispensary Co., Ltd",0
Thailand-Buriram,"Jawaraj Dispensary Co., Ltd",0
Thailand-Nong Khai,"Jawaraj Dispensary Co., Ltd",0
Thailand-Sa Kaeo,"Jawaraj Dispensary Co., Ltd",0
Thailand-Surin,"Jawaraj Dispensary Co., Ltd",0
Thailand-Surin,"Jawaraj Dispensary Co., Ltd",0
Thailand-Trat,"Jawaraj Dispensary Co., Ltd",0
Thailand-Songkhla,Khandewal Lab,0
Thailand-Chanthaburi,Lachmann Co.,0
Thailand-Chanthaburi,Lachmann Co.,0
Thailand-Chanthaburi,Lachmann Co.,0
Thailand-Chanthaburi,Lachmann Co.,0
Thailand-Nong Khai,Lachmann Co.,0
Thailand-Chanthaburi,Lamthong Medical Ltd.,0
Thailand-Chanthaburi,Lamthong Medical Ltd.,0
Thailand-Chiang Mai,Lamthong Medical Ltd.,0
Thailand-Kanchanaburi ,Lamthong Medical Ltd.,0
Thailand-Kanchanaburi ,Lamthong Medical Ltd.,0
Thailand-Sisaket,Lamthong Medical Ltd.,0
Thailand-Surin,Lamthong Medical Ltd.,0
Thailand-Trat,Lamthong Medical Ltd.,0
Thailand-Kanchanaburi ,"LBS Laboratory Ltd, Part",0
Thailand-Chanthaburi,"Leamtongkarnpat Pharmacy Co., Ltd",0
Thailand-Chanthaburi,"Leamtongkarnpat Pharmacy Co., Ltd",0
Thailand-Nong Khai,Lerd Singh Pharmacutical Fact.,0
Thailand-Chanthaburi,Liwinner Pharmaceutical,0
Thailand-Mae Hong Son,Liwinner Pharmaceutical,0
Thailand-Mae Hong Son,Liwinner Pharmaceutical,0
Thailand-Nakhon Sawan,M&H,0
Thailand-Nong Khai,M&H,0
Thailand-Nong Khai,M&H,0
Thailand-Surat Thani ,M&H,0
Thailand-Surat Thani ,M&H,0
Thailand-Surat Thani ,M&H,0
Thailand-Surat Thani ,M&H,0
Thailand-Surat Thani ,M&H,0
Thailand-Surat Thani ,M&H,0
Thailand-Surat Thani ,M&H,0
Thailand-Surat Thani ,M&H,0
Thailand-Tak,M&H,0
Thailand-Tak,M&H,0
Thailand-Songkhla,"Macrophar Co., Ltd",0
Thailand-Chanthaburi,"March Pharmaceutical Co., Ltd",0
Thailand-Chanthaburi,"March Pharmaceutical Co., Ltd",0
Thailand-Mae Hong Son,"March Pharmaceutical Co., Ltd",0
Thailand-Sa Kaeo,"March Pharmaceutical Co., Ltd",0
Thailand-Saraburi,"March Pharmaceutical Co., Ltd",0
Thailand-Surat Thani ,"March Pharmaceutical Co., Ltd",0
Thailand-Nong Khai,"Masa Lab Co., Ltd",0
Thailand-Saraburi,"Medicine Products Co., Ltd",0
Thailand-Songkhla,"Medicine Products Co., Ltd",0
Thailand-Nong Khai,"Medicpharma Co., Ltd",0
Thailand-Nong Khai,"Medicpharma Co., Ltd",0
Thailand-Nong Khai,"Medicpharma Co., Ltd",0
Thailand-Songkhla,"Medicpharma Co., Ltd",0
Thailand-Ubon Ratchathani,"Medicpharma Co., Ltd",0
Thailand-Ubon Ratchathani,"Medicpharma Co., Ltd",0
Thailand-Saraburi,Medition Product Co.,0
Thailand-Saraburi,Medition Product Co.,0
Thailand-Songkhla,Medline,0
Thailand-Songkhla,Medline,0
Thailand-Chanthaburi,Mepha Ltd.,0
Thailand-Chanthaburi,Mepha Ltd.,0
Thailand-Chanthaburi,Mepha Ltd.,0
Thailand-Chanthaburi,Mepha Ltd.,0
Thailand-Chanthaburi,Mepha Ltd.,0
Thailand-Kanchanaburi ,Mepha Ltd.,0
Thailand-Kanchanaburi ,Mepha Ltd.,0
Thailand-Kanchanaburi ,Mepha Ltd.,0
Thailand-Kanchanaburi ,Mepha Ltd.,0
Thailand-Mae Hong Son,Mepha Ltd.,0
Thailand-Ranong,Mepha Ltd.,0
Thailand-Ranong,Mepha Ltd.,0
Thailand-Chiang Mai,"Merck & Co., Inc.",0
Thailand-Nong Khai,"Merck & Co., Inc.",0
Thailand-Nong Khai,"Merck & Co., Inc.",0
Thailand-Nakhon Sawan,Millimed,0
Thailand-Nakhon Sawan,Millimed,0
Thailand-Nong Khai,Millimed,0
Thailand-Saraburi,Millimed,0
Thailand-Saraburi,Millimed,0
Thailand-Nong Khai,Modern Manu Co.,0
Thailand-Songkhla,Modern Manu Co.,0
Thailand-Songkhla,Modern Manu Co.,0
Thailand-Songkhla,Modern Manu Co.,0
Thailand-Songkhla,Modern Manu Co.,0
Thailand-Surat Thani ,Modern Manu Co.,0
Thailand-Tak,Modern Manu Co.,0
Thailand-Nakhon Sawan,MSD,0
Thailand-Surat Thani ,N.K. Pharmaceutical,0
Thailand-Bangkok ,New Life Pharma,0
Thailand-Bangkok ,New Life Pharma,0
Thailand-Bangkok ,New Life Pharma,0
Thailand-Buriram,New Life Pharma,0
Thailand-Buriram,New Life Pharma,0
Thailand-Buriram,New Life Pharma,0
Thailand-Buriram,New Life Pharma,0
Thailand-Buriram,New Life Pharma,0
Thailand-Chanthaburi,New Life Pharma,0
Thailand-Chanthaburi,New Life Pharma,0
Thailand-Chanthaburi,New Life Pharma,0
Thailand-Chanthaburi,New Life Pharma,0
Thailand-Chanthaburi,New Life Pharma,0
Thailand-Chanthaburi,New Life Pharma,0
Thailand-Nakhon Sawan,New Life Pharma,0
Thailand-Nakhon Sawan,New Life Pharma,0
Thailand-Nakhon Sawan,New Life Pharma,0
Thailand-Nakhon Sawan,New Life Pharma,0
Thailand-Nakhon Sawan,New Life Pharma,0
Thailand-Nakhon Sawan,New Life Pharma,0
Thailand-Nakhon Sawan,New Life Pharma,0
Thailand-Nong Khai,New Life Pharma,0
Thailand-Nong Khai,New Life Pharma,0
Thailand-Sa Kaeo,New Life Pharma,0
Thailand-Sa Kaeo,New Life Pharma,0
Thailand-Sa Kaeo,New Life Pharma,0
Thailand-Saraburi,New Life Pharma,0
Thailand-Saraburi,New Life Pharma,0
Thailand-Saraburi,New Life Pharma,0
Thailand-Songkhla,New Life Pharma,0
Thailand-Songkhla,New Life Pharma,0
Thailand-Songkhla,New Life Pharma,0
Thailand-Songkhla,New Life Pharma,0
Thailand-Songkhla,New Life Pharma,0
Thailand-Surat Thani ,New Life Pharma,0
Thailand-Surat Thani ,New Life Pharma,0
Thailand-Tak,New Life Pharma,0
Thailand-Trat,New Life Pharma,0
Thailand-Trat,New Life Pharma,0
Thailand-Trat,New Life Pharma,0
Thailand-Trat,New Life Pharma,0
Thailand-Trat,New Life Pharma,0
Thailand-Trat,New Life Pharma,0
Thailand-Trat,New Life Pharma,0
Thailand-Trat,New Life Pharma,0
Thailand-Chanthaburi,Newcharoen Pharmaceutical LP,0
Thailand-Saraburi,Newlight Pama Ltd,0
Thailand-Saraburi,Newlight Pama Ltd,0
Thailand-Saraburi,Nida Pharma Incorporation Co Ltd,0
Thailand-Saraburi,Nida Pharma Incorporation Co Ltd,0
Thailand-Saraburi,Nida Pharma Incorporation Co Ltd,0
Thailand-Songkhla,Nida Pharma Incorporation Co Ltd,0
Thailand-Songkhla,Nida Pharma Incorporation Co Ltd,0
Thailand-Surat Thani ,Nida Pharma Incorporation Co Ltd,0
Thailand-Surat Thani ,Nida Pharma Incorporation Co Ltd,0
Thailand-Surat Thani ,Nida Pharma Incorporation Co Ltd,0
Thailand-Surat Thani ,Nida Pharma Incorporation Co Ltd,0
Thailand-Surat Thani ,Nida Pharma Incorporation Co Ltd,0
Thailand-Tak,Novartis,0
Thailand-Nakhon Sawan,Olan Co.,0
Thailand-Bangkok ,"Olic Thailand Co., Ltd",0
Thailand-Bangkok ,"Olic Thailand Co., Ltd",0
Thailand-Bangkok ,"Olic Thailand Co., Ltd",0
Thailand-Bangkok ,"Olic Thailand Co., Ltd",0
Thailand-Bangkok ,"Olic Thailand Co., Ltd",0
Thailand-Nong Khai,"Olic Thailand Co., Ltd",0
Thailand-Songkhla,"Olic Thailand Co., Ltd",0
Thailand-Chanthaburi,Osoth Inter Laboratories,0
Thailand-Kanchanaburi ,Osoth Inter Laboratories,0
Thailand-Nong Khai,Osoth Inter Laboratories,0
Thailand-Sa Kaeo,Osoth Inter Laboratories,0
Thailand-Saraburi,Osoth Inter Laboratories,0
Thailand-Songkhla,Osoth Inter Laboratories,0
Thailand-Surat Thani ,Osoth Inter Laboratories,0
Thailand-Surat Thani ,Osoth Inter Laboratories,0
Thailand-Surat Thani ,Osoth Inter Laboratories,0
Thailand-Surin,"Patanakarn Bhaesaj Ltd., Part",0
Thailand-Buriram,"Patar Lab Ltd, Part",0
Thailand-Sa Kaeo,"Patar Lab Ltd, Part",0
Thailand-Sa Kaeo,"Patar Lab Ltd, Part",0
Thailand-Sa Kaeo,"Patar Lab Ltd, Part",0
Thailand-Sa Kaeo,"Patar Lab Ltd, Part",0
Thailand-Surin,"Patar Lab Ltd, Part",0
Thailand-Kanchanaburi ,PCT,0
Thailand-Kanchanaburi ,PCT,0
Thailand-Chanthaburi,"Phaibool Bhaesaj Ltd, Part",0
Thailand-Saraburi,Phamagent Laboratories Co.,0
Thailand-Kanchanaburi ,"Pharmaceutical chemical medical Co., Ltd",0
Thailand-Sa Kaeo,"Pharmalint Laboratories Co., Ltd",0
Thailand-Buriram,"Pharmasant Laboratories Co., Ltd",0
Thailand-Buriram,"Pharmasant Laboratories Co., Ltd",0
Thailand-Kanchanaburi ,"Pharmasant Laboratories Co., Ltd",0
Thailand-Nong Khai,"Pharmasant Laboratories Co., Ltd",0
Thailand-Nong Khai,"Pharmasant Laboratories Co., Ltd",0
Thailand-Ranong,"Pharmasant Laboratories Co., Ltd",0
Thailand-Saraburi,"Pharmasant Laboratories Co., Ltd",0
Thailand-Songkhla,"Pharmasant Laboratories Co., Ltd",0
Thailand-Songkhla,"Pharmasant Laboratories Co., Ltd",0
Thailand-Surin,"Pharmasant Laboratories Co., Ltd",0
Thailand-Surin,"Pharmasant Laboratories Co., Ltd",0
Thailand-Surin,"Pharmasant Laboratories Co., Ltd",0
Thailand-Surin,"Pharmasant Laboratories Co., Ltd",0
Thailand-Ubon Ratchathani,"Pharmasant Laboratories Co., Ltd",0
Thailand-Bangkok ,"Picco Pharma Co., Ltd",0
Thailand-Buriram,"Picco Pharma Co., Ltd",0
Thailand-Buriram,"Picco Pharma Co., Ltd",0
Thailand-Chiang Mai,"Picco Pharma Co., Ltd",0
Thailand-Chiang Mai,"Picco Pharma Co., Ltd",0
Thailand-Kanchanaburi ,"Picco Pharma Co., Ltd",0
Thailand-Nakhon Sawan,"Picco Pharma Co., Ltd",0
Thailand-Nong Khai,"Picco Pharma Co., Ltd",0
Thailand-Ranong,"Picco Pharma Co., Ltd",0
Thailand-Ranong,"Picco Pharma Co., Ltd",0
Thailand-Sa Kaeo,"Picco Pharma Co., Ltd",0
Thailand-Sa Kaeo,"Picco Pharma Co., Ltd",0
Thailand-Sa Kaeo,"Picco Pharma Co., Ltd",0
Thailand-Surat Thani ,"Picco Pharma Co., Ltd",0
Thailand-Surin,"Picco Pharma Co., Ltd",0
Thailand-Trat,"Picco Pharma Co., Ltd",0
Thailand-Trat,"Picco Pharma Co., Ltd",0
Thailand-Trat,"Picco Pharma Co., Ltd",0
Thailand-Trat,"Picco Pharma Co., Ltd",0
Thailand-Trat,"Picco Pharma Co., Ltd",0
Thailand-Trat,"Picco Pharma Co., Ltd",0
Thailand-Nakhon Sawan,Polipharm,0
Thailand-Nong Khai,Polipharm,0
Thailand-Songkhla,Polipharm,0
Thailand-Chanthaburi,Pond Chemical Thailand,0
Thailand-Chiang Mai,Pond Chemical Thailand,0
Thailand-Kanchanaburi ,Pond Chemical Thailand,0
Thailand-Kanchanaburi ,Pond Chemical Thailand,0
Thailand-Kanchanaburi ,Pond Chemical Thailand,0
Thailand-Kanchanaburi ,Pond Chemical Thailand,0
Thailand-Kanchanaburi ,Pond Chemical Thailand,0
Thailand-Mae Hong Son,Pond Chemical Thailand,0
Thailand-Nakhon Sawan,Pond Chemical Thailand,0
Thailand-Nong Khai,Pond Chemical Thailand,0
Thailand-Ranong,Pond Chemical Thailand,0
Thailand-Ranong,Pond Chemical Thailand,0
Thailand-Saraburi,Pond Chemical Thailand,0
Thailand-Songkhla,Pond Chemical Thailand,0
Thailand-Surat Thani ,Pond Chemical Thailand,0
Thailand-Saraburi,Public Pharmaceutical Lab,0
Thailand-Bangkok ,"Qualimed Co, Ltd by Chemeph and Medical BKK Thailand",0
Thailand-Surat Thani ,Quilin Pharmaceutical,0
Thailand-Surat Thani ,Quilin Pharmaceutical,0
Thailand-Surat Thani ,Quilin Pharmaceutical,0
Thailand-Surat Thani ,Quilin Pharmaceutical,0
Thailand-Saraburi,Ranbaxy,0
Thailand-Songkhla,Ranbaxy,0
Thailand-Songkhla,Ranbaxy,0
Thailand-Songkhla,Ranbaxy,0
Thailand-Sa Kaeo,"Remy Pharm Co., Ltd",0
Thailand-Surat Thani ,RK Manufacturing,0
Thailand-Bangkok ,"RPC International Co., Ltd",0
Thailand-Bangkok ,"RPC International Co., Ltd",0
Thailand-Kanchanaburi ,Rx,0
Thailand-Surin,S. Kant Healthcare Ltd,0
Thailand-Nakhon Sawan,"S.M. Pharmaceutical Co., Ltd",0
Thailand-Nong Khai,S.S.P. Laboratories,0
Thailand-Sa Kaeo,S.S.P. Laboratories,0
Thailand-Sa Kaeo,S.S.P. Laboratories,0
Thailand-Surin,S.S.P. Laboratories,0
Thailand-Surin,S.S.P. Laboratories,0
Thailand-Surin,S.S.P. Laboratories,0
Thailand-Surin,S.S.P. Laboratories,0
Thailand-Surin,S.S.P. Laboratories,0
Thailand-Surin,S.S.P. Laboratories,0
Thailand-Songkhla,"S.T. Group Pharma and Health Care Co., Ltd",0
Thailand-Surat Thani ,Sahapat Pharmacy,0
Thailand-Surat Thani ,Sahapat Pharmacy,0
Thailand-Ubon Ratchathani,Season Farm (Thailand) Ltd,0
Thailand-Buriram,Seven Stars Pharmaceutical Co. Ltd,0
Thailand-Buriram,Seven Stars Pharmaceutical Co. Ltd,0
Thailand-Chanthaburi,Seven Stars Pharmaceutical Co. Ltd,0
Thailand-Chanthaburi,Seven Stars Pharmaceutical Co. Ltd,0
Thailand-Chanthaburi,Seven Stars Pharmaceutical Co. Ltd,0
Thailand-Nakhon Sawan,Seven Stars Pharmaceutical Co. Ltd,0
Thailand-Nakhon Sawan,Seven Stars Pharmaceutical Co. Ltd,0
Thailand-Nakhon Sawan,Seven Stars Pharmaceutical Co. Ltd,0
Thailand-Nakhon Sawan,Seven Stars Pharmaceutical Co. Ltd,0
Thailand-Nong Khai,Seven Stars Pharmaceutical Co. Ltd,0
Thailand-Nong Khai,Seven Stars Pharmaceutical Co. Ltd,0
Thailand-Nong Khai,Seven Stars Pharmaceutical Co. Ltd,0
Thailand-Nong Khai,Seven Stars Pharmaceutical Co. Ltd,0
Thailand-Nong Khai,Seven Stars Pharmaceutical Co. Ltd,0
Thailand-Sa Kaeo,Seven Stars Pharmaceutical Co. Ltd,0
Thailand-Saraburi,Seven Stars Pharmaceutical Co. Ltd,0
Thailand-Saraburi,Seven Stars Pharmaceutical Co. Ltd,0
Thailand-Saraburi,Seven Stars Pharmaceutical Co. Ltd,0
Thailand-Saraburi,Seven Stars Pharmaceutical Co. Ltd,0
Thailand-Saraburi,Seven Stars Pharmaceutical Co. Ltd,0
Thailand-Saraburi,Seven Stars Pharmaceutical Co. Ltd,0
Thailand-Songkhla,Seven Stars Pharmaceutical Co. Ltd,0
Thailand-Songkhla,Seven Stars Pharmaceutical Co. Ltd,0
Thailand-Songkhla,Seven Stars Pharmaceutical Co. Ltd,0
Thailand-Songkhla,Seven Stars Pharmaceutical Co. Ltd,0
Thailand-Songkhla,Seven Stars Pharmaceutical Co. Ltd,0
Thailand-Songkhla,Seven Stars Pharmaceutical Co. Ltd,0
Thailand-Songkhla,Seven Stars Pharmaceutical Co. Ltd,0
Thailand-Songkhla,Seven Stars Pharmaceutical Co. Ltd,0
Thailand-Songkhla,Seven Stars Pharmaceutical Co. Ltd,0
Thailand-Songkhla,Seven Stars Pharmaceutical Co. Ltd,0
Thailand-Songkhla,Seven Stars Pharmaceutical Co. Ltd,0
Thailand-Songkhla,Seven Stars Pharmaceutical Co. Ltd,0
Thailand-Surat Thani ,Seven Stars Pharmaceutical Co. Ltd,0
Thailand-Surat Thani ,Seven Stars Pharmaceutical Co. Ltd,0
Thailand-Ubon Ratchathani,Seven Stars Pharmaceutical Co. Ltd,0
Thailand-Ubon Ratchathani,Seven Stars Pharmaceutical Co. Ltd,0
Thailand-Kanchanaburi ,Siam,0
Thailand-Kanchanaburi ,Siam,0
Thailand-Kanchanaburi ,Siam,0
Thailand-Kanchanaburi ,Siam,0
Thailand-Kanchanaburi ,Siam,0
Thailand-Kanchanaburi ,Siam,0
Thailand-Bangkok ,Siam Bheasache Co. Ltd,0
Thailand-Songkhla,Siam Bheasache Co. Ltd,0
Thailand-Songkhla,Siam Bheasache Co. Ltd,0
Thailand-Songkhla,Siam Bheasache Co. Ltd,0
Thailand-Songkhla,Siam Bheasache Co. Ltd,0
Thailand-Songkhla,Siam Bheasache Co. Ltd,0
Thailand-Songkhla,Siam Bheasache Co. Ltd,0
Thailand-Surat Thani ,Siam Bheasache Co. Ltd,0
Thailand-Surat Thani ,Siam Bheasache Co. Ltd,0
Thailand-Bangkok ,Siam Medicare Co.,0
Thailand-Bangkok ,Siam Medicare Co.,0
Thailand-Chiang Mai,Siam Medicare Co.,0
Thailand-Nong Khai,Siam Medicare Co.,0
Thailand-Nong Khai,Siam Medicare Co.,0
Thailand-Nong Khai,Siam Medicare Co.,0
Thailand-Songkhla,Siam Medicare Co.,0
Thailand-Songkhla,Siam Medicare Co.,0
Thailand-Songkhla,Siam Medicare Co.,0
Thailand-Surat Thani ,Siam Medicare Co.,0
Thailand-Trat,Siam Medicare Co.,0
Thailand-Ubon Ratchathani,Siam Medicare Co.,0
Thailand-Bangkok ,Siam Pharmaceutical Co.,0
Thailand-Bangkok ,Siam Pharmaceutical Co.,0
Thailand-Bangkok ,Siam Pharmaceutical Co.,0
Thailand-Nakhon Sawan,Siam Pharmaceutical Co.,0
Thailand-Nakhon Sawan,Siam Pharmaceutical Co.,0
Thailand-Nakhon Sawan,Siam Pharmaceutical Co.,0
Thailand-Nong Khai,Siam Pharmaceutical Co.,0
Thailand-Saraburi,Siam Pharmaceutical Co.,0
Thailand-Saraburi,Siam Pharmaceutical Co.,0
Thailand-Saraburi,Siam Pharmaceutical Co.,0
Thailand-Surin,"Sinopharm Co., Ltd",0
Thailand-Surin,"Sinopharm Co., Ltd",0
Thailand-Mae Hong Son,"Sriprasit Pharma Co., Ltd",0
Thailand-Saraburi,"Sriprasit Pharma Co., Ltd",0
Thailand-Trat,"Sriprasit Pharma Co., Ltd",0
Thailand-Nakhon Sawan,Summit,0
Thailand-Nong Khai,Suphoag Bhaesaj,0
Thailand-Buriram,T-Man Pharmaceuticals Ltd,0
Thailand-Buriram,T-Man Pharmaceuticals Ltd,0
Thailand-Buriram,T-Man Pharmaceuticals Ltd,0
Thailand-Chanthaburi,T-Man Pharmaceuticals Ltd,0
Thailand-Chanthaburi,T-Man Pharmaceuticals Ltd,0
Thailand-Chanthaburi,T-Man Pharmaceuticals Ltd,0
Thailand-Chanthaburi,T-Man Pharmaceuticals Ltd,0
Thailand-Chanthaburi,T-Man Pharmaceuticals Ltd,0
Thailand-Nakhon Sawan,T-Man Pharmaceuticals Ltd,0
Thailand-Nakhon Sawan,T-Man Pharmaceuticals Ltd,0
Thailand-Nakhon Sawan,T-Man Pharmaceuticals Ltd,0
Thailand-Nakhon Sawan,T-Man Pharmaceuticals Ltd,0
Thailand-Nakhon Sawan,T-Man Pharmaceuticals Ltd,0
Thailand-Nakhon Sawan,T-Man Pharmaceuticals Ltd,0
Thailand-Nakhon Sawan,T-Man Pharmaceuticals Ltd,0
Thailand-Nakhon Sawan,T-Man Pharmaceuticals Ltd,0
Thailand-Nong Khai,T-Man Pharmaceuticals Ltd,0
Thailand-Nong Khai,T-Man Pharmaceuticals Ltd,0
Thailand-Nong Khai,T-Man Pharmaceuticals Ltd,0
Thailand-Ranong,T-Man Pharmaceuticals Ltd,0
Thailand-Sa Kaeo,T-Man Pharmaceuticals Ltd,0
Thailand-Sa Kaeo,T-Man Pharmaceuticals Ltd,0
Thailand-Sa Kaeo,T-Man Pharmaceuticals Ltd,0
Thailand-Sa Kaeo,T-Man Pharmaceuticals Ltd,0
Thailand-Sa Kaeo,T-Man Pharmaceuticals Ltd,0
Thailand-Sa Kaeo,T-Man Pharmaceuticals Ltd,0
Thailand-Sa Kaeo,T-Man Pharmaceuticals Ltd,0
Thailand-Sa Kaeo,T-Man Pharmaceuticals Ltd,0
Thailand-Sa Kaeo,T-Man Pharmaceuticals Ltd,0
Thailand-Sa Kaeo,T-Man Pharmaceuticals Ltd,0
Thailand-Sa Kaeo,T-Man Pharmaceuticals Ltd,0
Thailand-Sa Kaeo,T-Man Pharmaceuticals Ltd,0
Thailand-Sa Kaeo,T-Man Pharmaceuticals Ltd,0
Thailand-Sa Kaeo,T-Man Pharmaceuticals Ltd,0
Thailand-Saraburi,T-Man Pharmaceuticals Ltd,0
Thailand-Saraburi,T-Man Pharmaceuticals Ltd,0
Thailand-Saraburi,T-Man Pharmaceuticals Ltd,0
Thailand-Songkhla,T-Man Pharmaceuticals Ltd,0
Thailand-Songkhla,T-Man Pharmaceuticals Ltd,0
Thailand-Songkhla,T-Man Pharmaceuticals Ltd,0
Thailand-Songkhla,T-Man Pharmaceuticals Ltd,0
Thailand-Songkhla,T-Man Pharmaceuticals Ltd,0
Thailand-Songkhla,T-Man Pharmaceuticals Ltd,0
Thailand-Songkhla,T-Man Pharmaceuticals Ltd,0
Thailand-Songkhla,T-Man Pharmaceuticals Ltd,0
Thailand-Songkhla,T-Man Pharmaceuticals Ltd,0
Thailand-Songkhla,T-Man Pharmaceuticals Ltd,0
Thailand-Songkhla,T-Man Pharmaceuticals Ltd,0
Thailand-Songkhla,T-Man Pharmaceuticals Ltd,0
Thailand-Songkhla,T-Man Pharmaceuticals Ltd,0
Thailand-Songkhla,T-Man Pharmaceuticals Ltd,0
Thailand-Songkhla,T-Man Pharmaceuticals Ltd,0
Thailand-Songkhla,T-Man Pharmaceuticals Ltd,0
Thailand-Surat Thani ,T-Man Pharmaceuticals Ltd,0
Thailand-Surat Thani ,T-Man Pharmaceuticals Ltd,0
Thailand-Surat Thani ,T-Man Pharmaceuticals Ltd,0
Thailand-Surat Thani ,T-Man Pharmaceuticals Ltd,0
Thailand-Ubon Ratchathani,T-Man Pharmaceuticals Ltd,0
Thailand-Ubon Ratchathani,T-Man Pharmaceuticals Ltd,0
Thailand-Ubon Ratchathani,T-Man Pharmaceuticals Ltd,0
Thailand-Ubon Ratchathani,T-Man Pharmaceuticals Ltd,0
Thailand-Sa Kaeo,"T.C. Pharma-Chem Co., Ltd",0
Thailand-Sa Kaeo,"T.C. Pharma-Chem Co., Ltd",0
Thailand-Songkhla,"T.C. Pharma-Chem Co., Ltd",0
Thailand-Nakhon Sawan,"T.O. Pharma Co, Ltd",0
Thailand-Nakhon Sawan,"T.O. Pharma Co, Ltd",0
Thailand-Nakhon Sawan,"T.O. Pharma Co, Ltd",0
Thailand-Nakhon Sawan,"T.O. Pharma Co, Ltd",0
Thailand-Nakhon Sawan,"T.O. Pharma Co, Ltd",0
Thailand-Nakhon Sawan,"T.O. Pharma Co, Ltd",0
Thailand-Nakhon Sawan,"T.O. Pharma Co, Ltd",0
Thailand-Nakhon Sawan,"T.O. Pharma Co, Ltd",0
Thailand-Nakhon Sawan,"T.O. Pharma Co, Ltd",0
Thailand-Nakhon Sawan,"T.O. Pharma Co, Ltd",0
Thailand-Nakhon Sawan,"T.O. Pharma Co, Ltd",0
Thailand-Nakhon Sawan,"T.O. Pharma Co, Ltd",0
Thailand-Nakhon Sawan,"T.O. Pharma Co, Ltd",0
Thailand-Nakhon Sawan,"T.O. Pharma Co, Ltd",0
Thailand-Nong Khai,"T.O. Pharma Co, Ltd",0
Thailand-Nong Khai,"T.O. Pharma Co, Ltd",0
Thailand-Nong Khai,"T.O. Pharma Co, Ltd",0
Thailand-Nong Khai,"T.O. Pharma Co, Ltd",0
Thailand-Nong Khai,"T.O. Pharma Co, Ltd",0
Thailand-Nong Khai,"T.O. Pharma Co, Ltd",0
Thailand-Nong Khai,"T.O. Pharma Co, Ltd",0
Thailand-Saraburi,"T.O. Pharma Co, Ltd",0
Thailand-Saraburi,"T.O. Pharma Co, Ltd",0
Thailand-Saraburi,"T.O. Pharma Co, Ltd",0
Thailand-Saraburi,"T.O. Pharma Co, Ltd",0
Thailand-Saraburi,"T.O. Pharma Co, Ltd",0
Thailand-Saraburi,"T.O. Pharma Co, Ltd",0
Thailand-Saraburi,"T.O. Pharma Co, Ltd",0
Thailand-Saraburi,"T.O. Pharma Co, Ltd",0
Thailand-Songkhla,"T.O. Pharma Co, Ltd",0
Thailand-Songkhla,"T.O. Pharma Co, Ltd",0
Thailand-Songkhla,"T.O. Pharma Co, Ltd",0
Thailand-Songkhla,"T.O. Pharma Co, Ltd",0
Thailand-Songkhla,"T.O. Pharma Co, Ltd",0
Thailand-Songkhla,"T.O. Pharma Co, Ltd",0
Thailand-Songkhla,"T.O. Pharma Co, Ltd",0
Thailand-Songkhla,"T.O. Pharma Co, Ltd",0
Thailand-Songkhla,"T.O. Pharma Co, Ltd",0
Thailand-Songkhla,"T.O. Pharma Co, Ltd",0
Thailand-Songkhla,"T.O. Pharma Co, Ltd",0
Thailand-Songkhla,"T.O. Pharma Co, Ltd",0
Thailand-Surat Thani ,"T.O. Pharma Co, Ltd",0
Thailand-Surat Thani ,"T.O. Pharma Co, Ltd",0
Thailand-Surat Thani ,"T.O. Pharma Co, Ltd",0
Thailand-Surat Thani ,"T.O. Pharma Co, Ltd",0
Thailand-Surat Thani ,"T.O. Pharma Co, Ltd",0
Thailand-Surat Thani ,"T.O. Pharma Co, Ltd",0
Thailand-Surat Thani ,"T.O. Pharma Co, Ltd",0
Thailand-Tak,"T.O. Pharma Co, Ltd",0
Thailand-Tak,"T.O. Pharma Co, Ltd",0
Thailand-Tak,"T.O. Pharma Co, Ltd",0
Thailand-Ubon Ratchathani,"T.O. Pharma Co, Ltd",0
Thailand-Ubon Ratchathani,"T.O. Pharma Co, Ltd",0
Thailand-Kanchanaburi ,"T.P. Drug Co., Ltd",0
Thailand-Nong Khai,"T.P. Drug Co., Ltd",0
Thailand-Sa Kaeo,"T.P. Drug Co., Ltd",0
Thailand-Songkhla,"T.P. Drug Co., Ltd",0
Thailand-Tak,"T.P. Drug Co., Ltd",0
Thailand-Tak,"T.P. Drug Co., Ltd",0
Thailand-Tak,"T.P. Drug Co., Ltd",0
Thailand-Nong Khai,Thai Nakorn Patana Company Limited,0
Thailand-Nong Khai,Thai Nakorn Patana Company Limited,0
Thailand-Nong Khai,Thai Nakorn Patana Company Limited,0
Thailand-Songkhla,Thai Nakorn Patana Company Limited,0
Thailand-Songkhla,Thai Nakorn Patana Company Limited,0
Thailand-Surat Thani ,Thai Nakorn Patana Company Limited,0
Thailand-Ranong,"Thaipharmed Co., Ltd",0
Thailand-Songkhla,"Thaipharmed Co., Ltd",0
Thailand-Ranong,The British Dispensary,0
Thailand-Chanthaburi,The Government Pharmaceutical Organization,0
Thailand-Chanthaburi,The Government Pharmaceutical Organization,0
Thailand-Chanthaburi,The Government Pharmaceutical Organization,0
Thailand-Chanthaburi,The Government Pharmaceutical Organization,0
Thailand-Chanthaburi,The Government Pharmaceutical Organization,0
Thailand-Chanthaburi,The Government Pharmaceutical Organization,0
Thailand-Chanthaburi,The Government Pharmaceutical Organization,0
Thailand-Chanthaburi,The Government Pharmaceutical Organization,0
Thailand-Chanthaburi,The Government Pharmaceutical Organization,0
Thailand-Chanthaburi,The Government Pharmaceutical Organization,0
Thailand-Chanthaburi,The Government Pharmaceutical Organization,0
Thailand-Chanthaburi,The Government Pharmaceutical Organization,0
Thailand-Chanthaburi,The Government Pharmaceutical Organization,0
Thailand-Chanthaburi,The Government Pharmaceutical Organization,0
Thailand-Chanthaburi,The Government Pharmaceutical Organization,0
Thailand-Chanthaburi,The Government Pharmaceutical Organization,0
Thailand-Chanthaburi,The Government Pharmaceutical Organization,0
Thailand-Chanthaburi,The Government Pharmaceutical Organization,0
Thailand-Chanthaburi,The Government Pharmaceutical Organization,0
Thailand-Chanthaburi,The Government Pharmaceutical Organization,0
Thailand-Chanthaburi,The Government Pharmaceutical Organization,0
Thailand-Chanthaburi,The Government Pharmaceutical Organization,0
Thailand-Chanthaburi,The Government Pharmaceutical Organization,0
Thailand-Chanthaburi,The Government Pharmaceutical Organization,0
Thailand-Chanthaburi,The Government Pharmaceutical Organization,0
Thailand-Chanthaburi,The Government Pharmaceutical Organization,0
Thailand-Chanthaburi,The Government Pharmaceutical Organization,0
Thailand-Chanthaburi,The Government Pharmaceutical Organization,0
Thailand-Chanthaburi,The Government Pharmaceutical Organization,0
Thailand-Chanthaburi,The Government Pharmaceutical Organization,0
Thailand-Chanthaburi,The Government Pharmaceutical Organization,0
Thailand-Chanthaburi,The Government Pharmaceutical Organization,0
Thailand-Chanthaburi,The Government Pharmaceutical Organization,0
Thailand-Chanthaburi,The Government Pharmaceutical Organization,0
Thailand-Chanthaburi,The Government Pharmaceutical Organization,0
Thailand-Chanthaburi,The Government Pharmaceutical Organization,0
Thailand-Chanthaburi,The Government Pharmaceutical Organization,0
Thailand-Chiang Mai,The Government Pharmaceutical Organization,0
Thailand-Chiang Mai,The Government Pharmaceutical Organization,0
Thailand-Chiang Mai,The Government Pharmaceutical Organization,0
Thailand-Chiang Mai,The Government Pharmaceutical Organization,0
Thailand-Chiang Mai,The Government Pharmaceutical Organization,0
Thailand-Chiang Mai,The Government Pharmaceutical Organization,0
Thailand-Chiang Mai,The Government Pharmaceutical Organization,0
Thailand-Chiang Mai,The Government Pharmaceutical Organization,0
Thailand-Chiang Mai,The Government Pharmaceutical Organization,0
Thailand-Chiang Mai,The Government Pharmaceutical Organization,0
Thailand-Chiang Mai,The Government Pharmaceutical Organization,0
Thailand-Chiang Mai,The Government Pharmaceutical Organization,0
Thailand-Chiang Mai,The Government Pharmaceutical Organization,0
Thailand-Chiang Mai,The Government Pharmaceutical Organization,0
Thailand-Chiang Mai,The Government Pharmaceutical Organization,0
Thailand-Kanchanaburi ,The Government Pharmaceutical Organization,0
Thailand-Kanchanaburi ,The Government Pharmaceutical Organization,0
Thailand-Kanchanaburi ,The Government Pharmaceutical Organization,0
Thailand-Kanchanaburi ,The Government Pharmaceutical Organization,0
Thailand-Kanchanaburi ,The Government Pharmaceutical Organization,0
Thailand-Kanchanaburi ,The Government Pharmaceutical Organization,0
Thailand-Kanchanaburi ,The Government Pharmaceutical Organization,0
Thailand-Kanchanaburi ,The Government Pharmaceutical Organization,0
Thailand-Kanchanaburi ,The Government Pharmaceutical Organization,0
Thailand-Kanchanaburi ,The Government Pharmaceutical Organization,0
Thailand-Kanchanaburi ,The Government Pharmaceutical Organization,0
Thailand-Kanchanaburi ,The Government Pharmaceutical Organization,0
Thailand-Kanchanaburi ,The Government Pharmaceutical Organization,0
Thailand-Kanchanaburi ,The Government Pharmaceutical Organization,0
Thailand-Kanchanaburi ,The Government Pharmaceutical Organization,0
Thailand-Kanchanaburi ,The Government Pharmaceutical Organization,0
Thailand-Kanchanaburi ,The Government Pharmaceutical Organization,0
Thailand-Kanchanaburi ,The Government Pharmaceutical Organization,0
Thailand-Kanchanaburi ,The Government Pharmaceutical Organization,0
Thailand-Kanchanaburi ,The Government Pharmaceutical Organization,0
Thailand-Kanchanaburi ,The Government Pharmaceutical Organization,0
Thailand-Kanchanaburi ,The Government Pharmaceutical Organization,0
Thailand-Kanchanaburi ,The Government Pharmaceutical Organization,0
Thailand-Kanchanaburi ,The Government Pharmaceutical Organization,0
Thailand-Kanchanaburi ,The Government Pharmaceutical Organization,0
Thailand-Kanchanaburi ,The Government Pharmaceutical Organization,0
Thailand-Kanchanaburi ,The Government Pharmaceutical Organization,0
Thailand-Kanchanaburi ,The Government Pharmaceutical Organization,0
Thailand-Kanchanaburi ,The Government Pharmaceutical Organization,0
Thailand-Kanchanaburi ,The Government Pharmaceutical Organization,0
Thailand-Kanchanaburi ,The Government Pharmaceutical Organization,0
Thailand-Kanchanaburi ,The Government Pharmaceutical Organization,0
Thailand-Kanchanaburi ,The Government Pharmaceutical Organization,0
Thailand-Kanchanaburi ,The Government Pharmaceutical Organization,0
Thailand-Kanchanaburi ,The Government Pharmaceutical Organization,0
Thailand-Kanchanaburi ,The Government Pharmaceutical Organization,0
Thailand-Kanchanaburi ,The Government Pharmaceutical Organization,0
Thailand-Kanchanaburi ,The Government Pharmaceutical Organization,0
Thailand-Kanchanaburi ,The Government Pharmaceutical Organization,0
Thailand-Mae Hong Son,The Government Pharmaceutical Organization,0
Thailand-Mae Hong Son,The Government Pharmaceutical Organization,0
Thailand-Mae Hong Son,The Government Pharmaceutical Organization,0
Thailand-Mae Hong Son,The Government Pharmaceutical Organization,0
Thailand-Mae Hong Son,The Government Pharmaceutical Organization,0
Thailand-Mae Hong Son,The Government Pharmaceutical Organization,0
Thailand-Mae Hong Son,The Government Pharmaceutical Organization,0
Thailand-Mae Hong Son,The Government Pharmaceutical Organization,0
Thailand-Mae Hong Son,The Government Pharmaceutical Organization,0
Thailand-Mae Hong Son,The Government Pharmaceutical Organization,0
Thailand-Mae Hong Son,The Government Pharmaceutical Organization,0
Thailand-Mae Hong Son,The Government Pharmaceutical Organization,0
Thailand-Mae Hong Son,The Government Pharmaceutical Organization,0
Thailand-Mae Hong Son,The Government Pharmaceutical Organization,0
Thailand-Mae Hong Son,The Government Pharmaceutical Organization,0
Thailand-Mae Hong Son,The Government Pharmaceutical Organization,0
Thailand-Ranong,The Government Pharmaceutical Organization,0
Thailand-Ranong,The Government Pharmaceutical Organization,0
Thailand-Ranong,The Government Pharmaceutical Organization,0
Thailand-Ranong,The Government Pharmaceutical Organization,0
Thailand-Ranong,The Government Pharmaceutical Organization,0
Thailand-Ranong,The Government Pharmaceutical Organization,0
Thailand-Ranong,The Government Pharmaceutical Organization,0
Thailand-Ranong,The Government Pharmaceutical Organization,0
Thailand-Ranong,The Government Pharmaceutical Organization,0
Thailand-Ranong,The Government Pharmaceutical Organization,0
Thailand-Ranong,The Government Pharmaceutical Organization,0
Thailand-Ranong,The Government Pharmaceutical Organization,0
Thailand-Sa Kaeo,The Government Pharmaceutical Organization,0
Thailand-Sa Kaeo,The Government Pharmaceutical Organization,0
Thailand-Sa Kaeo,The Government Pharmaceutical Organization,0
Thailand-Sa Kaeo,The Government Pharmaceutical Organization,0
Thailand-Sa Kaeo,The Government Pharmaceutical Organization,0
Thailand-Sa Kaeo,The Government Pharmaceutical Organization,0
Thailand-Sa Kaeo,The Government Pharmaceutical Organization,0
Thailand-Sa Kaeo,The Government Pharmaceutical Organization,0
Thailand-Sa Kaeo,The Government Pharmaceutical Organization,0
Thailand-Sa Kaeo,The Government Pharmaceutical Organization,0
Thailand-Sa Kaeo,The Government Pharmaceutical Organization,0
Thailand-Sa Kaeo,The Government Pharmaceutical Organization,0
Thailand-Sa Kaeo,The Government Pharmaceutical Organization,0
Thailand-Sa Kaeo,The Government Pharmaceutical Organization,0
Thailand-Sa Kaeo,The Government Pharmaceutical Organization,0
Thailand-Sa Kaeo,The Government Pharmaceutical Organization,0
Thailand-Trat,The Government Pharmaceutical Organization,0
Thailand-Trat,The Government Pharmaceutical Organization,0
Thailand-Trat,The Government Pharmaceutical Organization,0
Thailand-Trat,The Government Pharmaceutical Organization,0
Thailand-Trat,The Government Pharmaceutical Organization,0
Thailand-Trat,The Government Pharmaceutical Organization,0
Thailand-Trat,The Government Pharmaceutical Organization,0
Thailand-Trat,The Government Pharmaceutical Organization,0
Thailand-Trat,The Government Pharmaceutical Organization,0
Thailand-Trat,The Government Pharmaceutical Organization,0
Thailand-Trat,The Government Pharmaceutical Organization,0
Thailand-Trat,The Government Pharmaceutical Organization,0
Thailand-Trat,The Government Pharmaceutical Organization,0
Thailand-Trat,The Government Pharmaceutical Organization,0
Thailand-Trat,The Government Pharmaceutical Organization,0
Thailand-Trat,The Government Pharmaceutical Organization,0
Thailand-Trat,The Government Pharmaceutical Organization,0
Thailand-Trat,The Government Pharmaceutical Organization,0
Thailand-Trat,The Government Pharmaceutical Organization,0
Thailand-Trat,The Government Pharmaceutical Organization,0
Thailand-Ranong,The GTO Thailand,0
Thailand-Mae Hong Son,"The Jawarad Co., Ltd",0
Thailand-Buriram,"The United Drug (1990) Co., Ltd",0
Thailand-Bangkok ,"The United Drug (1996) Co., Ltd",0
Thailand-Bangkok ,"The United Drug (1996) Co., Ltd",0
Thailand-Buriram,"The United Drug (1996) Co., Ltd",0
Thailand-Chanthaburi,"The United Drug (1996) Co., Ltd",0
Thailand-Chanthaburi,"The United Drug (1996) Co., Ltd",0
Thailand-Chanthaburi,"The United Drug (1996) Co., Ltd",0
Thailand-Chanthaburi,"The United Drug (1996) Co., Ltd",0
Thailand-Chanthaburi,"The United Drug (1996) Co., Ltd",0
Thailand-Chanthaburi,"The United Drug (1996) Co., Ltd",0
Thailand-Chanthaburi,"The United Drug (1996) Co., Ltd",0
Thailand-Chanthaburi,"The United Drug (1996) Co., Ltd",0
Thailand-Chanthaburi,"The United Drug (1996) Co., Ltd",0
Thailand-Chanthaburi,"The United Drug (1996) Co., Ltd",0
Thailand-Chanthaburi,"The United Drug (1996) Co., Ltd",0
Thailand-Chanthaburi,"The United Drug (1996) Co., Ltd",0
Thailand-Chanthaburi,"The United Drug (1996) Co., Ltd",0
Thailand-Chanthaburi,"The United Drug (1996) Co., Ltd",0
Thailand-Mae Hong Son,"The United Drug (1996) Co., Ltd",0
Thailand-Sa Kaeo,"The United Drug (1996) Co., Ltd",0
Thailand-Sa Kaeo,"The United Drug (1996) Co., Ltd",0
Thailand-Sa Kaeo,"The United Drug (1996) Co., Ltd",0
Thailand-Sa Kaeo,"The United Drug (1996) Co., Ltd",0
Thailand-Saraburi,"The United Drug (1996) Co., Ltd",0
Thailand-Saraburi,"The United Drug (1996) Co., Ltd",0
Thailand-Saraburi,"The United Drug (1996) Co., Ltd",0
Thailand-Songkhla,"The United Drug (1996) Co., Ltd",0
Thailand-Songkhla,"The United Drug (1996) Co., Ltd",0
Thailand-Songkhla,"The United Drug (1996) Co., Ltd",0
Thailand-Songkhla,"The United Drug (1996) Co., Ltd",0
Thailand-Surin,"The United Drug (1996) Co., Ltd",0
Thailand-Surin,"The United Drug (1996) Co., Ltd",0
Thailand-Trat,"The United Drug (1996) Co., Ltd",0
Thailand-Trat,"The United Drug (1996) Co., Ltd",0
Thailand-Trat,"The United Drug (1996) Co., Ltd",0
Thailand-Trat,"The United Drug (1996) Co., Ltd",0
Thailand-Trat,"The United Drug (1996) Co., Ltd",0
Thailand-Trat,"The United Drug (1996) Co., Ltd",0
Thailand-Ubon Ratchathani,"The United Drug (1996) Co., Ltd",0
Thailand-Mae Hong Son,Tougtong Pharmacy,0
Thailand-Surat Thani ,Ubison,0
Thailand-Saraburi,"Unilab Pharmaceutical Co., Ltd.",0
Thailand-Surat Thani ,"Unilab Pharmaceutical Co., Ltd.",0
Thailand-Nakhon Sawan,Union Drug Lab,0
Thailand-Saraburi,Union Drug Lab,0
Thailand-Saraburi,Union Drug Lab,0
Thailand-Saraburi,Union Drug Lab,0
Thailand-Saraburi,Union Drug Lab,0
Thailand-Songkhla,Union Drug Lab,0
Thailand-Surat Thani ,Union Drug Lab,0
Thailand-Surat Thani ,Union Drug Lab,0
Thailand-Kanchanaburi ,"Unison Laboratories Co., Ltd",0
Thailand-Nong Khai,"Unison Laboratories Co., Ltd",0
Thailand-Nong Khai,"Unison Laboratories Co., Ltd",0
Thailand-Nong Khai,"Unison Laboratories Co., Ltd",0
Thailand-Nong Khai,"Unison Laboratories Co., Ltd",0
Thailand-Nong Khai,"Unison Laboratories Co., Ltd",0
Thailand-Nong Khai,"Unison Laboratories Co., Ltd",0
Thailand-Nong Khai,"Unison Laboratories Co., Ltd",0
Thailand-Nong Khai,"Unison Laboratories Co., Ltd",0
Thailand-Nong Khai,"Unison Laboratories Co., Ltd",0
Thailand-Nong Khai,"Unison Laboratories Co., Ltd",0
Thailand-Nong Khai,"Unison Laboratories Co., Ltd",0
Thailand-Nong Khai,"Unison Laboratories Co., Ltd",0
Thailand-Saraburi,"Unison Laboratories Co., Ltd",0
Thailand-Songkhla,"Unison Laboratories Co., Ltd",0
Thailand-Songkhla,"Unison Laboratories Co., Ltd",0
Thailand-Songkhla,"Unison Laboratories Co., Ltd",0
Thailand-Songkhla,"Unison Laboratories Co., Ltd",0
Thailand-Buriram,Unknown,0
Thailand-Buriram,Unknown,0
Thailand-Chanthaburi,Unknown,0
Thailand-Kanchanaburi ,Unknown,0
Thailand-Kanchanaburi ,Unknown,0
Thailand-Kanchanaburi ,Unknown,0
Thailand-Kanchanaburi ,Unknown,0
Thailand-Kanchanaburi ,Unknown,0
Thailand-Kanchanaburi ,Unknown,0
Thailand-Kanchanaburi ,Unknown,0
Thailand-Kanchanaburi ,Unknown,0
Thailand-Kanchanaburi ,Unknown,0
Thailand-Kanchanaburi ,Unknown,0
Thailand-Kanchanaburi ,Unknown,0
Thailand-Kanchanaburi ,Unknown,0
Thailand-Kanchanaburi ,Unknown,0
Thailand-Kanchanaburi ,Unknown,0
Thailand-Kanchanaburi ,Unknown,0
Thailand-Kanchanaburi ,Unknown,0
Thailand-Kanchanaburi ,Unknown,0
Thailand-Kanchanaburi ,Unknown,0
Thailand-Kanchanaburi ,Unknown,0
Thailand-Kanchanaburi ,Unknown,0
Thailand-Kanchanaburi ,Unknown,0
Thailand-Kanchanaburi ,Unknown,0
Thailand-Kanchanaburi ,Unknown,0
Thailand-Kanchanaburi ,Unknown,0
Thailand-Kanchanaburi ,Unknown,0
Thailand-Kanchanaburi ,Unknown,0
Thailand-Kanchanaburi ,Unknown,0
Thailand-Kanchanaburi ,Unknown,0
Thailand-Kanchanaburi ,Unknown,0
Thailand-Kanchanaburi ,Unknown,0
Thailand-Kanchanaburi ,Unknown,0
Thailand-Kanchanaburi ,Unknown,0
Thailand-Kanchanaburi ,Unknown,0
Thailand-Kanchanaburi ,Unknown,0
Thailand-Kanchanaburi ,Unknown,0
Thailand-Kanchanaburi ,Unknown,0
Thailand-Kanchanaburi ,Unknown,0
Thailand-Kanchanaburi ,Unknown,0
Thailand-Kanchanaburi ,Unknown,0
Thailand-Kanchanaburi ,Unknown,0
Thailand-Kanchanaburi ,Unknown,0
Thailand-Kanchanaburi ,Unknown,0
Thailand-Kanchanaburi ,Unknown,0
Thailand-Kanchanaburi ,Unknown,0
Thailand-Kanchanaburi ,Unknown,0
Thailand-Kanchanaburi ,Unknown,0
Thailand-Kanchanaburi ,Unknown,0
Thailand-Kanchanaburi ,Unknown,0
Thailand-Kanchanaburi ,Unknown,0
Thailand-Kanchanaburi ,Unknown,0
Thailand-Kanchanaburi ,Unknown,0
Thailand-Kanchanaburi ,Unknown,0
Thailand-Kanchanaburi ,Unknown,0
Thailand-Kanchanaburi ,Unknown,0
Thailand-Kanchanaburi ,Unknown,0
Thailand-Kanchanaburi ,Unknown,0
Thailand-Kanchanaburi ,Unknown,0
Thailand-Kanchanaburi ,Unknown,0
Thailand-Kanchanaburi ,Unknown,0
Thailand-Kanchanaburi ,Unknown,0
Thailand-Kanchanaburi ,Unknown,0
Thailand-Kanchanaburi ,Unknown,0
Thailand-Kanchanaburi ,Unknown,0
Thailand-Kanchanaburi ,Unknown,0
Thailand-Kanchanaburi ,Unknown,0
Thailand-Kanchanaburi ,Unknown,0
Thailand-Kanchanaburi ,Unknown,0
Thailand-Kanchanaburi ,Unknown,0
Thailand-Kanchanaburi ,Unknown,0
Thailand-Kanchanaburi ,Unknown,0
Thailand-Kanchanaburi ,Unknown,0
Thailand-Kanchanaburi ,Unknown,0
Thailand-Kanchanaburi ,Unknown,0
Thailand-Kanchanaburi ,Unknown,0
Thailand-Kanchanaburi ,Unknown,0
Thailand-Kanchanaburi ,Unknown,0
Thailand-Kanchanaburi ,Unknown,0
Thailand-Kanchanaburi ,Unknown,0
Thailand-Kanchanaburi ,Unknown,0
Thailand-Kanchanaburi ,Unknown,0
Thailand-Kanchanaburi ,Unknown,0
Thailand-Kanchanaburi ,Unknown,0
Thailand-Kanchanaburi ,Unknown,0
Thailand-Kanchanaburi ,Unknown,0
Thailand-Kanchanaburi ,Unknown,0
Thailand-Kanchanaburi ,Unknown,0
Thailand-Kanchanaburi ,Unknown,0
Thailand-Kanchanaburi ,Unknown,0
Thailand-Kanchanaburi ,Unknown,0
Thailand-Kanchanaburi ,Unknown,0
Thailand-Kanchanaburi ,Unknown,0
Thailand-Kanchanaburi ,Unknown,0
Thailand-Kanchanaburi ,Unknown,0
Thailand-Kanchanaburi ,Unknown,0
Thailand-Kanchanaburi ,Unknown,0
Thailand-Kanchanaburi ,Unknown,0
Thailand-Kanchanaburi ,Unknown,0
Thailand-Kanchanaburi ,Unknown,0
Thailand-Kanchanaburi ,Unknown,0
Thailand-Kanchanaburi ,Unknown,0
Thailand-Kanchanaburi ,Unknown,0
Thailand-Kanchanaburi ,Unknown,0
Thailand-Kanchanaburi ,Unknown,0
Thailand-Kanchanaburi ,Unknown,0
Thailand-Kanchanaburi ,Unknown,0
Thailand-Kanchanaburi ,Unknown,0
Thailand-Kanchanaburi ,Unknown,0
Thailand-Kanchanaburi ,Unknown,0
Thailand-Kanchanaburi ,Unknown,0
Thailand-Kanchanaburi ,Unknown,0
Thailand-Kanchanaburi ,Unknown,0
Thailand-Kanchanaburi ,Unknown,0
Thailand-Kanchanaburi ,Unknown,0
Thailand-Kanchanaburi ,Unknown,0
Thailand-Kanchanaburi ,Unknown,0
Thailand-Kanchanaburi ,Unknown,0
Thailand-Kanchanaburi ,Unknown,0
Thailand-Kanchanaburi ,Unknown,0
Thailand-Kanchanaburi ,Unknown,0
Thailand-Kanchanaburi ,Unknown,0
Thailand-Kanchanaburi ,Unknown,0
Thailand-Kanchanaburi ,Unknown,0
Thailand-Kanchanaburi ,Unknown,0
Thailand-Kanchanaburi ,Unknown,0
Thailand-Kanchanaburi ,Unknown,0
Thailand-Kanchanaburi ,Unknown,0
Thailand-Kanchanaburi ,Unknown,0
Thailand-Kanchanaburi ,Unknown,0
Thailand-Kanchanaburi ,Unknown,0
Thailand-Kanchanaburi ,Unknown,0
Thailand-Kanchanaburi ,Unknown,0
Thailand-Kanchanaburi ,Unknown,0
Thailand-Kanchanaburi ,Unknown,0
Thailand-Kanchanaburi ,Unknown,0
Thailand-Kanchanaburi ,Unknown,0
Thailand-Kanchanaburi ,Unknown,0
Thailand-Kanchanaburi ,Unknown,0
Thailand-Kanchanaburi ,Unknown,0
Thailand-Kanchanaburi ,Unknown,0
Thailand-Kanchanaburi ,Unknown,0
Thailand-Kanchanaburi ,Unknown,0
Thailand-Kanchanaburi ,Unknown,0
Thailand-Kanchanaburi ,Unknown,0
Thailand-Kanchanaburi ,Unknown,0
Thailand-Kanchanaburi ,Unknown,0
Thailand-Kanchanaburi ,Unknown,0
Thailand-Kanchanaburi ,Unknown,0
Thailand-Kanchanaburi ,Unknown,0
Thailand-Kanchanaburi ,Unknown,0
Thailand-Kanchanaburi ,Unknown,0
Thailand-Kanchanaburi ,Unknown,0
Thailand-Kanchanaburi ,Unknown,0
Thailand-Kanchanaburi ,Unknown,0
Thailand-Kanchanaburi ,Unknown,0
Thailand-Kanchanaburi ,Unknown,0
Thailand-Kanchanaburi ,Unknown,0
Thailand-Kanchanaburi ,Unknown,0
Thailand-Kanchanaburi ,Unknown,0
Thailand-Kanchanaburi ,Unknown,0
Thailand-Kanchanaburi ,Unknown,0
Thailand-Kanchanaburi ,Unknown,0
Thailand-Kanchanaburi ,Unknown,0
Thailand-Kanchanaburi ,Unknown,0
Thailand-Kanchanaburi ,Unknown,0
Thailand-Kanchanaburi ,Unknown,0
Thailand-Kanchanaburi ,Unknown,0
Thailand-Kanchanaburi ,Unknown,0
Thailand-Kanchanaburi ,Unknown,0
Thailand-Kanchanaburi ,Unknown,0
Thailand-Kanchanaburi ,Unknown,0
Thailand-Kanchanaburi ,Unknown,0
Thailand-Kanchanaburi ,Unknown,0
Thailand-Kanchanaburi ,Unknown,0
Thailand-Kanchanaburi ,Unknown,0
Thailand-Kanchanaburi ,Unknown,0
Thailand-Kanchanaburi ,Unknown,0
Thailand-Kanchanaburi ,Unknown,0
Thailand-Kanchanaburi ,Unknown,0
Thailand-Kanchanaburi ,Unknown,0
Thailand-Kanchanaburi ,Unknown,0
Thailand-Kanchanaburi ,Unknown,0
Thailand-Nong Khai,Unknown,0
Thailand-Nong Khai,Unknown,0
Thailand-Sa Kaeo,Unknown,0
Thailand-Sa Kaeo,Unknown,0
Thailand-Sa Kaeo,Unknown,0
Thailand-Saraburi,Unknown,0
Thailand-Saraburi,Unknown,0
Thailand-Saraburi,Unknown,0
Thailand-Sisaket,Unknown,0
Thailand-Sisaket,Unknown,0
Thailand-Sisaket,Unknown,0
Thailand-Sisaket,Unknown,0
Thailand-Sisaket,Unknown,0
Thailand-Sisaket,Unknown,0
Thailand-Sisaket,Unknown,0
Thailand-Songkhla,Unknown,0
Thailand-Surin,Unknown,0
Thailand-Surin,Unknown,0
Thailand-Surin,Unknown,0
Thailand-Tak,Unknown,0
Thailand-Tak,Unknown,0
Thailand-Tak,Unknown,0
Thailand-Tak,Unknown,0
Thailand-Tak,Unknown,0
Thailand-Tak,Unknown,0
Thailand-Tak,Unknown,0
Thailand-Tak,Unknown,0
Thailand-Tak,Unknown,0
Thailand-Tak,Unknown,0
Thailand-Trat,Unknown,0
Thailand-Trat,Unknown,0
Thailand-Ubon Ratchathani,Unknown,0
Thailand-Ubon Ratchathani,Unknown,0
Thailand-Ubon Ratchathani,Unknown,0
Thailand-Ubon Ratchathani,Unknown,0
Thailand-Ubon Ratchathani,Unknown,0
Thailand-Ubon Ratchathani,Unknown,0
Thailand-Ubon Ratchathani,Unknown,0
Thailand-Ubon Ratchathani,Unknown,0
Thailand-Ubon Ratchathani,Unknown,0
Thailand-Ubon Ratchathani,Unknown,0
Thailand-Ubon Ratchathani,Unknown,0
Thailand-Ubon Ratchathani,Unknown,0
Thailand-Ubon Ratchathani,Unknown,0
Thailand-Ubon Ratchathani,Unknown,0
Thailand-Ubon Ratchathani,Unknown,0
Thailand-Ubon Ratchathani,Unknown,0
Thailand-Ubon Ratchathani,Unknown,0
Thailand-Ubon Ratchathani,Unknown,0
Thailand-Ubon Ratchathani,Unknown,0
Thailand-Ubon Ratchathani,Unknown,0
Thailand-Ubon Ratchathani,Unknown,0
Thailand-Ubon Ratchathani,Unknown,0
Thailand-Ubon Ratchathani,Unknown,0
Thailand-Ubon Ratchathani,Unknown,0
Thailand-Ubon Ratchathani,Unknown,0
Thailand-Ubon Ratchathani,Unknown,0
Thailand-Ubon Ratchathani,Unknown,0
Thailand-Ubon Ratchathani,Unknown,0
Thailand-Ubon Ratchathani,Unknown,0
Thailand-Ubon Ratchathani,Unknown,0
Thailand-Ubon Ratchathani,Unknown,0
Thailand-Ubon Ratchathani,Unknown,0
Thailand-Ubon Ratchathani,Unknown,0
Thailand-Ubon Ratchathani,Unknown,0
Thailand-Ubon Ratchathani,Unknown,0
Thailand-Ubon Ratchathani,Unknown,0
Thailand-Ubon Ratchathani,Unknown,0
Thailand-Bangkok ,Utopian Company Ltd,0
Thailand-Bangkok ,Utopian Company Ltd,0
Thailand-Chanthaburi,Utopian Company Ltd,0
Thailand-Chanthaburi,Utopian Company Ltd,0
Thailand-Chanthaburi,Utopian Company Ltd,0
Thailand-Chanthaburi,Utopian Company Ltd,0
Thailand-Chanthaburi,Utopian Company Ltd,0
Thailand-Chanthaburi,Utopian Company Ltd,0
Thailand-Chanthaburi,Utopian Company Ltd,0
Thailand-Chanthaburi,Utopian Company Ltd,0
Thailand-Chanthaburi,Utopian Company Ltd,0
Thailand-Chanthaburi,Utopian Company Ltd,0
Thailand-Chanthaburi,Utopian Company Ltd,0
Thailand-Chanthaburi,Utopian Company Ltd,0
Thailand-Chanthaburi,Utopian Company Ltd,0
Thailand-Chanthaburi,Utopian Company Ltd,0
Thailand-Chanthaburi,Utopian Company Ltd,0
Thailand-Chanthaburi,Utopian Company Ltd,0
Thailand-Chanthaburi,Utopian Company Ltd,0
Thailand-Chanthaburi,Utopian Company Ltd,0
Thailand-Chanthaburi,Utopian Company Ltd,0
Thailand-Chiang Mai,Utopian Company Ltd,0
Thailand-Chiang Mai,Utopian Company Ltd,0
Thailand-Kanchanaburi ,Utopian Company Ltd,0
Thailand-Kanchanaburi ,Utopian Company Ltd,0
Thailand-Kanchanaburi ,Utopian Company Ltd,0
Thailand-Kanchanaburi ,Utopian Company Ltd,0
Thailand-Mae Hong Son,Utopian Company Ltd,0
Thailand-Mae Hong Son,Utopian Company Ltd,0
Thailand-Mae Hong Son,Utopian Company Ltd,0
Thailand-Mae Hong Son,Utopian Company Ltd,0
Thailand-Nakhon Sawan,Utopian Company Ltd,0
Thailand-Nakhon Sawan,Utopian Company Ltd,0
Thailand-Nakhon Sawan,Utopian Company Ltd,0
Thailand-Nakhon Sawan,Utopian Company Ltd,0
Thailand-Nakhon Sawan,Utopian Company Ltd,0
Thailand-Nong Khai,Utopian Company Ltd,0
Thailand-Sa Kaeo,Utopian Company Ltd,0
Thailand-Sa Kaeo,Utopian Company Ltd,0
Thailand-Sa Kaeo,Utopian Company Ltd,0
Thailand-Sa Kaeo,Utopian Company Ltd,0
Thailand-Sa Kaeo,Utopian Company Ltd,0
Thailand-Sa Kaeo,Utopian Company Ltd,0
Thailand-Sa Kaeo,Utopian Company Ltd,0
Thailand-Sa Kaeo,Utopian Company Ltd,0
Thailand-Songkhla,Utopian Company Ltd,0
Thailand-Songkhla,Utopian Company Ltd,0
Thailand-Songkhla,Utopian Company Ltd,0
Thailand-Songkhla,Utopian Company Ltd,0
Thailand-Songkhla,Utopian Company Ltd,0
Thailand-Songkhla,Utopian Company Ltd,0
Thailand-Songkhla,Utopian Company Ltd,0
Thailand-Songkhla,Utopian Company Ltd,0
Thailand-Songkhla,Utopian Company Ltd,0
Thailand-Songkhla,Utopian Company Ltd,0
Thailand-Songkhla,Utopian Company Ltd,0
Thailand-Surin,Utopian Company Ltd,0
Thailand-Trat,Utopian Company Ltd,0
Thailand-Trat,Utopian Company Ltd,0
Thailand-Chanthaburi,"V.S. Pharma Co., Ltd",0
Thailand-Kanchanaburi ,"V.S. Pharma Co., Ltd",0
Thailand-Kanchanaburi ,"V.S. Pharma Co., Ltd",0
Thailand-Buriram,Vesco Pharmaceutical Ltd Part,0
Thailand-Chanthaburi,Vesco Pharmaceutical Ltd Part,0
Thailand-Chanthaburi,Vesco Pharmaceutical Ltd Part,0
Thailand-Chanthaburi,Vesco Pharmaceutical Ltd Part,0
Thailand-Chiang Mai,Vesco Pharmaceutical Ltd Part,0
Thailand-Kanchanaburi ,Vesco Pharmaceutical Ltd Part,0
Thailand-Mae Hong Son,Vesco Pharmaceutical Ltd Part,0
Thailand-Mae Hong Son,Vesco Pharmaceutical Ltd Part,0
Thailand-Nakhon Sawan,Vesco Pharmaceutical Ltd Part,0
Thailand-Nakhon Sawan,Vesco Pharmaceutical Ltd Part,0
Thailand-Ranong,Vesco Pharmaceutical Ltd Part,0
Thailand-Sa Kaeo,Vesco Pharmaceutical Ltd Part,0
Thailand-Sa Kaeo,Vesco Pharmaceutical Ltd Part,0
Thailand-Sa Kaeo,Vesco Pharmaceutical Ltd Part,0
Thailand-Surin,Vesco Pharmaceutical Ltd Part,0
Thailand-Surin,Vesco Pharmaceutical Ltd Part,0
Thailand-Surin,Vesco Pharmaceutical Ltd Part,0
Thailand-Trat,Vesco Pharmaceutical Ltd Part,0
Thailand-Trat,Vesco Pharmaceutical Ltd Part,0
Thailand-Trat,Vesco Pharmaceutical Ltd Part,0
Thailand-Trat,Vesco Pharmaceutical Ltd Part,0
Thailand-Trat,Vesco Pharmaceutical Ltd Part,0
Thailand-Trat,Vesco Pharmaceutical Ltd Part,0
Thailand-Trat,Vesco Pharmaceutical Ltd Part,0
Thailand-Trat,Vesco Pharmaceutical Ltd Part,0
Thailand-Trat,Vesco Pharmaceutical Ltd Part,0
Thailand-Trat,Vesco Pharmaceutical Ltd Part,0
Thailand-Trat,Vesco Pharmaceutical Ltd Part,0
Thailand-Trat,Vesco Pharmaceutical Ltd Part,0
Thailand-Trat,Vesco Pharmaceutical Ltd Part,0
Thailand-Trat,Vesco Pharmaceutical Ltd Part,0
Thailand-Trat,Vesco Pharmaceutical Ltd Part,0
Thailand-Bangkok ,Weatsgo Pharma,0
Thailand-Chanthaburi,Wellgo Pharmaceutical,0
Thailand-Chanthaburi,Wellgo Pharmaceutical,0
Thailand-Chanthaburi,Wellgo Pharmaceutical,0
Thailand-Mae Hong Son,Wellgo Pharmaceutical,0
Thailand-Mae Hong Son,Wellgo Pharmaceutical,0
Thailand-Trat,"Wesgo Pharmacutical Co., Ltd",0
Thailand-Sa Kaeo,Yoawaratch Ltd,0
Thailand-Surat Thani ,Yoawaratch Ltd,0
Thailand-Ubon Ratchathani,Yoawaratch Ltd,0
Thailand-Tak,?????,0
Thailand-Tak,??????,0
Thailand-Saraburi,???????,0
Thailand-Tak,??????????,0
Thailand-Nong Khai,???? ??? ?????,0
Thailand-Saraburi,?.?????????????? ??.,0
Thailand-Saraburi,?.??????????? ??.,0
Thailand-Tak,???????????????,0
Thailand-Tak,????????????????,0
Thailand-Tak,????????????????,0
Thailand-Tak,?????????,0
Thailand-Tak,?????????,0
Thailand-Tak,?????????,0
Thailand-Tak,?????????,0
Thailand-Tak,?????????,0
Thailand-Tak,??????????,0
Thailand-Nong Khai,???.????????????,0
Thailand-Nong Khai,???.????????????,0
